company,ticker,source_id,local_filename,page_or_section,matched_keyword,stage,surrounding_context,provisional_classification,confidence,reason,possible_extraction_artifact
Barclays,BARC,,BARC_company_annual_report_current_fy2025_2025.pdf,p.6,AI,B,"arkets, including facilitating commerce and investment through the UK-US investment corridor. As we have seen through 2025 with rapid advances in AI, technology continues to be a major force of change in the global economy, bringing both opportunity and risk. Barclays is adopting AI responsibly",uncertain,low,Stage B broader-recall term 'AI' matched only; broader AI/automation terms are never auto-classified as generative AI and need further reading to confirm relevance.,no
Barclays,BARC,,BARC_company_annual_report_current_fy2025_2025.pdf,p.7,AI,B,"strategic sites in India, Delaware, and Glasgow. We all visited the West Coast of America to deepen our grasp of the culture of change driving the AI revolution. Such engagement continues to prove invaluable to our oversight of Barclays’ strategy, and ensuring the organisation’s preparedness, di",uncertain,low,Stage B broader-recall term 'AI' matched only; broader AI/automation terms are never auto-classified as generative AI and need further reading to confirm relevance.,no
Barclays,BARC,,BARC_company_annual_report_current_fy2025_2025.pdf,p.9,AI,B,"- quality products to our customers with compelling service quality. Across the Group, we are investing in advanced technology, data analytics and AI, improving operational efficiency and customer service. At the same time, we are modernising our core platforms to simplify and strengthen busines",uncertain,low,Stage B broader-recall term 'AI' matched only; broader AI/automation terms are never auto-classified as generative AI and need further reading to confirm relevance.,no
Barclays,BARC,,BARC_company_annual_report_current_fy2025_2025.pdf,p.11,AI,B,• Focus on defence spending Climate • Energy transition and security • Changing climate cycles and associated physical risks Technology • Adoption of AI and increasing cyber security threats • Customer expectations regarding digital experience and resilience • Traction of crypto and digital assets Re,uncertain,low,Stage B broader-recall term 'AI' matched only; broader AI/automation terms are never auto-classified as generative AI and need further reading to confirm relevance.,no
Barclays,BARC,,BARC_company_annual_report_current_fy2025_2025.pdf,p.12,AI,B,"rand equity instils trust, lowers the cost of acquiring customers and clients, and helps retain them for longer. Technology and infrastructure Our AI-enabled technology and infrastructure capabilities enhance customer experience and support strong resilience. Operations and governance Our risk",uncertain,low,Stage B broader-recall term 'AI' matched only; broader AI/automation terms are never auto-classified as generative AI and need further reading to confirm relevance.,no
Barclays,BARC,,BARC_company_annual_report_current_fy2025_2025.pdf,p.13,Copilot,A,"lients, while strengthening our resiliency and reducing complexity and cost. Empowering our colleagues Our teams have access to modern tools like Copilot and the Barclays AI platform to help them make better decisions, collaborate more effectively across regions and focus on higher value activities.",likely_genai,medium,"Stage A high-precision generative-AI term 'Copilot' matched; still requires human confirmation of is_genai, deployment_stage and evidence_strength.",no
Barclays,BARC,,BARC_company_annual_report_current_fy2025_2025.pdf,p.13,Copilot,A,"bility, scalability and the control needed for future growth, underpinning our data, AI and digital- platform capabilities. AI for colleagues M365 Copilot is Microsoft's AI-powered assistant and we have c.100,000 licences for colleagues across the bank to help improve productivity and encourage inn",likely_genai,medium,"Stage A high-precision generative-AI term 'Copilot' matched; still requires human confirmation of is_genai, deployment_stage and evidence_strength.",no
Barclays,BARC,,BARC_company_annual_report_current_fy2025_2025.pdf,p.13,AI,B,"started without delay, stronger fraud protection to keep accounts safe, and richer market insights to help businesses grow. Technology, including AI, is enabling us to deliver seamless, connected services that anticipate customer and client needs and provide faster, more personalised, more intu",uncertain,low,Stage B broader-recall term 'AI' matched only; broader AI/automation terms are never auto-classified as generative AI and need further reading to confirm relevance.,no
Barclays,BARC,,BARC_company_annual_report_current_fy2025_2025.pdf,p.13,AI,B,"hips We’re working with leading technology partners, including Amazon Web Services, Microsoft, GitLab and Databricks, to harness data, digital and AI. These collaborations also shape thinking on AI, innovation and industry standards; for example, in November 2025 Barclays was recognised as one",uncertain,low,Stage B broader-recall term 'AI' matched only; broader AI/automation terms are never auto-classified as generative AI and need further reading to confirm relevance.,no
Barclays,BARC,,BARC_company_annual_report_current_fy2025_2025.pdf,p.13,AI,B,ognised as one of the inaugural Frontier Firms – an initiative by Harvard Business School and Microsoft that brings together organisations putting AI at the heart of their transformation strategy. Strategic report Shareholder information Climate and sustainability report Governance Risk revi,uncertain,low,Stage B broader-recall term 'AI' matched only; broader AI/automation terms are never auto-classified as generative AI and need further reading to confirm relevance.,no
Barclays,BARC,,BARC_company_annual_report_current_fy2025_2025.pdf,p.13,AI,B,"ion Climate and sustainability report Governance Risk review Financial review Financial statements Barclays PLC Annual Report 2025 12 Technology AI Help Hub Assistant In Barclays UK, our newly introduced AI- powered Help Hub Assistant supports colleagues in delivering exceptional customer serv",uncertain,low,Stage B broader-recall term 'AI' matched only; broader AI/automation terms are never auto-classified as generative AI and need further reading to confirm relevance.,no
Barclays,BARC,,BARC_company_annual_report_current_fy2025_2025.pdf,p.13,AI,B,",000 licences for colleagues across the bank to help improve productivity and encourage innovation. In addition, we’re investing in our Barclays AI platform, which provides a common set of services for the responsible development, deployment and operation of AI solutions. AI for engineers Thro",uncertain,low,Stage B broader-recall term 'AI' matched only; broader AI/automation terms are never auto-classified as generative AI and need further reading to confirm relevance.,no
Barclays,BARC,,BARC_company_annual_report_current_fy2025_2025.pdf,p.13,AI,B,"t of services for the responsible development, deployment and operation of AI solutions. AI for engineers Through our partnerships we’re embracing AI across our software development tools to enable developers to plan, develop and deploy new technologies at pace and responsibly. Across Barclays,",uncertain,low,Stage B broader-recall term 'AI' matched only; broader AI/automation terms are never auto-classified as generative AI and need further reading to confirm relevance.,no
Barclays,BARC,,BARC_company_annual_report_current_fy2025_2025.pdf,p.13,AI,B,"ools to enable developers to plan, develop and deploy new technologies at pace and responsibly. Across Barclays, 19,000 developers have access to AI tools, with early-stage adoption already delivering productivity gains of c.15%. Technology is at the heart of Barclays’ ambition to be Simpler, B",uncertain,low,Stage B broader-recall term 'AI' matched only; broader AI/automation terms are never auto-classified as generative AI and need further reading to confirm relevance.,no
Barclays,BARC,,BARC_company_annual_report_current_fy2025_2025.pdf,p.14,AI,B,"l review Financial statements Barclays PLC Annual Report 2025 13 Our plan and targets Simpler Simpler business Five focused businesses Digital and AI enabling revenue growth and efficiencies Simpler organisation Standardised, modernised, harmonised processes Simpler operations Resilient, reliabl",uncertain,low,Stage B broader-recall term 'AI' matched only; broader AI/automation terms are never auto-classified as generative AI and need further reading to confirm relevance.,no
Barclays,BARC,,BARC_company_annual_report_current_fy2025_2025.pdf,p.18,AI,B,"continue to enhance how customers interact with us, making banking simpler and more intuitive across personal and business channels. Technology, AI and innovation will play a key role, helping us to streamline processes, strengthen resilience, offer a better experience on our digital channels",uncertain,low,Stage B broader-recall term 'AI' matched only; broader AI/automation terms are never auto-classified as generative AI and need further reading to confirm relevance.,no
Barclays,BARC,,BARC_company_annual_report_current_fy2025_2025.pdf,p.21,AI,B,"ts, their families and the next generation. In 2025, financial markets witnessed trade and geopolitical volatility, and strong tailwinds driven by AI – investors looked to take advantage of volatility spikes while diversifying risk. For PBWM, this led to strong transactional activity supported",uncertain,low,Stage B broader-recall term 'AI' matched only; broader AI/automation terms are never auto-classified as generative AI and need further reading to confirm relevance.,no
Barclays,BARC,,BARC_company_annual_report_current_fy2025_2025.pdf,p.22,generative AI,A,"client experience, focusing on our digital capabilities, as well as further expanding our credit proposition. We're investing in productivity and generative AI (GenAI) capabilities that support our front-line colleagues so they can spend more time with clients. We plan to expand our international business",likely_genai,medium,"Stage A high-precision generative-AI term 'generative AI' matched; still requires human confirmation of is_genai, deployment_stage and evidence_strength.",no
Barclays,BARC,,BARC_company_annual_report_current_fy2025_2025.pdf,p.22,automation,B,"g 2026. Underpinning all of our strategic ambitions is a continued focus on improving our risk and control resilience, including by increasing our automation levels. Looking ahead Within UK Digital Investing, we're committed to delivering an integrated digital SIPP (Self- Invested Personal Pension). Foll",uncertain,low,Stage B broader-recall term 'automation' matched only; broader AI/automation terms are never auto-classified as generative AI and need further reading to confirm relevance.,no
Barclays,BARC,,BARC_company_annual_report_current_fy2025_2025.pdf,p.23,GenAI,A,"d on disciplined client management, capital deployment, and technology enhancements to improve client experience, such as BARXBot, a client-facing GenAI chatbot that automates how colleagues in Global Markets handle Requests for Quotes (RFQs) for clients. Notes: 1 Top 5 market share as defined in",likely_genai,medium,"Stage A high-precision generative-AI term 'GenAI' matched; still requires human confirmation of is_genai, deployment_stage and evidence_strength.",no
Barclays,BARC,,BARC_company_annual_report_current_fy2025_2025.pdf,p.24,AI,B,"ine, focused execution, capital nimbleness and operational efficiency. We’re also streamlining operations, reducing legacy systems, and leveraging AI to scale and innovate. We plan to achieve this through low single-digit compound annual income growth combined with disciplined cost management, d",uncertain,low,Stage B broader-recall term 'AI' matched only; broader AI/automation terms are never auto-classified as generative AI and need further reading to confirm relevance.,no
Barclays,BARC,,BARC_company_annual_report_current_fy2025_2025.pdf,p.25,AI,B,"ates of deposits. Focus areas • Scaling and diversifying by growing existing partnerships and winning new partners. • Investing in digitisation and AI to deliver enhanced customer experiences and operational efficiencies. • Improving net interest margin by optimising pricing and credit mix, while",uncertain,low,Stage B broader-recall term 'AI' matched only; broader AI/automation terms are never auto-classified as generative AI and need further reading to confirm relevance.,no
Barclays,BARC,,BARC_company_annual_report_current_fy2025_2025.pdf,p.26,AI,B,"isitions as appropriate and accelerate USCB's diversification through the Best Egg acquisition. We're embracing the latest technologies, such as AI and agile scalable platforms, to drive greater efficiency and deliver better experiences for our customers. We continue to enhance our digital cap",uncertain,low,Stage B broader-recall term 'AI' matched only; broader AI/automation terms are never auto-classified as generative AI and need further reading to confirm relevance.,no
Barclays,BARC,,BARC_company_annual_report_current_fy2025_2025.pdf,p.29,AI,B,"se, knowledge and capabilities they're looking for. We continue to invest in technology to improve client experience. BARXBot, our newly launched AI-powered assistant, is integrated with internal and external applications. It displays real-time quotes and pricing in the bank’s trading platform –",uncertain,low,Stage B broader-recall term 'AI' matched only; broader AI/automation terms are never auto-classified as generative AI and need further reading to confirm relevance.,no
Barclays,BARC,,BARC_company_annual_report_current_fy2025_2025.pdf,p.29,AI,B,"ects and analyses insights, while cross-functional data analysis and benchmarking help us deliver world- class experiences. Our contact centre uses AI to summarise customer conversations resulting in improved accuracy and reduced average call handle time. In 2025, US Consumer Bank embedded a cu",uncertain,low,Stage B broader-recall term 'AI' matched only; broader AI/automation terms are never auto-classified as generative AI and need further reading to confirm relevance.,no
Barclays,BARC,,BARC_company_annual_report_current_fy2025_2025.pdf,p.42,AI,B,"ng environment is robust and resilient and to facilitate the delivery of customer-centric outcomes, responsibly embracing artificial intelligence (AI) and other new technologies in support of this. Throughout 2025, the Board has had close oversight of management’s ongoing work in this area, inc",uncertain,low,Stage B broader-recall term 'AI' matched only; broader AI/automation terms are never auto-classified as generative AI and need further reading to confirm relevance.,no
Barclays,BARC,,BARC_company_annual_report_current_fy2025_2025.pdf,p.43,AI,B,"n, the BBUKPLC Chair and the Chair of the Board Audit Committee, visited India to meet with colleagues working on automation (including the use of AI responsibly) and digitisation of customer journeys to see end-to-end how processes are designed with a customer mindset. Reflective of this, the",uncertain,low,Stage B broader-recall term 'AI' matched only; broader AI/automation terms are never auto-classified as generative AI and need further reading to confirm relevance.,no
Barclays,BARC,,BARC_company_annual_report_current_fy2025_2025.pdf,p.43,AI,B,"ork to enhance Barclays' cybersecurity capabilities and drive long-term resilience and, through the work of the Board Risk Committee, explored the AI threat landscape. The Board has continued to critically assess the risks associated with technology and digital transformation, including cybersec",uncertain,low,Stage B broader-recall term 'AI' matched only; broader AI/automation terms are never auto-classified as generative AI and need further reading to confirm relevance.,no
Barclays,BARC,,BARC_company_annual_report_current_fy2025_2025.pdf,p.44,AI,B,"ents and shareholders, to continue to invest to improve customers' experience and deepen relationships, while harnessing new technology, including AI, to improve efficiency and build segment-leading businesses and drive further growth. This was reflected in the Board overseeing and approving ne",uncertain,low,Stage B broader-recall term 'AI' matched only; broader AI/automation terms are never auto-classified as generative AI and need further reading to confirm relevance.,no
Barclays,BARC,,BARC_company_annual_report_current_fy2025_2025.pdf,p.62,artificial intelligence,B,"lures or operational disruptions and any subsequent impact on the Group’s reputation, business or operations; the use of new technology, including artificial intelligence; the Group’s ability to access funding; and the success of acquisitions, disposals, joint ventures and other strategic transactions. A number of t",uncertain,low,Stage B broader-recall term 'artificial intelligence' matched only; broader AI/automation terms are never auto-classified as generative AI and need further reading to confirm relevance.,no
Barclays,BARC,,BARC_company_annual_report_current_fy2025_2025.pdf,p.75,AI,B,"ope clients in the previously assessed sectors (Upstream Energy, Power, Steel, Cement, Automotive Manufacturing, & Aviation). The continued use of AI for data collection of clients public disclosures has enabled this expanded scope and has approximately quintupled the total limits covered by our",uncertain,low,Stage B broader-recall term 'AI' matched only; broader AI/automation terms are never auto-classified as generative AI and need further reading to confirm relevance.,no
Barclays,BARC,,BARC_company_annual_report_current_fy2025_2025.pdf,p.82,AI,B,"cooling systems are reaching their limits in meeting the cooling and energy efficiency demands of modern data centres, particularly those running AI workloads on power-intensive GPUs. Iceotope’s liquid cooling solutions deliver the precision cooling needed by these high-performance systems in b",uncertain,low,Stage B broader-recall term 'AI' matched only; broader AI/automation terms are never auto-classified as generative AI and need further reading to confirm relevance.,no
Barclays,BARC,,BARC_company_annual_report_current_fy2025_2025.pdf,p.83,AI,B,"customers. Business Bank Sustainable Finance sponsored Bright Tide to deliver programmes to Climate Tech businesses focused on 'Sustainability and AI' and 'Agriculture and Oceans'. This year also marked the third year of the Carbon 13 Venture Launchpad, These two programmes focused on venture gr",uncertain,low,Stage B broader-recall term 'AI' matched only; broader AI/automation terms are never auto-classified as generative AI and need further reading to confirm relevance.,no
Barclays,BARC,,BARC_company_annual_report_current_fy2025_2025.pdf,p.83,AI,B,"cultural practices. In 2025 we announced a collaboration with ExpectAI, aimed at helping small and medium- sized businesses grow their profits using AI- based sustainability insights. SMEs generate about half of UK private-sector turnover and employ around 60% of the workforce1 . Strengthening th",uncertain,low,Stage B broader-recall term 'AI' matched only; broader AI/automation terms are never auto-classified as generative AI and need further reading to confirm relevance.,no
Barclays,BARC,,BARC_company_annual_report_current_fy2025_2025.pdf,p.83,AI,B,engthening their energy resilience while reducing emissions is essential to the UK’s economic transition. This initiative will assess how advanced AI can make this both practical and commercially attractive for SMEs. These initiatives reflect Barclays’ ongoing work to help foster innovation and s,uncertain,low,Stage B broader-recall term 'AI' matched only; broader AI/automation terms are never auto-classified as generative AI and need further reading to confirm relevance.,no
Barclays,BARC,,BARC_company_annual_report_current_fy2025_2025.pdf,p.83,AI,B,"pact can be found at: home.barclays/sustainability/ supporting-our-communities/unreasonable- impact/ Unravel Carbon Fostering innovation in climate AI Selected to take part in the 2025 Unreasonable Impact programme, Barclays and Unreasonable Group are supporting entrepreneur Grace Sai and her co",uncertain,low,Stage B broader-recall term 'AI' matched only; broader AI/automation terms are never auto-classified as generative AI and need further reading to confirm relevance.,no
Barclays,BARC,,BARC_company_annual_report_current_fy2025_2025.pdf,p.83,AI,B,"amme, Barclays and Unreasonable Group are supporting entrepreneur Grace Sai and her company, Unravel Carbon – a company that offers businesses an AI- powered platform that helps them make data-driven decisions for reducing carbon. The company helps enterprises measure, track, reduce and report",uncertain,low,Stage B broader-recall term 'AI' matched only; broader AI/automation terms are never auto-classified as generative AI and need further reading to confirm relevance.,no
Barclays,BARC,,BARC_company_annual_report_current_fy2025_2025.pdf,p.83,AI,B,"bon. The company helps enterprises measure, track, reduce and report carbon emissions across their operations, products and supply chains through AI agents and an audit-grade enterprise software. Through the Unreasonable Impact programme, Grace gained access to a global network of mentors and i",uncertain,low,Stage B broader-recall term 'AI' matched only; broader AI/automation terms are never auto-classified as generative AI and need further reading to confirm relevance.,no
Barclays,BARC,,BARC_company_annual_report_current_fy2025_2025.pdf,p.93,AI,B,"hare of renewable energy sources in the UK energy mix and deployment of low carbon heating solutions. Globally, the expected pace and increase of AI-driven energy demand may impact our Upstream Energy and Power clients' decarbonisation progress. Our metrics will continue to be impacted in the f",uncertain,low,Stage B broader-recall term 'AI' matched only; broader AI/automation terms are never auto-classified as generative AI and need further reading to confirm relevance.,no
Barclays,BARC,,BARC_company_annual_report_current_fy2025_2025.pdf,p.100,AI,B,"the transition, including carbon capture and storage (CCS). • Grid optimisation and expansion, and investing in infrastructure to meet demand from AI, data centres, and electrification. • Energy efficiency and retrofitting projects as solutions for reducing costs and carbon, and catalysing grow",uncertain,low,Stage B broader-recall term 'AI' matched only; broader AI/automation terms are never auto-classified as generative AI and need further reading to confirm relevance.,no
Barclays,BARC,,BARC_company_annual_report_current_fy2025_2025.pdf,p.109,artificial intelligence,B,"lures or operational disruptions and any subsequent impact on the Group’s reputation, business or operations; the use of new technology, including artificial intelligence; the Group’s ability to access funding; and the success of acquisitions, disposals, joint ventures and other strategic transactions. A number of t",uncertain,low,Stage B broader-recall term 'artificial intelligence' matched only; broader AI/automation terms are never auto-classified as generative AI and need further reading to confirm relevance.,no
Barclays,BARC,,BARC_company_annual_report_current_fy2025_2025.pdf,p.123,AI,B,"portunity to engage with colleagues on a number of themes, including how they are enabling process simplification and automation (including using AI responsibly), and digitalising customer journeys to deliver more personalised and integrated customer and client experiences. March April May June",uncertain,low,Stage B broader-recall term 'AI' matched only; broader AI/automation terms are never auto-classified as generative AI and need further reading to confirm relevance.,no
Barclays,BARC,,BARC_company_annual_report_current_fy2025_2025.pdf,p.126,AI,B,"rging technologies and its impact on Barclays’ capabilities. As the organisation advanced its digital transformation - enhancing digital, data and AI expertise, and streamlining customer journeys and their related processes - the Board recognised the ongoing need to engage deeply in these rapid",uncertain,low,Stage B broader-recall term 'AI' matched only; broader AI/automation terms are never auto-classified as generative AI and need further reading to confirm relevance.,no
Barclays,BARC,,BARC_company_annual_report_current_fy2025_2025.pdf,p.126,AI,B,"rocesses, and agile execution of change. The emphasis of these engagements was on the successful adoption of tech innovation in digital, data and AI to enhance organisational capabilities and performance. Supported by the San Francisco trip, the Board has continued to make technology transfor",uncertain,low,Stage B broader-recall term 'AI' matched only; broader AI/automation terms are never auto-classified as generative AI and need further reading to confirm relevance.,no
Barclays,BARC,,BARC_company_annual_report_current_fy2025_2025.pdf,p.126,AI,B,ilience against cyber threats and realise further efficiency and productivity improvements through new technologies and responsible deployment of AI. This includes the Board's continued review of the approach to AI governance (including the internal policies and standards relating to AI) and a,uncertain,low,Stage B broader-recall term 'AI' matched only; broader AI/automation terms are never auto-classified as generative AI and need further reading to confirm relevance.,no
Barclays,BARC,,BARC_company_annual_report_current_fy2025_2025.pdf,p.126,AI,B,"functional services to businesses across the Barclays Group. The Board recognises the rapidly- evolving nature and use of new technology, data and AI in the delivery of these services, and in 2025 considered how to bring greater relevant insight to the Board. It was determined that this would be",uncertain,low,Stage B broader-recall term 'AI' matched only; broader AI/automation terms are never auto-classified as generative AI and need further reading to confirm relevance.,no
Barclays,BARC,,BARC_company_annual_report_current_fy2025_2025.pdf,p.133,AI,B,e discussion of material strategic topics – maintain focus on the development of a broad bench of future leaders – deepen the Board's engagement in AI and technology matters • A continued focus on ensuring balanced and targeted Board papers • Continuing to identify opportunities to bring external,uncertain,low,Stage B broader-recall term 'AI' matched only; broader AI/automation terms are never auto-classified as generative AI and need further reading to confirm relevance.,no
Barclays,BARC,,BARC_company_annual_report_current_fy2025_2025.pdf,p.143,AI,B,"onomic and geopolitical uncertainty, periods of market volatility, regulatory change, and the evolution of non-financial risks, such as cyber and AI-related threats. The Committee has sought to understand the impacts on Barclay's business model and reinforced the need for management to proacti",uncertain,low,Stage B broader-recall term 'AI' matched only; broader AI/automation terms are never auto-classified as generative AI and need further reading to confirm relevance.,no
Barclays,BARC,,BARC_company_annual_report_current_fy2025_2025.pdf,p.143,AI,B,"ncial crime risk management and actions to improve the control environment. The Committee has also maintained focus on emerging threats, such as AI-driven fraud and crypto-related risks. The Committee oversees the Group’s cyber security position, including threat- led testing and addressing vu",uncertain,low,Stage B broader-recall term 'AI' matched only; broader AI/automation terms are never auto-classified as generative AI and need further reading to confirm relevance.,no
Barclays,BARC,,BARC_company_annual_report_current_fy2025_2025.pdf,p.143,AI,B,"ed testing and addressing vulnerabilities. As part of our consideration of model risk, we have considered the risks and opportunities presented by AI, both in terms of internal adoption and external threats, seeking to understand that governance frameworks and policies are in place to manage th",uncertain,low,Stage B broader-recall term 'AI' matched only; broader AI/automation terms are never auto-classified as generative AI and need further reading to confirm relevance.,no
Barclays,BARC,,BARC_company_annual_report_current_fy2025_2025.pdf,p.146,AI,B,"gthen Barclays’ risk posture, assessments of the external cyber environment and regulatory commitments. • The Committee received focused updates on AI that included consideration of AI oversight in Barclays, the external AI policy and regulatory landscape and AI-driven cybersecurity risks. Climat",uncertain,low,Stage B broader-recall term 'AI' matched only; broader AI/automation terms are never auto-classified as generative AI and need further reading to confirm relevance.,no
Barclays,BARC,,BARC_company_annual_report_current_fy2025_2025.pdf,p.146,AI,B,"g regulatory expectations, including compliance with PRA Supervisory Statement 1/23 ""Model risk management principles for banks"", and oversight of AI risk management within the Group. • In compliance with the regulatory requirement for the Group’s Model Risk Management Policy to be approved by t",uncertain,low,Stage B broader-recall term 'AI' matched only; broader AI/automation terms are never auto-classified as generative AI and need further reading to confirm relevance.,no
Barclays,BARC,,BARC_company_annual_report_current_fy2025_2025.pdf,p.147,AI,B,"Compliance on Barclays’ financial crime risk profile. • The Committee received a compliance focused update on the financial crime risks presented by AI and the risk of exploitation by criminals. Reputation risk i.e. the risk that an action, transaction, investment, event, decision, or business rel",uncertain,low,Stage B broader-recall term 'AI' matched only; broader AI/automation terms are never auto-classified as generative AI and need further reading to confirm relevance.,no
Barclays,BARC,,BARC_company_annual_report_current_fy2025_2025.pdf,p.181,AI,B,"ing resilience while reducing complexity and cost. Almost 90% of our technology estate is now in the cloud. • Introduced new technology, such as the AI-powered Help Hub Assistant in Barclays UK, to support us in delivering seamless, connected services that anticipate customer and client needs and pr",uncertain,low,Stage B broader-recall term 'AI' matched only; broader AI/automation terms are never auto-classified as generative AI and need further reading to confirm relevance.,no
Barclays,BARC,,BARC_company_annual_report_current_fy2025_2025.pdf,p.183,artificial intelligence,B,"Financial Control, and standardisation of cost reporting activities, with further potential to simplify and automate in the future. • Launched nine Artificial Intelligence and Machine Learning initiatives in the Group Finance function, delivering measurable benefits, with many more use cases in the pipeline. Oversee th",uncertain,low,Stage B broader-recall term 'artificial intelligence' matched only; broader AI/automation terms are never auto-classified as generative AI and need further reading to confirm relevance.,no
Barclays,BARC,,BARC_company_annual_report_current_fy2025_2025.pdf,p.183,automation,B,"ate processes, and strengthen controls, which is expected to drive significant efficiency enhancements over the coming years. • Delivered material automation in Product Control and Financial Control, and standardisation of cost reporting activities, with further potential to simplify and automate in the f",uncertain,low,Stage B broader-recall term 'automation' matched only; broader AI/automation terms are never auto-classified as generative AI and need further reading to confirm relevance.,no
Barclays,BARC,,BARC_company_annual_report_current_fy2025_2025.pdf,p.205,AI,B,"Sustainability Chief Information Officer The Sustainability Chief Information Officer (CIO) integrates technology, data, AI and change execution expertise in a single function. The Sustainability CIO works in partnership with the business and functions to deliver new a",uncertain,low,Stage B broader-recall term 'AI' matched only; broader AI/automation terms are never auto-classified as generative AI and need further reading to confirm relevance.,no
Barclays,BARC,,BARC_company_annual_report_current_fy2025_2025.pdf,p.211,machine learning,B,"to keep themselves safe. Additionally, for each of the 450 million+2 payments our UK customers make every month, our fraud detection systems and machine learning models help detect in less than a second if it is likely to be a fraudster rather than the customer, or if our customer appears at risk of being",uncertain,low,Stage B broader-recall term 'machine learning' matched only; broader AI/automation terms are never auto-classified as generative AI and need further reading to confirm relevance.,no
Barclays,BARC,,BARC_company_annual_report_current_fy2025_2025.pdf,p.227,AI,B,"sentiment and economic activity through constrained consumer spending and business investment outside of sectors such as artificial intelligence (AI) and defence. These factors could lead to economic stagnation or even recessionary dynamics across Europe, the UK and the US which could have a m",uncertain,low,Stage B broader-recall term 'AI' matched only; broader AI/automation terms are never auto-classified as generative AI and need further reading to confirm relevance.,no
Barclays,BARC,,BARC_company_annual_report_current_fy2025_2025.pdf,p.228,AI,B,"financial markets volatility and risk of disorderly markets have been driven by developments in the technological sector, where the deployment of AI and high expectations of returns have led to historic levels of capital expenditure and equity valuations on a select few, mostly US, corporations",uncertain,low,Stage B broader-recall term 'AI' matched only; broader AI/automation terms are never auto-classified as generative AI and need further reading to confirm relevance.,no
Barclays,BARC,,BARC_company_annual_report_current_fy2025_2025.pdf,p.229,AI,B,"its competitors, including technology companies. For example, the Group has continued to take steps to expand its investment in and to integrate AI technologies. Such AI technologies and services are rapidly evolving, and require significant investment, including development and operational",uncertain,low,Stage B broader-recall term 'AI' matched only; broader AI/automation terms are never auto-classified as generative AI and need further reading to confirm relevance.,no
Barclays,BARC,,BARC_company_annual_report_current_fy2025_2025.pdf,p.230,AI,B,"rational incident and third party reporting requirements; • the focus globally on technology adoption and digital delivery, including the use of AI, digital assets and digital money (including central bank digital currencies), payments and related infrastructure, and cybersecurity. This also",uncertain,low,Stage B broader-recall term 'AI' matched only; broader AI/automation terms are never auto-classified as generative AI and need further reading to confirm relevance.,no
Barclays,BARC,,BARC_company_annual_report_current_fy2025_2025.pdf,p.230,AI,B,"latory standards in these areas, underpinned by customer protection principles, and actions by regulators that are designed to support the use of AI in the financial sector; • the continued evolution of the UK’s regulatory framework following the UK's withdrawal from the EU, particularly foll",uncertain,low,Stage B broader-recall term 'AI' matched only; broader AI/automation terms are never auto-classified as generative AI and need further reading to confirm relevance.,no
Barclays,BARC,,BARC_company_annual_report_current_fy2025_2025.pdf,p.231,AI,B,"feguards against unauthorised or improper access or disclosure, adherence to cookie and cookie banner compliance, and the use of personal data in AI systems; • continuing regulatory focus on policies and procedures for identifying and managing cybersecurity risks, cybersecurity governance and t",uncertain,low,Stage B broader-recall term 'AI' matched only; broader AI/automation terms are never auto-classified as generative AI and need further reading to confirm relevance.,no
Barclays,BARC,,BARC_company_annual_report_current_fy2025_2025.pdf,p.232,agentic AI,A,"le presenting significant benefits, can also present risks and challenges to the Group’s business. Use of AI (and particularly the growing use of agentic AI) may expose the Group to liability, reputational harm, regulatory actions and threats of litigation, particularly if such technology produces erro",likely_genai,medium,"Stage A high-precision generative-AI term 'agentic AI' matched; still requires human confirmation of is_genai, deployment_stage and evidence_strength.",no
Barclays,BARC,,BARC_company_annual_report_current_fy2025_2025.pdf,p.232,AI,B,"ondition and prospects. x) Evolving landscape with respect to artificial intelligence (including generative and agentic artificial intelligence) (AI) and machine learning technologies The use of rapidly evolving technologies such as AI, by the Group and its third-party service providers, while",uncertain,low,Stage B broader-recall term 'AI' matched only; broader AI/automation terms are never auto-classified as generative AI and need further reading to confirm relevance.,no
Barclays,BARC,,BARC_company_annual_report_current_fy2025_2025.pdf,p.233,AI,B,"The use of AI by the Group’s third-party service providers in their business activities, whether or not disclosed or known to the Group, could also expose the",uncertain,low,Stage B broader-recall term 'AI' matched only; broader AI/automation terms are never auto-classified as generative AI and need further reading to confirm relevance.,no
Barclays,BARC,,BARC_company_annual_report_current_fy2025_2025.pdf,p.233,AI,B,"racts or give rise to issues pertaining to data privacy and data protection. This may arise as a result of a service provider, including by use of AI tools in contravention of agreements with the Group, inputting the Group’s confidential or proprietary information into AI tools, sourcing data fo",uncertain,low,Stage B broader-recall term 'AI' matched only; broader AI/automation terms are never auto-classified as generative AI and need further reading to confirm relevance.,no
Barclays,BARC,,BARC_company_annual_report_current_fy2025_2025.pdf,p.233,AI,B,"for development, training or fine-tuning of the tool from unlawful sources or in an otherwise unlawful manner or implementing the roll-out of new AI tools or functionalities without the Group’s approval. See “supplier exposure” for more information regarding risks arising with respect to suppl",uncertain,low,Stage B broader-recall term 'AI' matched only; broader AI/automation terms are never auto-classified as generative AI and need further reading to confirm relevance.,no
Barclays,BARC,,BARC_company_annual_report_current_fy2025_2025.pdf,p.233,AI,B,"ure” for more information regarding risks arising with respect to suppliers. In addition, laws and regulations focused on the use and provision of AI technologies may impose certain obligations on the Group. For example, emerging AI regulations may require the Group to conduct complex impact as",uncertain,low,Stage B broader-recall term 'AI' matched only; broader AI/automation terms are never auto-classified as generative AI and need further reading to confirm relevance.,no
Barclays,BARC,,BARC_company_annual_report_current_fy2025_2025.pdf,p.233,AI,B,"rging AI regulations may require the Group to conduct complex impact assessments, risk evaluations or other compliance reviews prior to deploying AI tools for certain high- risk applications, including automated decision-making that affects individuals. Such assessments can be resource- intensiv",uncertain,low,Stage B broader-recall term 'AI' matched only; broader AI/automation terms are never auto-classified as generative AI and need further reading to confirm relevance.,no
Barclays,BARC,,BARC_company_annual_report_current_fy2025_2025.pdf,p.233,AI,B,"ilure to conduct these assessments properly, or at all, could result in regulatory enforcement action, monetary penalties, mandatory cessation of AI system usage, litigation and potential liability, as well as other adverse consequences. Furthermore, the regulatory framework for AI continues to",uncertain,low,Stage B broader-recall term 'AI' matched only; broader AI/automation terms are never auto-classified as generative AI and need further reading to confirm relevance.,no
Barclays,BARC,,BARC_company_annual_report_current_fy2025_2025.pdf,p.233,AI,B,"ttled and fast- moving to varying extents in the jurisdictions in which the Group operates. Uncertainty in the legal regulatory regime relating to AI may require significant resources to modify and maintain business practices to comply with laws, the nature of which cannot be determined at this",uncertain,low,Stage B broader-recall term 'AI' matched only; broader AI/automation terms are never auto-classified as generative AI and need further reading to confirm relevance.,no
Barclays,BARC,,BARC_company_annual_report_current_fy2025_2025.pdf,p.233,AI,B,"d at this time. Several jurisdictions around the globe, including Europe and certain U.S. states, have already proposed or enacted laws governing AI. For example, the EU Artificial Intelligence Act (the “EU AI Act”), which came into force on 1 August 2024, will generally become fully applicable",uncertain,low,Stage B broader-recall term 'AI' matched only; broader AI/automation terms are never auto-classified as generative AI and need further reading to confirm relevance.,no
Barclays,BARC,,BARC_company_annual_report_current_fy2025_2025.pdf,p.233,AI,B,"generally become fully applicable after a two-year transitional period, with certain obligations taking effect at an earlier or later time. The EU AI Act introduces various requirements for AI systems and models placed on the market or put into service in the EU, including specific transparency",uncertain,low,Stage B broader-recall term 'AI' matched only; broader AI/automation terms are never auto-classified as generative AI and need further reading to confirm relevance.,no
Barclays,BARC,,BARC_company_annual_report_current_fy2025_2025.pdf,p.233,AI,B,"systems and models placed on the market or put into service in the EU, including specific transparency and other requirements for general purpose AI systems and the models on which they are based. In the US, while the White House signed an Executive Order Removing Barriers to American Leadersh",uncertain,low,Stage B broader-recall term 'AI' matched only; broader AI/automation terms are never auto-classified as generative AI and need further reading to confirm relevance.,no
Barclays,BARC,,BARC_company_annual_report_current_fy2025_2025.pdf,p.233,AI,B,"tions for Artificial Intelligence Act (effective 30 June 2026). While the UK does not currently have in place any general statutory regulation of AI, some form of regulation is anticipated, although its content and timing is currently uncertain. Other jurisdictions may decide to adopt similar",uncertain,low,Stage B broader-recall term 'AI' matched only; broader AI/automation terms are never auto-classified as generative AI and need further reading to confirm relevance.,no
Barclays,BARC,,BARC_company_annual_report_current_fy2025_2025.pdf,p.233,AI,B,"ng or risky. Divergence in legislation and regulatory approach across jurisdictions may make it harder for the Group to conduct its business using AI, lead to regulatory fines or penalties, require the Group to change its product offerings or business practices, or limit the Group’s use of AI.",uncertain,low,Stage B broader-recall term 'AI' matched only; broader AI/automation terms are never auto-classified as generative AI and need further reading to confirm relevance.,no
Barclays,BARC,,BARC_company_annual_report_current_fy2025_2025.pdf,p.233,AI,B,"fines or penalties, require the Group to change its product offerings or business practices, or limit the Group’s use of AI. If the Group's use of AI is restricted, it could lead to business disruption and the Group’s business may be less efficient or may be at a competitive disadvantage. Repl",uncertain,low,Stage B broader-recall term 'AI' matched only; broader AI/automation terms are never auto-classified as generative AI and need further reading to confirm relevance.,no
Barclays,BARC,,BARC_company_annual_report_current_fy2025_2025.pdf,p.233,AI,B,"res or lead to a loss of proprietary data or historical optimisation. Additionally, if new regulations substantially restrict the Group's usage of AI to drive business efficiencies, the Group could face significantly higher operating costs to re- hire personnel or obtain third-party support to p",uncertain,low,Stage B broader-recall term 'AI' matched only; broader AI/automation terms are never auto-classified as generative AI and need further reading to confirm relevance.,no
Barclays,BARC,,BARC_company_annual_report_current_fy2025_2025.pdf,p.233,AI,B,"r outsourcing arrangements. Moreover, the Group’s failure, or perceived failure, to comply fully with developing laws and regulations relating to AI or machine learning technologies, or meet evolving and varied stakeholder expectations and industry standards, could harm the Group’s business, r",uncertain,low,Stage B broader-recall term 'AI' matched only; broader AI/automation terms are never auto-classified as generative AI and need further reading to confirm relevance.,no
Barclays,BARC,,BARC_company_annual_report_current_fy2025_2025.pdf,p.233,AI,B,"ondition, and operating results. See “Processing errors” and “Model risk” for more information regarding the potential consequences of integrating AI into the Group’s product or service offerings, “Data management, information protection and AI” for more information relating to risks relating t",uncertain,low,Stage B broader-recall term 'AI' matched only; broader AI/automation terms are never auto-classified as generative AI and need further reading to confirm relevance.,no
Barclays,BARC,,BARC_company_annual_report_current_fy2025_2025.pdf,p.233,AI,B,"ion and compliance with existing and future laws and regulations, and “Cyber attacks” for more information on the cybersecurity risks relating to AI technologies. Material existing and emerging risks impacting individual principal risks i) Climate risk Climate risk is the risk of financial losse",uncertain,low,Stage B broader-recall term 'AI' matched only; broader AI/automation terms are never auto-classified as generative AI and need further reading to confirm relevance.,no
Barclays,BARC,,BARC_company_annual_report_current_fy2025_2025.pdf,p.233,artificial intelligence,B,"ms and the models on which they are based. In the US, while the White House signed an Executive Order Removing Barriers to American Leadership in Artificial Intelligence which prioritises deregulation, several states are considering enacting or have already enacted regulations concerning the use of artificial inte",uncertain,low,Stage B broader-recall term 'artificial intelligence' matched only; broader AI/automation terms are never auto-classified as generative AI and need further reading to confirm relevance.,no
Barclays,BARC,,BARC_company_annual_report_current_fy2025_2025.pdf,p.233,artificial intelligence,B,"ave already enacted regulations concerning the use of artificial intelligence technologies. These include the California Transparency in Frontier Artificial Intelligence Act, the Utah Artificial Intelligence Consumer Protection Amendments, the updated California Consumer Privacy Act regulations (which came into ef",uncertain,low,Stage B broader-recall term 'artificial intelligence' matched only; broader AI/automation terms are never auto-classified as generative AI and need further reading to confirm relevance.,no
Barclays,BARC,,BARC_company_annual_report_current_fy2025_2025.pdf,p.235,AI,B,"al demands on oil and gas companies. • Information Technology: companies may struggle to monetise their technology offerings, including usage of AI or alternatively, may find their offerings disrupted by other emerging new technology. The Group’s clients also face heightened risk from data s",uncertain,low,Stage B broader-recall term 'AI' matched only; broader AI/automation terms are never auto-classified as generative AI and need further reading to confirm relevance.,no
Barclays,BARC,,BARC_company_annual_report_current_fy2025_2025.pdf,p.235,AI,B,"he Group’s clients also face heightened risk from data security breaches and ransomware and/or cyber attacks as well as from the malicious use of AI, all of which could negatively impact their ability to service debt obligations. • Sovereign wholesale exposure: the Group is exposed to sovereigns",uncertain,low,Stage B broader-recall term 'AI' matched only; broader AI/automation terms are never auto-classified as generative AI and need further reading to confirm relevance.,no
Barclays,BARC,,BARC_company_annual_report_current_fy2025_2025.pdf,p.237,agentic AI,A,"capabilities, including by employing counter-forensic tactics, making response activities more difficult. Additionally, the Group's deployment of agentic AI with access to systems, data and third-party tools creates an expanded attack surface for cyber attacks, as threat actors may exploit inadequate",likely_genai,medium,"Stage A high-precision generative-AI term 'agentic AI' matched; still requires human confirmation of is_genai, deployment_stage and evidence_strength.",no
Barclays,BARC,,BARC_company_annual_report_current_fy2025_2025.pdf,p.237,AI,B,"of security. The Group's assessment of its cybersecurity risk reflects an elevated cybersecurity risk profile due to factors such as the onset of AI, which may be used to facilitate increasingly sophisticated attacks including AI-enabled social engineering; ongoing work to address areas in nee",uncertain,low,Stage B broader-recall term 'AI' matched only; broader AI/automation terms are never auto-classified as generative AI and need further reading to confirm relevance.,no
Barclays,BARC,,BARC_company_annual_report_current_fy2025_2025.pdf,p.238,agentic AI,A,"utational harm and adverse effects on its business and financial condition. These risks may be more significant for certain AI tools (for example, agentic AI has the potential to exacerbate certain risks, such as those relating to data privacy and security, due to its autonomous nature) or if AI is dep",likely_genai,medium,"Stage A high-precision generative-AI term 'agentic AI' matched; still requires human confirmation of is_genai, deployment_stage and evidence_strength.",no
Barclays,BARC,,BARC_company_annual_report_current_fy2025_2025.pdf,p.238,AI,B,"siness across the Group, with new solutions being developed both in-house and in association with third party companies. The rapid development in AI is an area of technological advancement that the Group is monitoring closely. This includes the identification of potential use cases for respon",uncertain,low,Stage B broader-recall term 'AI' matched only; broader AI/automation terms are never auto-classified as generative AI and need further reading to confirm relevance.,no
Barclays,BARC,,BARC_company_annual_report_current_fy2025_2025.pdf,p.238,AI,B,"echnological advancement that the Group is monitoring closely. This includes the identification of potential use cases for responsible adoption of AI in the Group’s own operations as well as managing the salient risks and other threats third party usage of AI may pose, including with respect t",uncertain,low,Stage B broader-recall term 'AI' matched only; broader AI/automation terms are never auto-classified as generative AI and need further reading to confirm relevance.,no
Barclays,BARC,,BARC_company_annual_report_current_fy2025_2025.pdf,p.238,AI,B,"y ownership and infringement, cybersecurity, antitrust and fraud. For example, the Group may be unable to protect certain materials created using AI technologies with copyrights or patents given the position of courts and intellectual property offices in the US and in some other jurisdictions o",uncertain,low,Stage B broader-recall term 'AI' matched only; broader AI/automation terms are never auto-classified as generative AI and need further reading to confirm relevance.,no
Barclays,BARC,,BARC_company_annual_report_current_fy2025_2025.pdf,p.238,AI,B,"in some other jurisdictions on the need for a certain level of human inventorship. Additionally, inventions or works of authorship created using AI technologies may be based on, rely on, or contain materials that were used in the training of such technologies and which are subject to third-pa",uncertain,low,Stage B broader-recall term 'AI' matched only; broader AI/automation terms are never auto-classified as generative AI and need further reading to confirm relevance.,no
Barclays,BARC,,BARC_company_annual_report_current_fy2025_2025.pdf,p.238,AI,B,o claims of intellectual property infringement or misappropriation. Other related risks include exposure to open-source software risks when using AI-based coding tools (that have been developed using vast amounts of open-source software) to write software. The use of copyrighted materials in A,uncertain,low,Stage B broader-recall term 'AI' matched only; broader AI/automation terms are never auto-classified as generative AI and need further reading to confirm relevance.,no
Barclays,BARC,,BARC_company_annual_report_current_fy2025_2025.pdf,p.238,AI,B,"logy has not been fully interpreted by courts, creating additional uncertainty regarding potential intellectual property risks. In addition, while AI can present significant benefits, it also presents significant and evolving risks and challenges to the Group's business, such as those related t",uncertain,low,Stage B broader-recall term 'AI' matched only; broader AI/automation terms are never auto-classified as generative AI and need further reading to confirm relevance.,no
Barclays,BARC,,BARC_company_annual_report_current_fy2025_2025.pdf,p.238,AI,B,"anagement (e.g. the risks arising from any failure to appropriately identify and retain prompts, logs, outputs and intermediate artefacts from an AI process in accordance with business needs, as set out in the applicable retention schedule, and data protection laws). AI also poses data sourcing",uncertain,low,Stage B broader-recall term 'AI' matched only; broader AI/automation terms are never auto-classified as generative AI and need further reading to confirm relevance.,no
Barclays,BARC,,BARC_company_annual_report_current_fy2025_2025.pdf,p.238,AI,B,"gy integration and process issues and programme bias in decision-making algorithms. Any of these risks could impair the adoption and acceptance of AI and result in regulatory investigations or actions, litigation, client dissatisfaction, reputational harm and adverse effects on its business and",uncertain,low,Stage B broader-recall term 'AI' matched only; broader AI/automation terms are never auto-classified as generative AI and need further reading to confirm relevance.,no
Barclays,BARC,,BARC_company_annual_report_current_fy2025_2025.pdf,p.238,AI,B,"y, due to its autonomous nature) or if AI is deployed in an uncoordinated but widespread way within the Group (particularly relating to the use of AI agents). If the output from AI in the Group's products, systems or solutions is deemed to be inaccurate or questionable, or if the use of AI does",uncertain,low,Stage B broader-recall term 'AI' matched only; broader AI/automation terms are never auto-classified as generative AI and need further reading to confirm relevance.,no
Barclays,BARC,,BARC_company_annual_report_current_fy2025_2025.pdf,p.238,AI,B,"n, as further described at “Evolving landscape with respect to artificial intelligence (including generative and agentic artificial intelligence) (AI) and machine learning technologies,” “Model risk” and “Data management, information protection and AI”. Alongside those risks associated with t",uncertain,low,Stage B broader-recall term 'AI' matched only; broader AI/automation terms are never auto-classified as generative AI and need further reading to confirm relevance.,no
Barclays,BARC,,BARC_company_annual_report_current_fy2025_2025.pdf,p.238,AI,B,"rning technologies,” “Model risk” and “Data management, information protection and AI”. Alongside those risks associated with the deployment of AI, risks could also arise from decisions not to deploy the technology. As the adoption of AI quickens, risks arising from competition with the Grou",uncertain,low,Stage B broader-recall term 'AI' matched only; broader AI/automation terms are never auto-classified as generative AI and need further reading to confirm relevance.,no
Barclays,BARC,,BARC_company_annual_report_current_fy2025_2025.pdf,p.238,AI,B,"nology. As the adoption of AI quickens, risks arising from competition with the Group's peers are intensified. Any failures to adequately leverage AI technologies, or the adoption of an overly conservative approach to AI implementation, could cause the Group to miss significant business opportu",uncertain,low,Stage B broader-recall term 'AI' matched only; broader AI/automation terms are never auto-classified as generative AI and need further reading to confirm relevance.,no
Barclays,BARC,,BARC_company_annual_report_current_fy2025_2025.pdf,p.238,AI,B,"ities, fall behind competitors, and adversely affect its growth prospects and financial performance. Pressure to recruit personnel with specific AI-based skill sets and to upskill existing employees in this context may give rise to significant costs and/or may be difficult to sustain, and such",uncertain,low,Stage B broader-recall term 'AI' matched only; broader AI/automation terms are never auto-classified as generative AI and need further reading to confirm relevance.,no
Barclays,BARC,,BARC_company_annual_report_current_fy2025_2025.pdf,p.238,AI,B,"adverse impact on the Group’s business, results of operations, financial condition, and prospects. e) Data management, information protection and AI The Group holds and processes large volumes of data, including personal information, financial data and other confidential information, and the Gr",uncertain,low,Stage B broader-recall term 'AI' matched only; broader AI/automation terms are never auto-classified as generative AI and need further reading to confirm relevance.,no
Barclays,BARC,,BARC_company_annual_report_current_fy2025_2025.pdf,p.238,machine learning,B,"coding tools (that have been developed using vast amounts of open-source software) to write software. The use of copyrighted materials in AI and machine learning technology has not been fully interpreted by courts, creating additional uncertainty regarding potential intellectual property risks. In addition",uncertain,low,Stage B broader-recall term 'machine learning' matched only; broader AI/automation terms are never auto-classified as generative AI and need further reading to confirm relevance.,no
Barclays,BARC,,BARC_company_annual_report_current_fy2025_2025.pdf,p.238,automation,B,"he increased use of digital products and enhanced online services). Fraud attacks vary, can be highly sophisticated (e.g. leveraging deepfake and automation capabilities), and be orchestrated by organised crime groups or individuals. Bad actors use various techniques to target customers and colleagues",uncertain,low,Stage B broader-recall term 'automation' matched only; broader AI/automation terms are never auto-classified as generative AI and need further reading to confirm relevance.,no
Barclays,BARC,,BARC_company_annual_report_current_fy2025_2025.pdf,p.239,agentic AI,A,"ularly where it is part of a complex, multi-step process and inaccurate or incomplete information may be compounded across many steps, such as in agentic AI systems). This could result in outputs that include or are derived from inaccurate, incomplete or erroneous information, or that include AI bias,",likely_genai,medium,"Stage A high-precision generative-AI term 'agentic AI' matched; still requires human confirmation of is_genai, deployment_stage and evidence_strength.",no
Barclays,BARC,,BARC_company_annual_report_current_fy2025_2025.pdf,p.239,AI,B,"rther, there is increased risk of inadvertent disclosure of confidential information or personal information in connection with the utilisation of AI technologies, whether through AI model errors, data breaches, or other vulnerabilities, which may also result in stronger regulatory scrutiny, le",uncertain,low,Stage B broader-recall term 'AI' matched only; broader AI/automation terms are never auto-classified as generative AI and need further reading to confirm relevance.,no
Barclays,BARC,,BARC_company_annual_report_current_fy2025_2025.pdf,p.239,AI,B,"iny, leading to legal and regulatory investigations and enforcement actions that could negatively impact the Group’s business, even if unfounded. AI technologies are highly reliant on the collection and analysis of large amounts of data, which may be overbroad, insufficient, or contain biased,",uncertain,low,Stage B broader-recall term 'AI' matched only; broader AI/automation terms are never auto-classified as generative AI and need further reading to confirm relevance.,no
Barclays,BARC,,BARC_company_annual_report_current_fy2025_2025.pdf,p.239,AI,B,incomplete information. There often exists a lack of transparency regarding the sources of data (including personal data) used to train or develop AI technologies or how inputs are converted to outputs and the Group may not be able to fully validate this process and its accuracy (particularly w,uncertain,low,Stage B broader-recall term 'AI' matched only; broader AI/automation terms are never auto-classified as generative AI and need further reading to confirm relevance.,no
Barclays,BARC,,BARC_company_annual_report_current_fy2025_2025.pdf,p.239,AI,B,"nations, harmful content, discrimination, violation of privacy law or intellectual property infringement or misappropriation. Additionally, if the AI model in a tool used by the Group has been trained by a third party in a manner that is not compliant with data protection laws, there is a risk",uncertain,low,Stage B broader-recall term 'AI' matched only; broader AI/automation terms are never auto-classified as generative AI and need further reading to confirm relevance.,no
Barclays,BARC,,BARC_company_annual_report_current_fy2025_2025.pdf,p.239,AI,B,"r to the sections entitled “Evolving landscape with respect to artificial intelligence (including generative and agentic artificial intelligence) (AI) and machine learning technologies” and “New and emergent technology”. f) Algorithmic trading In some areas of the investment banking business, tr",uncertain,low,Stage B broader-recall term 'AI' matched only; broader AI/automation terms are never auto-classified as generative AI and need further reading to confirm relevance.,no
Barclays,BARC,,BARC_company_annual_report_current_fy2025_2025.pdf,p.239,AI,B,"nal systems and infrastructure becomes more challenging. The risk of systems or human error, including errors produced through the integration of AI technologies, in connection with such transactions increases with these developments, as well as the potential consequences of such errors due to",uncertain,low,Stage B broader-recall term 'AI' matched only; broader AI/automation terms are never auto-classified as generative AI and need further reading to confirm relevance.,no
Barclays,BARC,,BARC_company_annual_report_current_fy2025_2025.pdf,p.239,AI,B,"d the potential difficulty associated with discovering errors quickly enough to limit the resulting consequences. As the Group works to implement AI technologies into the Group’s product and service offerings, these challenges may become more significant, as AI technologies give rise to risk o",uncertain,low,Stage B broader-recall term 'AI' matched only; broader AI/automation terms are never auto-classified as generative AI and need further reading to confirm relevance.,no
Barclays,BARC,,BARC_company_annual_report_current_fy2025_2025.pdf,p.239,AI,B,"rors and hallucinations which may impact the Group’s ability to accurately execute, track or report transactions. There can be no assurances that AI usage will enhance the Group’s product or services offerings, and any such errors or inaccuracies resulting from AI usage could result in competit",uncertain,low,Stage B broader-recall term 'AI' matched only; broader AI/automation terms are never auto-classified as generative AI and need further reading to confirm relevance.,no
Barclays,BARC,,BARC_company_annual_report_current_fy2025_2025.pdf,p.240,AI,B,"damage. h) Supplier exposure The Group depends on suppliers for the provision of many of its services and the development of technology, including AI technology. Whilst the Group depends on suppliers, it remains fully accountable to its customers and clients for risks arising from the actions",uncertain,low,Stage B broader-recall term 'AI' matched only; broader AI/automation terms are never auto-classified as generative AI and need further reading to confirm relevance.,no
Barclays,BARC,,BARC_company_annual_report_current_fy2025_2025.pdf,p.240,AI,B,"ppliers could have an impact on the Group’s ability to continue to provide material services to its customers. In addition, the use of third-party AI technologies, and the use of AI by suppliers, may expose the Group to risk, as it can be very difficult, if not impossible, to validate the proce",uncertain,low,Stage B broader-recall term 'AI' matched only; broader AI/automation terms are never auto-classified as generative AI and need further reading to confirm relevance.,no
Barclays,BARC,,BARC_company_annual_report_current_fy2025_2025.pdf,p.240,AI,B,"e of AI by suppliers, may expose the Group to risk, as it can be very difficult, if not impossible, to validate the processes used by third-party AI technology providers in their collection and use of data in developing and training AI technologies or the conversion of inputs to outputs. Over-r",uncertain,low,Stage B broader-recall term 'AI' matched only; broader AI/automation terms are never auto-classified as generative AI and need further reading to confirm relevance.,no
Barclays,BARC,,BARC_company_annual_report_current_fy2025_2025.pdf,p.240,AI,B,"and use of data in developing and training AI technologies or the conversion of inputs to outputs. Over-reliance on a small number of suppliers of AI services may create operational resilience and concentration risk, heightening the potential for macro-level disruption if any one provider exper",uncertain,low,Stage B broader-recall term 'AI' matched only; broader AI/automation terms are never auto-classified as generative AI and need further reading to confirm relevance.,no
Barclays,BARC,,BARC_company_annual_report_current_fy2025_2025.pdf,p.240,AI,B,"ng the potential for macro-level disruption if any one provider experiences outage, compromise, or model instability. For further information on AI-related risks, including in connection with suppliers, please see the sections entitled “Evolving landscape with respect to artificial intelligen",uncertain,low,Stage B broader-recall term 'AI' matched only; broader AI/automation terms are never auto-classified as generative AI and need further reading to confirm relevance.,no
Barclays,BARC,,BARC_company_annual_report_current_fy2025_2025.pdf,p.240,AI,B,"see the sections entitled “Evolving landscape with respect to artificial intelligence (including generative and agentic artificial intelligence) (AI) and machine learning technologies”, “New and emergent technology”, “Data management, information protection and AI,” and “Model risk”. Failure t",uncertain,low,Stage B broader-recall term 'AI' matched only; broader AI/automation terms are never auto-classified as generative AI and need further reading to confirm relevance.,no
Barclays,BARC,,BARC_company_annual_report_current_fy2025_2025.pdf,p.241,agentic AI,A,"or inaccuracies or errors in the Group's risk management and regulatory reporting processes. In addition, the rapid development of AI, especially agentic AI, creates further challenges due to the unique and heightened risks presented by these model types. This includes risks arising from AI hallucina",likely_genai,medium,"Stage A high-precision generative-AI term 'agentic AI' matched; still requires human confirmation of is_genai, deployment_stage and evidence_strength.",no
Barclays,BARC,,BARC_company_annual_report_current_fy2025_2025.pdf,p.241,agentic AI,A,"rbation of bias and fairness risk due to the automation of outcomes and the absence or insufficiency of human oversight (particularly relating to agentic AI). This could result in a significant financial loss, imposition of additional capital requirements, enhanced regulatory supervision and reputation",likely_genai,medium,"Stage A high-precision generative-AI term 'agentic AI' matched; still requires human confirmation of is_genai, deployment_stage and evidence_strength.",no
Barclays,BARC,,BARC_company_annual_report_current_fy2025_2025.pdf,p.252,AI,B,"l inventory needed to assess, manage, and report model risk. The Global Head of MRM reports directly to the Group Chief Risk Officer. The Head of AI/ML Risk, reports into the Global Head of MRM. MRM establishes model risk policies and standards, sets out and monitors model risk appetite, valida",uncertain,low,Stage B broader-recall term 'AI' matched only; broader AI/automation terms are never auto-classified as generative AI and need further reading to confirm relevance.,no
Barclays,BARC,,BARC_company_annual_report_current_fy2025_2025.pdf,p.252,AI,B,"of MRM, provides the overview for management and governance of Model risk in Barclays, including key components such as the Model Risk Policy, the AI Policy and supporting standards, reporting and escalation paths for breaches of policy. Strategic report Shareholder information Climate and su",uncertain,low,Stage B broader-recall term 'AI' matched only; broader AI/automation terms are never auto-classified as generative AI and need further reading to confirm relevance.,no
Barclays,BARC,,BARC_company_annual_report_current_fy2025_2025.pdf,p.253,AI,B,"ge and reporting processes, and assigns clear roles and responsibilities for the end-to- end management of model risk. The Artificial Intelligence (AI) Policy lays out the requirements for management and oversight of risks associated with use of AI and is supported by the AI standard. The primar",uncertain,low,Stage B broader-recall term 'AI' matched only; broader AI/automation terms are never auto-classified as generative AI and need further reading to confirm relevance.,no
Barclays,BARC,,BARC_company_annual_report_current_fy2025_2025.pdf,p.253,AI,B,"oversight of risks associated with use of AI and is supported by the AI standard. The primary objectives of this Policy are to: • Define Ethical AI Principles to enable ethical, lawful, and appropriate use of AI. • Establish an enterprise-wide definition of AI, define risks stemming from use of",uncertain,low,Stage B broader-recall term 'AI' matched only; broader AI/automation terms are never auto-classified as generative AI and need further reading to confirm relevance.,no
Barclays,BARC,,BARC_company_annual_report_current_fy2025_2025.pdf,p.253,AI,B,"rinciples to enable ethical, lawful, and appropriate use of AI. • Establish an enterprise-wide definition of AI, define risks stemming from use of AI and define prohibited, high, medium and low risk uses of AI to enable consistent identification of AI Systems, and the risks associated with their",uncertain,low,Stage B broader-recall term 'AI' matched only; broader AI/automation terms are never auto-classified as generative AI and need further reading to confirm relevance.,no
Barclays,BARC,,BARC_company_annual_report_current_fy2025_2025.pdf,p.253,AI,B,"stent identification of AI Systems, and the risks associated with their use. • Define governance and escalation pathways to provide transparency on AI use and associated risks to Senior Management. • Define control objective for AI training and literacy. MRM operates the Group Model Risk Committ",uncertain,low,Stage B broader-recall term 'AI' matched only; broader AI/automation terms are never auto-classified as generative AI and need further reading to confirm relevance.,no
Barclays,BARC,,BARC_company_annual_report_current_fy2025_2025.pdf,p.253,AI,B,"calate as required in compliance with the Operation of Committees Policy and internal applicable governance policies. Cross functional oversight of AI Risk in the bank, is provided by the Group AI Governance Council, under the mandate of Head of AI/ML Risk. The Head of AI/ML Risk is also responsi",uncertain,low,Stage B broader-recall term 'AI' matched only; broader AI/automation terms are never auto-classified as generative AI and need further reading to confirm relevance.,no
Barclays,BARC,,BARC_company_annual_report_current_fy2025_2025.pdf,p.253,AI,B,"vided by the Group AI Governance Council, under the mandate of Head of AI/ML Risk. The Head of AI/ML Risk is also responsible for establishing the AI Risk Appetite, and enabling reporting of compliance with the AI Policy and AI Standard to the Group and local entity Board Risk Committee(s). In a",uncertain,low,Stage B broader-recall term 'AI' matched only; broader AI/automation terms are never auto-classified as generative AI and need further reading to confirm relevance.,no
Barclays,BARC,,BARC_company_annual_report_current_fy2025_2025.pdf,p.341,automation,B,"xchanges), developing, maintaining and upgrading operational systems and infrastructure becomes more challenging. The Group continues to focus on automation and simplification programmes to improve the overall control environment and manage the risk of processing errors as well as ensuring scalability",uncertain,low,Stage B broader-recall term 'automation' matched only; broader AI/automation terms are never auto-classified as generative AI and need further reading to confirm relevance.,no
Barclays,BARC,,BARC_company_annual_report_current_fy2025_2025.pdf,p.342,generative AI,A,"d design. • Introduced Artificial Intelligence(AI) Standard in support of the AI Policy, further developed of approach to AI validation, including Generative AI, and design of associated governance framework. • Expanded model risk framework to provide transparency around risk themes (Data and Technology)",likely_genai,medium,"Stage A high-precision generative-AI term 'generative AI' matched; still requires human confirmation of is_genai, deployment_stage and evidence_strength.",no
Barclays,BARC,,BARC_company_annual_report_current_fy2025_2025.pdf,p.355,AI,B,"A number of jurisdictions where the Barclays Group operates have adopted or are considering adopting new laws regulating artificial intelligence (AI). The EU’s Artificial Intelligence Act (EU AI Act), which entered into force on 1 August 2024, provides rights and duties designed to ensure the",uncertain,low,Stage B broader-recall term 'AI' matched only; broader AI/automation terms are never auto-classified as generative AI and need further reading to confirm relevance.,no
Barclays,BARC,,BARC_company_annual_report_current_fy2025_2025.pdf,p.355,AI,B,"ence Act (EU AI Act), which entered into force on 1 August 2024, provides rights and duties designed to ensure the safe and ethical deployment of AI. The EU AI Act requires organisations to ensure suitable levels of AI literacy within their workforce (albeit this obligation may be removed as a",uncertain,low,Stage B broader-recall term 'AI' matched only; broader AI/automation terms are never auto-classified as generative AI and need further reading to confirm relevance.,no
Barclays,BARC,,BARC_company_annual_report_current_fy2025_2025.pdf,p.355,AI,B,"r workforce (albeit this obligation may be removed as a result of the EU’s Digital Omnibus proposals put forward in November 2025) and categorises AI systems based on their level of risk. It has a phased approach to compliance, with the literacy obligations and the first set of requirements pro",uncertain,low,Stage B broader-recall term 'AI' matched only; broader AI/automation terms are never auto-classified as generative AI and need further reading to confirm relevance.,no
Barclays,BARC,,BARC_company_annual_report_current_fy2025_2025.pdf,p.355,AI,B,"level of risk. It has a phased approach to compliance, with the literacy obligations and the first set of requirements prohibiting certain uses of AI having applied from 2 February 2025, and rules on general purpose AI models having applied from 2 August 2025. It also establishes a rigorous com",uncertain,low,Stage B broader-recall term 'AI' matched only; broader AI/automation terms are never auto-classified as generative AI and need further reading to confirm relevance.,no
Barclays,BARC,,BARC_company_annual_report_current_fy2025_2025.pdf,p.355,AI,B,"ry 2025, and rules on general purpose AI models having applied from 2 August 2025. It also establishes a rigorous compliance regime for high-risk AI applications (which provisions apply from 2 August 2027, subject to possible delay under the EU’s Digital Omnibus proposals). The extraterritoria",uncertain,low,Stage B broader-recall term 'AI' matched only; broader AI/automation terms are never auto-classified as generative AI and need further reading to confirm relevance.,no
Barclays,BARC,,BARC_company_annual_report_current_fy2025_2025.pdf,p.355,AI,B,"h provisions apply from 2 August 2027, subject to possible delay under the EU’s Digital Omnibus proposals). The extraterritorial effect of the EU AI Act means entities established outside the EU fall with the EU AI Act’s ambit if they provide or deploy AI in the EU or the output of their AI is",uncertain,low,Stage B broader-recall term 'AI' matched only; broader AI/automation terms are never auto-classified as generative AI and need further reading to confirm relevance.,no
Barclays,BARC,,BARC_company_annual_report_current_fy2025_2025.pdf,p.355,AI,B,"omprehensive laws that adopt risk-based frameworks and principles (such as Colorado’s An Act Concerning Consumer Protections In Interactions with AI Systems and the Texas Responsible AI Governance Act), while other states are focusing on applications perceived as higher-risk (such as laws regul",uncertain,low,Stage B broader-recall term 'AI' matched only; broader AI/automation terms are never auto-classified as generative AI and need further reading to confirm relevance.,no
Barclays,BARC,,BARC_company_annual_report_current_fy2025_2025.pdf,p.355,AI,B,"ce Act), while other states are focusing on applications perceived as higher-risk (such as laws regulating the use of automated decision tools and AI in recruitment, hiring, promotion, and other employment decisions). Comprehensive state laws impose heightened obligations on developers and depl",uncertain,low,Stage B broader-recall term 'AI' matched only; broader AI/automation terms are never auto-classified as generative AI and need further reading to confirm relevance.,no
Barclays,BARC,,BARC_company_annual_report_current_fy2025_2025.pdf,p.355,AI,B,"iring, promotion, and other employment decisions). Comprehensive state laws impose heightened obligations on developers and deployers of high-risk AI systems (which include tools that make financial, lending and employment-related decisions), such as by requiring impact assessments, transparenc",uncertain,low,Stage B broader-recall term 'AI' matched only; broader AI/automation terms are never auto-classified as generative AI and need further reading to confirm relevance.,no
Barclays,BARC,,BARC_company_annual_report_current_fy2025_2025.pdf,p.355,AI,B,"ember 2025, President Trump signed an executive order outlining various plans to attempt to restrict certain U.S. states from enforcing their own AI laws, in favour of a “single national framework”. The Group is continuing to monitor these developments and the applicability of state laws regula",uncertain,low,Stage B broader-recall term 'AI' matched only; broader AI/automation terms are never auto-classified as generative AI and need further reading to confirm relevance.,no
Barclays,BARC,,BARC_company_annual_report_current_fy2025_2025.pdf,p.355,AI,B,"in favour of a “single national framework”. The Group is continuing to monitor these developments and the applicability of state laws regulating AI. Regulatory initiatives on sustainability Regulatory initiatives on sustainability in the UK In the UK, the FCA published final rules on the UK Su",uncertain,low,Stage B broader-recall term 'AI' matched only; broader AI/automation terms are never auto-classified as generative AI and need further reading to confirm relevance.,no
Barclays,BARC,,BARC_company_annual_report_current_fy2025_2025.pdf,p.355,artificial intelligence,B,eliver services during periods of potential disruption. Such measures are resulting in increased technology and compliance costs for the Group. Artificial intelligence A number of jurisdictions where the Barclays Group operates have adopted or are considering adopting new laws regulating artificial intelligence,uncertain,low,Stage B broader-recall term 'artificial intelligence' matched only; broader AI/automation terms are never auto-classified as generative AI and need further reading to confirm relevance.,no
Barclays,BARC,,BARC_company_annual_report_current_fy2025_2025.pdf,p.382,artificial intelligence,B,"audit process. For the FY25 audit, we continued to deploy data and analytics tools across our audit. We continue to expand our use of accredited Artificial Intelligence based solutions into our audit process. We have also continued to innovate our audit of the estimation of expected credit losses through independ",uncertain,low,Stage B broader-recall term 'artificial intelligence' matched only; broader AI/automation terms are never auto-classified as generative AI and need further reading to confirm relevance.,no
Barclays,BARC,,BARC_company_annual_report_current_fy2025_2025.pdf,p.493,artificial intelligence,B,"lures or operational disruptions and any subsequent impact on the Group’s reputation, business or operations; the use of new technology, including artificial intelligence; the Group’s ability to access funding; and the success of acquisitions, disposals, joint ventures and other strategic transactions. A number of t",uncertain,low,Stage B broader-recall term 'artificial intelligence' matched only; broader AI/automation terms are never auto-classified as generative AI and need further reading to confirm relevance.,no
Barclays,BARC,,BARC_company_annual_report_previous_fy2024_2024.pdf,p.8,generative AI,A,"ce of what it means to work at Barclays. Across the bank we are simplifying and digitising processes. We are introducing new technologies, such as generative AI, to improve how our people work and collaborate and how we engage with our customers and clients. All this represents progress in our effort to cr",likely_genai,medium,"Stage A high-precision generative-AI term 'generative AI' matched; still requires human confirmation of is_genai, deployment_stage and evidence_strength.",no
Barclays,BARC,,BARC_company_annual_report_previous_fy2024_2024.pdf,p.10,generative AI,A,her systematic risk and volatility • Global population trends Climate • Energy transition and security • More extreme climate cycles Technology • Generative AI and related impact from regulators and cybersecurity • Customer expectations regarding digital experience • Pressure on cybersecurity and identity,likely_genai,medium,"Stage A high-precision generative-AI term 'generative AI' matched; still requires human confirmation of is_genai, deployment_stage and evidence_strength.",no
Barclays,BARC,,BARC_company_annual_report_previous_fy2024_2024.pdf,p.15,digital assistant,B,"ch function, the ability to increase daily payment limits, the ability to access cash from ATMs without a card, and enhancements to our automated digital assistant. Note: 1 Premier NPS from © Ipsos 2024, Financial Research Survey (FRS), comparing Premier current accounts. Amazon co-branded credit card Barclays",uncertain,low,Stage B broader-recall term 'digital assistant' matched only; broader AI/automation terms are never auto-classified as generative AI and need further reading to confirm relevance.,no
Barclays,BARC,,BARC_company_annual_report_previous_fy2024_2024.pdf,p.16,AI,B,"ding our onboarding and application processes, and our virtual customer care support – are being regularly upgraded. We are leveraging the use of AI to simplify and improve operations; increasing efficiencies, and enhancing productivity, enabling colleagues to be there for customers and clients",uncertain,low,Stage B broader-recall term 'AI' matched only; broader AI/automation terms are never auto-classified as generative AI and need further reading to confirm relevance.,no
Barclays,BARC,,BARC_company_annual_report_previous_fy2024_2024.pdf,p.16,automation,B,"vancements. We will focus on delivering improved capability through functional and scalable technology – simplifying by investing in digitisation, automation and data. Our digital channels – including our onboarding and application processes, and our virtual customer care support – are being regularly",uncertain,low,Stage B broader-recall term 'automation' matched only; broader AI/automation terms are never auto-classified as generative AI and need further reading to confirm relevance.,no
Barclays,BARC,,BARC_company_annual_report_previous_fy2024_2024.pdf,p.20,automation,B,"and Asia. Across our business, we have automated processes and digitised services to improve our operations. For instance, in Europe, we increased automation in our banking offering to improve operations and controls, and reduce processing times. Looking ahead We are focused on improving efficiencies a",uncertain,low,Stage B broader-recall term 'automation' matched only; broader AI/automation terms are never auto-classified as generative AI and need further reading to confirm relevance.,no
Barclays,BARC,,BARC_company_annual_report_previous_fy2024_2024.pdf,p.24,automation,B,"nd we strive to provide them all with a world-class experience. We have made various improvements to our customer journeys, using digitisation and automation to help us serve customers in a way that works for them – including the digitisation of letters and improved telephony with AWS Connect. We have",uncertain,low,Stage B broader-recall term 'automation' matched only; broader AI/automation terms are never auto-classified as generative AI and need further reading to confirm relevance.,no
Barclays,BARC,,BARC_company_annual_report_previous_fy2024_2024.pdf,p.24,automation,B,"will enable us to reduce funding costs. Ongoing, programmatic investments in the digitisation of our customer experience, as well as in tools and automation to assist our colleagues, will further drive improvements in overall cost efficiency. We will continue to explore risk transfer transactions as a",uncertain,low,Stage B broader-recall term 'automation' matched only; broader AI/automation terms are never auto-classified as generative AI and need further reading to confirm relevance.,no
Barclays,BARC,,BARC_company_annual_report_previous_fy2024_2024.pdf,p.78,AI,B,"e work with eight Unreasonable Impact companies across our global real estate portfolio, including Winnow in several of our campuses. Winnow is an AI-powered food waste prevention technology, that uses scales and scanning devices to track, learn, and classify back-of-house prep food waste. The",uncertain,low,Stage B broader-recall term 'AI' matched only; broader AI/automation terms are never auto-classified as generative AI and need further reading to confirm relevance.,no
Barclays,BARC,,BARC_company_annual_report_previous_fy2024_2024.pdf,p.90,AI,B,"eam Energy, Steel, Cement, Automotive Manufacturing, and Aviation portfolios. We have enhanced our data collection and scoring process, leveraging AI and other technology to improve the quality and speed of our review process. CTF assessments continue to help to inform our approach to reducing f",uncertain,low,Stage B broader-recall term 'AI' matched only; broader AI/automation terms are never auto-classified as generative AI and need further reading to confirm relevance.,no
Barclays,BARC,,BARC_company_annual_report_previous_fy2024_2024.pdf,p.100,generative AI,A,"industry through collaborative events and hackathons. Since 2022 the Experimentation Hub has enabled Barclays to explore new technologies such as Generative AI, while also bringing together industry experts across topics such as digital currencies – exploring the application and business benefits of key i",likely_genai,medium,"Stage A high-precision generative-AI term 'generative AI' matched; still requires human confirmation of is_genai, deployment_stage and evidence_strength.",no
Barclays,BARC,,BARC_company_annual_report_previous_fy2024_2024.pdf,p.107,AI,B,"engagement. In March 2024, we held our second annual flagship Sustainable Finance conference in New York, under the theme 'Powering the Transition: AI, Climate Tech and Geopolitics', convening 300+ CEOs, investors, policymakers and industry leaders. We had a strong presence at Climate Week New",uncertain,low,Stage B broader-recall term 'AI' matched only; broader AI/automation terms are never auto-classified as generative AI and need further reading to confirm relevance.,no
Barclays,BARC,,BARC_company_annual_report_previous_fy2024_2024.pdf,p.109,AI,B,"range of investment tools including trend momentum scores, UN SDG mapping and company revenue tagging. Relevant 2024 publications include Powering AI, Green Data Centers, Grid Infrastructure, Water Technology, Earth Observation, Biodiversity, Behavioural Health and Fertility. Further details on",uncertain,low,Stage B broader-recall term 'AI' matched only; broader AI/automation terms are never auto-classified as generative AI and need further reading to confirm relevance.,no
Barclays,BARC,,BARC_company_annual_report_previous_fy2024_2024.pdf,p.148,AI,B,ulminated in a Board-level tabletop exercise. • Participated in a deep dive session on the responsible use of generative artificial intelligence (AI) and considered the opportunities and risks relating to the use of this technology. • Considered how to bring additional technology expertise and,uncertain,low,Stage B broader-recall term 'AI' matched only; broader AI/automation terms are never auto-classified as generative AI and need further reading to confirm relevance.,no
Barclays,BARC,,BARC_company_annual_report_previous_fy2024_2024.pdf,p.167,AI,B,"Barclays US LLC, attended a ‘BIA Teach In’. This covered BIA talent and succession planning, BIA’s approach to auditable entities and BIA’s use of AI to support in the effective provision of assurance work. At the end of the year, the Committee approved the 2025 audit plan and also approved BIA's",uncertain,low,Stage B broader-recall term 'AI' matched only; broader AI/automation terms are never auto-classified as generative AI and need further reading to confirm relevance.,no
Barclays,BARC,,BARC_company_annual_report_previous_fy2024_2024.pdf,p.168,AI,B,uality for Barclays and generally. This included her views on the quality of the audit team dedicated to Barclays and how KPMG intends to utilise AI/technology in delivering the Barclays audit. The KPMG Global Head of Audit attended one of these meetings. External reports • The FRC published it,uncertain,low,Stage B broader-recall term 'AI' matched only; broader AI/automation terms are never auto-classified as generative AI and need further reading to confirm relevance.,no
Barclays,BARC,,BARC_company_annual_report_previous_fy2024_2024.pdf,p.223,artificial intelligence,B,"comes Continue to simplify, standardise and automate Finance and Treasury processes to improve effectiveness and efficiency • Expanded the range of Artificial Intelligence and Machine Learning initiatives being piloted in the Finance function. • Launched the Finance Transformation Office, with a mandate to develop and",uncertain,low,Stage B broader-recall term 'artificial intelligence' matched only; broader AI/automation terms are never auto-classified as generative AI and need further reading to confirm relevance.,no
Barclays,BARC,,BARC_company_annual_report_previous_fy2024_2024.pdf,p.252,machine learning,B,"ow to keep themselves safe. Additionally, for each of the 50 million+ payments our UK customers make every month, our fraud detection systems and machine learning models determine in less than a second if it is likely to be a fraudster rather than the customer, or if our customer appears at risk of being sc",uncertain,low,Stage B broader-recall term 'machine learning' matched only; broader AI/automation terms are never auto-classified as generative AI and need further reading to confirm relevance.,no
Barclays,BARC,,BARC_company_annual_report_previous_fy2024_2024.pdf,p.263,artificial intelligence,B,"ility management, privileged access to Barclays' systems, regulatory developments, and risks and opportunities related to emerging technology and artificial intelligence. Engaging external security consultants to conduct penetration tests, attack simulations and other reviews to independently benchmark Barclays’",uncertain,low,Stage B broader-recall term 'artificial intelligence' matched only; broader AI/automation terms are never auto-classified as generative AI and need further reading to confirm relevance.,no
Barclays,BARC,,BARC_company_annual_report_previous_fy2024_2024.pdf,p.270,generative AI,A,"ding technology companies. For example, the Group has begun to take steps to expand its investment in and to integrate AI technologies, including generative AI. Such AI technologies and services are rapidly evolving, and require significant investment, including development and operational costs, to mee",likely_genai,medium,"Stage A high-precision generative-AI term 'generative AI' matched; still requires human confirmation of is_genai, deployment_stage and evidence_strength.",no
Barclays,BARC,,BARC_company_annual_report_previous_fy2024_2024.pdf,p.270,AI,B,"ational costs, to meet the changing needs and expectations of the Group’s customers and clients. Failure to efficiently develop or integrate such AI technologies may impact the Group’s competitive position and its ability to increase the efficiency of and reduce costs associated with its operat",uncertain,low,Stage B broader-recall term 'AI' matched only; broader AI/automation terms are never auto-classified as generative AI and need further reading to confirm relevance.,no
Barclays,BARC,,BARC_company_annual_report_previous_fy2024_2024.pdf,p.271,AI,B,"• the focus globally on technology adoption and digital delivery, including the use of artificial intelligence (AI), digital assets and digital money (including central bank digital currencies), payments and related infrastructure, and cybersecurity. This als",uncertain,low,Stage B broader-recall term 'AI' matched only; broader AI/automation terms are never auto-classified as generative AI and need further reading to confirm relevance.,no
Barclays,BARC,,BARC_company_annual_report_previous_fy2024_2024.pdf,p.271,AI,B,"latory standards in these areas, underpinned by customer protection principles, and actions by regulators that are designed to support the use of AI in the financial sector; • the continued evolution of the UK’s regulatory framework following the UK's withdrawal from the EU, particularly foll",uncertain,low,Stage B broader-recall term 'AI' matched only; broader AI/automation terms are never auto-classified as generative AI and need further reading to confirm relevance.,no
Barclays,BARC,,BARC_company_annual_report_previous_fy2024_2024.pdf,p.275,AI,B,"s clients in this sector face heightened risk from data security breaches and ransomware and/or cyberattacks as well as from the malicious use of AI, all of which could negatively impact their ability to service debt obligations. The Group also has large individual exposures to single name coun",uncertain,low,Stage B broader-recall term 'AI' matched only; broader AI/automation terms are never auto-classified as generative AI and need further reading to confirm relevance.,no
Barclays,BARC,,BARC_company_annual_report_previous_fy2024_2024.pdf,p.277,AI,B,". The Group's assessment of its cybersecurity risk in 2024 highlighted an elevated cybersecurity risk profile due to factors such as the onset of AI, which may be used to facilitate increasingly sophisticated attacks including AI-enabled social engineering; ongoing work to address areas in nee",uncertain,low,Stage B broader-recall term 'AI' matched only; broader AI/automation terms are never auto-classified as generative AI and need further reading to confirm relevance.,no
Barclays,BARC,,BARC_company_annual_report_previous_fy2024_2024.pdf,p.278,AI,B,"occurring electronically, both on the Group’s own systems and through other alternative systems, and becoming automated. The rapid development in AI is another area the Group is monitoring closely. This includes the identification of potential use cases for responsible adoption of AI in the Gr",uncertain,low,Stage B broader-recall term 'AI' matched only; broader AI/automation terms are never auto-classified as generative AI and need further reading to confirm relevance.,no
Barclays,BARC,,BARC_company_annual_report_previous_fy2024_2024.pdf,p.278,AI,B,"e cases for responsible adoption of AI in the Group’s own operations as well as managing the salient risks and other threats third party usage of AI may pose, including with respect to intellectual property ownership and infringement, cybersecurity, antitrust and fraud. For example, while the",uncertain,low,Stage B broader-recall term 'AI' matched only; broader AI/automation terms are never auto-classified as generative AI and need further reading to confirm relevance.,no
Barclays,BARC,,BARC_company_annual_report_previous_fy2024_2024.pdf,p.278,AI,B,"cluding with respect to intellectual property ownership and infringement, cybersecurity, antitrust and fraud. For example, while the Group may use AI technologies in connection with the creation or development of various materials, including software code, the Group may be unable to protect suc",uncertain,low,Stage B broader-recall term 'AI' matched only; broader AI/automation terms are never auto-classified as generative AI and need further reading to confirm relevance.,no
Barclays,BARC,,BARC_company_annual_report_previous_fy2024_2024.pdf,p.278,AI,B,ntellectual property offices in the United States and in some other jurisdictions that human inventorship is required for patent protection of an AI-generated invention and human authorship is required for copyright protection of an AI-generated work of authorship. This is still an evolving ar,uncertain,low,Stage B broader-recall term 'AI' matched only; broader AI/automation terms are never auto-classified as generative AI and need further reading to confirm relevance.,no
Barclays,BARC,,BARC_company_annual_report_previous_fy2024_2024.pdf,p.278,AI,B,"s still an evolving area of the law, which creates uncertainty that could impact the Group’s ability to obtain intellectual property protection in AI- generated inventions and works of authorship. Introducing new forms of technology has the potential to increase inherent risk. Failure to evalua",uncertain,low,Stage B broader-recall term 'AI' matched only; broader AI/automation terms are never auto-classified as generative AI and need further reading to confirm relevance.,no
Barclays,BARC,,BARC_company_annual_report_previous_fy2024_2024.pdf,p.278,AI,B,"dverse impact on the Group’s business, results of operations, financial condition, and prospects. e) Data management, information protection and AI The Group holds and processes large volumes of data, including personal information, financial data and other confidential information, and the Gr",uncertain,low,Stage B broader-recall term 'AI' matched only; broader AI/automation terms are never auto-classified as generative AI and need further reading to confirm relevance.,no
Barclays,BARC,,BARC_company_annual_report_previous_fy2024_2024.pdf,p.279,AI,B,"otherwise materially adversely affect its business, results of operations, financial condition and prospects. In addition, increased adoption of AI technologies, which rely on the collection of large amounts of data, including personal information, and use of such data for training purposes,",uncertain,low,Stage B broader-recall term 'AI' matched only; broader AI/automation terms are never auto-classified as generative AI and need further reading to confirm relevance.,no
Barclays,BARC,,BARC_company_annual_report_previous_fy2024_2024.pdf,p.279,AI,B,"al information, and use of such data for training purposes, has led legislators in numerous jurisdictions to propose and adopt new laws addressing AI-related usage of personal information and data protection authorities around the world to adopt new and evolving interpretations of existing data",uncertain,low,Stage B broader-recall term 'AI' matched only; broader AI/automation terms are never auto-classified as generative AI and need further reading to confirm relevance.,no
Barclays,BARC,,BARC_company_annual_report_previous_fy2024_2024.pdf,p.279,AI,B,"ions may be burdensome and costly to comply with and may affect the ways in which the Group can collect, process, or use personal information for AI technologies, thus negatively impacting the Group’s business. Further, there is increased risk of inadvertent disclosure of confidential informat",uncertain,low,Stage B broader-recall term 'AI' matched only; broader AI/automation terms are never auto-classified as generative AI and need further reading to confirm relevance.,no
Barclays,BARC,,BARC_company_annual_report_previous_fy2024_2024.pdf,p.279,AI,B,"rther, there is increased risk of inadvertent disclosure of confidential information or personal information in connection with the utilisation of AI technologies, whether through AI model errors, data breaches, or other vulnerabilities, which may also result in stronger regulatory scrutiny, le",uncertain,low,Stage B broader-recall term 'AI' matched only; broader AI/automation terms are never auto-classified as generative AI and need further reading to confirm relevance.,no
Barclays,BARC,,BARC_company_annual_report_previous_fy2024_2024.pdf,p.279,AI,B,"onal systems and infrastructure becomes more challenging. The risk of systems or human error, including errors produced through the integration of AI technologies, in connection with such transactions increases with these developments, as well as the potential consequences of such errors due to",uncertain,low,Stage B broader-recall term 'AI' matched only; broader AI/automation terms are never auto-classified as generative AI and need further reading to confirm relevance.,no
Barclays,BARC,,BARC_company_annual_report_previous_fy2024_2024.pdf,p.279,AI,B,"nd the potential difficulty associated with discovering errors quickly enough to limit the resulting consequences. As the Group works to implement AI technologies into the Group’s product and service offerings, these challenges may become more significant, as AI technologies give rise to risk o",uncertain,low,Stage B broader-recall term 'AI' matched only; broader AI/automation terms are never auto-classified as generative AI and need further reading to confirm relevance.,no
Barclays,BARC,,BARC_company_annual_report_previous_fy2024_2024.pdf,p.279,AI,B,"rors and hallucinations which may impact the Group’s ability to accurately execute, track or report transactions. There can be no assurances that AI usage will enhance the Group’s product or services offerings, and any such errors or inaccuracies resulting from AI usage could result in competit",uncertain,low,Stage B broader-recall term 'AI' matched only; broader AI/automation terms are never auto-classified as generative AI and need further reading to confirm relevance.,no
Barclays,BARC,,BARC_company_annual_report_previous_fy2024_2024.pdf,p.279,AI,B,"damage. h) Supplier exposure The Group depends on suppliers for the provision of many of its services and the development of technology, including AI technology. Whilst the Group depends on suppliers, it remains fully accountable to its customers and clients for risks arising from the actions o",uncertain,low,Stage B broader-recall term 'AI' matched only; broader AI/automation terms are never auto-classified as generative AI and need further reading to confirm relevance.,no
Barclays,BARC,,BARC_company_annual_report_previous_fy2024_2024.pdf,p.279,AI,B,"pliers could have an impact on the Group’s ability to continue to provide material services to its customers. In addition, the use of third party AI technologies may also expose the Group to third party infringement or misappropriation claims, as well as privacy and data protection related cla",uncertain,low,Stage B broader-recall term 'AI' matched only; broader AI/automation terms are never auto-classified as generative AI and need further reading to confirm relevance.,no
Barclays,BARC,,BARC_company_annual_report_previous_fy2024_2024.pdf,p.279,AI,B,"well as privacy and data protection related claims, as it can be very difficult, if not impossible, to validate the processes used by third-party AI technology providers in their collection and use of data in developing and training AI technologies or the conversion of inputs to outputs. Failu",uncertain,low,Stage B broader-recall term 'AI' matched only; broader AI/automation terms are never auto-classified as generative AI and need further reading to confirm relevance.,no
Barclays,BARC,,BARC_company_annual_report_previous_fy2024_2024.pdf,p.382,AI,B,"ing initial inventory. • Enhanced quantitative model risk assessment to cover most significant model suites. • Introduced Artificial Intelligence(AI) Policy, Development of approach to AI validation, and design of associated governance framework. • Expanded model risk framework to provide tran",uncertain,low,Stage B broader-recall term 'AI' matched only; broader AI/automation terms are never auto-classified as generative AI and need further reading to confirm relevance.,no
Barclays,BARC,,BARC_company_annual_report_previous_fy2024_2024.pdf,p.394,AI,B,"nce A number of jurisdictions where the Barclays Group operates have adopted or are considering adopting laws regulating artificial intelligence (AI). The EU’s Artificial Intelligence Act (EU AI Act), which entered into force on 1 August 2024, provides rights and duties designed to ensure the",uncertain,low,Stage B broader-recall term 'AI' matched only; broader AI/automation terms are never auto-classified as generative AI and need further reading to confirm relevance.,no
Barclays,BARC,,BARC_company_annual_report_previous_fy2024_2024.pdf,p.394,AI,B,"ence Act (EU AI Act), which entered into force on 1 August 2024, provides rights and duties designed to ensure the safe and ethical deployment of AI. The EU AI Act requires organisations to ensure suitable levels of AI literacy within their workforce and categorises AI systems based on their le",uncertain,low,Stage B broader-recall term 'AI' matched only; broader AI/automation terms are never auto-classified as generative AI and need further reading to confirm relevance.,no
Barclays,BARC,,BARC_company_annual_report_previous_fy2024_2024.pdf,p.394,AI,B,"s AI systems based on their level of risk. It has a phased approach to compliance, with the first set of requirements prohibiting certain uses of AI applying from 2 February 2025. It also establishes a rigorous compliance regime for high-risk AI applications (which provisions apply from 2 Augus",uncertain,low,Stage B broader-recall term 'AI' matched only; broader AI/automation terms are never auto-classified as generative AI and need further reading to confirm relevance.,no
Barclays,BARC,,BARC_company_annual_report_previous_fy2024_2024.pdf,p.394,AI,B,s a rigorous compliance regime for high-risk AI applications (which provisions apply from 2 August 2027). The extraterritorial effect of the of EU AI Act means entities established outside the EU fall with the EU AI Act’s ambit if they provide or deploy AI in the EU or the output of their AI is,uncertain,low,Stage B broader-recall term 'AI' matched only; broader AI/automation terms are never auto-classified as generative AI and need further reading to confirm relevance.,no
Barclays,BARC,,BARC_company_annual_report_previous_fy2024_2024.pdf,p.394,AI,B,"of their AI is used in the EU. Similarly, several U.S. states are considering enacting or have already enacted regulations concerning the use of AI technologies, including Colorado’s An Act Concerning Consumer Protections In Interactions with AI Systems and the Utah AI Policy Act. Moreover, U",uncertain,low,Stage B broader-recall term 'AI' matched only; broader AI/automation terms are never auto-classified as generative AI and need further reading to confirm relevance.,no
Barclays,BARC,,BARC_company_annual_report_previous_fy2024_2024.pdf,p.394,AI,B,"I Policy Act. Moreover, U.S. federal and state agencies and regulators are considering how existing laws and regulations may apply to the use of AI technologies. For example, in October of 2024, NYDFS issued guidance addressed to executives and information security personnel of regulated ent",uncertain,low,Stage B broader-recall term 'AI' matched only; broader AI/automation terms are never auto-classified as generative AI and need further reading to confirm relevance.,no
Barclays,BARC,,BARC_company_annual_report_previous_fy2024_2024.pdf,p.394,AI,B,"information security personnel of regulated entities to assist them in understanding and assessing cybersecurity risks associated with the use of AI, and implementing appropriate controls to mitigate such risks using the cybersecurity regulation as a relevant framework (e.g., undertaking AI-spe",uncertain,low,Stage B broader-recall term 'AI' matched only; broader AI/automation terms are never auto-classified as generative AI and need further reading to confirm relevance.,no
Barclays,BARC,,BARC_company_annual_report_previous_fy2024_2024.pdf,p.394,AI,B,"to mitigate such risks using the cybersecurity regulation as a relevant framework (e.g., undertaking AI-specific risk assessments, accounting for AI- related risks in contracts with third party service providers, implementing access controls to combat deepfakes and other AI-enhanced social engi",uncertain,low,Stage B broader-recall term 'AI' matched only; broader AI/automation terms are never auto-classified as generative AI and need further reading to confirm relevance.,no
Barclays,BARC,,BARC_company_annual_report_previous_fy2024_2024.pdf,p.426,artificial intelligence,B,"audit process. For the FY24 audit, we continued to deploy a large number of data and analytics tools across our audit.We have begun to introduce Artificial Intelligence based solutions into our audit process on a trial basis. We have also continued to innovate our audit of the estimation of expected credit losses",uncertain,low,Stage B broader-recall term 'artificial intelligence' matched only; broader AI/automation terms are never auto-classified as generative AI and need further reading to confirm relevance.,no
