company,ticker,source_id,local_filename,page_or_section,matched_keyword,stage,surrounding_context,provisional_classification,confidence,reason,possible_extraction_artifact
GSK plc,GSK,,GSK_company_annual_report_current_fy2025.pdf,p.5,AI,B,"…using advanced technologies… Pipeline At every step of the R&D process, we are using data tech, including AI, and platform technologies to be faster, more effective and more predictive in discovering and developing innovative medicines and vaccines. Re",uncertain,low,Stage B broader-recall term 'AI' matched only; broader AI/automation terms are never auto-classified as generative AI and need further reading to confirm relevance.,no
GSK plc,GSK,,GSK_company_annual_report_current_fy2025.pdf,p.10,AI,B,"ernally acquired assets, particularly in RI&I and oncology and we continue to invest significantly in the transformational capability afforded by AI/ML. The Board also remains committed to the company’s long-standing proactive approach to operating responsibly, evident in 92% of Responsible B",uncertain,low,Stage B broader-recall term 'AI' matched only; broader AI/automation terms are never auto-classified as generative AI and need further reading to confirm relevance.,no
GSK plc,GSK,,GSK_company_annual_report_current_fy2025.pdf,p.11,AI,B,"ansforming how GSK works, from development to manufacturing and marketing. There remains profound potential for advanced technologies, including AI, to bring medicines and vaccines to patients with more precision, pace and probability of success. The focus now should be on embedding these tec",uncertain,low,Stage B broader-recall term 'AI' matched only; broader AI/automation terms are never auto-classified as generative AI and need further reading to confirm relevance.,no
GSK plc,GSK,,GSK_company_annual_report_current_fy2025.pdf,p.12,AI,B,"resources to the best opportunities to create value. We’ll also have an increased focus on leveraging the practical use of technology, including AI. Evolving GSK to create value for shareholders Looking forward, I see two clear priorities to create value for shareholders. The first is topline.",uncertain,low,Stage B broader-recall term 'AI' matched only; broader AI/automation terms are never auto-classified as generative AI and need further reading to confirm relevance.,no
GSK plc,GSK,,GSK_company_annual_report_current_fy2025.pdf,p.14,AI,B,"et against a backdrop of continued rapid acceleration in technological innovation and adoption. As generative and agentic artificial intelligence (AI) becomes more sophisticated, it’s transforming how many of us live and work. For the biopharma industry, one of the most significant use cases for",uncertain,low,Stage B broader-recall term 'AI' matched only; broader AI/automation terms are never auto-classified as generative AI and need further reading to confirm relevance.,no
GSK plc,GSK,,GSK_company_annual_report_current_fy2025.pdf,p.14,AI,B,"becomes more sophisticated, it’s transforming how many of us live and work. For the biopharma industry, one of the most significant use cases for AI remains R&D productivity. A proliferation of health data, coupled with the power of AI to interpret ever-larger datasets, offers the potential to d",uncertain,low,Stage B broader-recall term 'AI' matched only; broader AI/automation terms are never auto-classified as generative AI and need further reading to confirm relevance.,no
GSK plc,GSK,,GSK_company_annual_report_current_fy2025.pdf,p.14,AI,B,"pret ever-larger datasets, offers the potential to develop medicines and vaccines with more pace, precision and probability of success. Currently, AI adoption is concentrated in areas from early research through to clinical development. Automation can transform processes such as target selection",uncertain,low,Stage B broader-recall term 'AI' matched only; broader AI/automation terms are never auto-classified as generative AI and need further reading to confirm relevance.,no
GSK plc,GSK,,GSK_company_annual_report_current_fy2025.pdf,p.14,AI,B,"transform processes such as target selection and molecule design, which are otherwise lengthy, manual and costly. Advanced technologies, including AI, create potential to more deeply understand human biology and develop more targeted solutions to prevent and alter the course of disease. Once dru",uncertain,low,Stage B broader-recall term 'AI' matched only; broader AI/automation terms are never auto-classified as generative AI and need further reading to confirm relevance.,no
GSK plc,GSK,,GSK_company_annual_report_current_fy2025.pdf,p.14,AI,B,"eeply understand human biology and develop more targeted solutions to prevent and alter the course of disease. Once drugs are developed, robotics, AI, machine learning and other innovations can all enable manufacturers to get vaccines and medicines of the highest quality standards to those who n",uncertain,low,Stage B broader-recall term 'AI' matched only; broader AI/automation terms are never auto-classified as generative AI and need further reading to confirm relevance.,no
GSK plc,GSK,,GSK_company_annual_report_current_fy2025.pdf,p.14,AI,B,"arketing, as well as streamlining corporate processes, data and technology are optimising the pathway to reach patients. Realising the potential of AI at scale depends on human ingenuity, skill and judgement. Around 4 in 10 core job skills are expected to change within the next five years7. Publi",uncertain,low,Stage B broader-recall term 'AI' matched only; broader AI/automation terms are never auto-classified as generative AI and need further reading to confirm relevance.,no
GSK plc,GSK,,GSK_company_annual_report_current_fy2025.pdf,p.14,AI,B,"bilities – for example, biopharma companies are increasingly seeking talent in fields such as bioinformatics. Crucially, realising the potential of AI for human health will also depend on building trust in how data and technologies are being used to develop healthcare interventions. While AI offe",uncertain,low,Stage B broader-recall term 'AI' matched only; broader AI/automation terms are never auto-classified as generative AI and need further reading to confirm relevance.,no
GSK plc,GSK,,GSK_company_annual_report_current_fy2025.pdf,p.14,AI,B,ere trust in science and technology is under pressure. Companies play an important role in embedding ethical guardrails around the use of data and AI and communicating clearly with the public and stakeholders. Action by policymakers is also needed to build a high- quality data environment and reg,uncertain,low,Stage B broader-recall term 'AI' matched only; broader AI/automation terms are never auto-classified as generative AI and need further reading to confirm relevance.,no
GSK plc,GSK,,GSK_company_annual_report_current_fy2025.pdf,p.14,AI,B,"communicating clearly with the public and stakeholders. Action by policymakers is also needed to build a high- quality data environment and regulate AI in a harmonised, proportionate and pragmatic way. The approach to AI regulation is currently diverging in the US and EU. With the right capabiliti",uncertain,low,Stage B broader-recall term 'AI' matched only; broader AI/automation terms are never auto-classified as generative AI and need further reading to confirm relevance.,no
GSK plc,GSK,,GSK_company_annual_report_current_fy2025.pdf,p.14,AI,B,"ch to AI regulation is currently diverging in the US and EU. With the right capabilities and frameworks in place, advanced technologies, including AI, have the potential to transform healthcare, from discovering and developing medicines and vaccines to reaching the right patients, at the right ti",uncertain,low,Stage B broader-recall term 'AI' matched only; broader AI/automation terms are never auto-classified as generative AI and need further reading to confirm relevance.,no
GSK plc,GSK,,GSK_company_annual_report_current_fy2025.pdf,p.15,AI,B,"es, within a culture that builds trust with transparency. This includes embedding our own governance framework for the development and adoption of AI. The landscape is challenging, but we also have an unprecedented opportunity to move towards new models of care that strengthen access to innovatio",uncertain,low,Stage B broader-recall term 'AI' matched only; broader AI/automation terms are never auto-classified as generative AI and need further reading to confirm relevance.,no
GSK plc,GSK,,GSK_company_annual_report_current_fy2025.pdf,p.31,AI,B,iation between shingles vaccination and lower risk of dementia and cardiovascular events.1 We also published research in Nature Medicine that used AI and machine learning models to show that reactivation of the virus that causes shingles may be a risk factor for dementia. We also announced a firs,uncertain,low,Stage B broader-recall term 'AI' matched only; broader AI/automation terms are never auto-classified as generative AI and need further reading to confirm relevance.,no
GSK plc,GSK,,GSK_company_annual_report_current_fy2025.pdf,p.34,generative AI,A,"iology, enhancing our potential to prevent and change the course of disease. Data technology We use advanced data assets, digital capabilities and generative AI (GenAI) to gain deeper insights into patients, human biology and disease mechanisms. Our teams use our diverse, deep and proprietary data sources t",likely_genai,medium,"Stage A high-precision generative-AI term 'generative AI' matched; still requires human confirmation of is_genai, deployment_stage and evidence_strength.",no
GSK plc,GSK,,GSK_company_annual_report_current_fy2025.pdf,p.34,GenAI,A,"ork with greater speed and precision, accelerating the delivery of solutions to address pressing health challenges. For example, the integration of GenAI and agentic AI into our discovery process significantly enhances our ability to identify genetically validated targets and optimise molecular path",likely_genai,medium,"Stage A high-precision generative-AI term 'GenAI' matched; still requires human confirmation of is_genai, deployment_stage and evidence_strength.",no
GSK plc,GSK,,GSK_company_annual_report_current_fy2025.pdf,p.34,AI,B,"5, we accelerated and expanded the deployment of advanced data and platform technologies end-to-end in R&D. Combined with artificial intelligence (AI), these innovations deepen our understanding of the human immune system and disease biology, enhancing our potential to prevent and change the cour",uncertain,low,Stage B broader-recall term 'AI' matched only; broader AI/automation terms are never auto-classified as generative AI and need further reading to confirm relevance.,no
GSK plc,GSK,,GSK_company_annual_report_current_fy2025.pdf,p.34,AI,B,"cer types. Small molecules Small molecules are designed to target specific proteins or enzymes with precision. Our digital chemistry platform uses AI/machine learning (ML) and automation to accelerate design-build-test cycles i n s m a l l - m o l e c u l e d i s c o v e r y . Within this, our",uncertain,low,Stage B broader-recall term 'AI' matched only; broader AI/automation terms are never auto-classified as generative AI and need further reading to confirm relevance.,no
GSK plc,GSK,,GSK_company_annual_report_current_fy2025.pdf,p.34,AI,B,"uzosiran (GSK'990) for steatotic liver disease (SLD) and a clinical-stage, first-in-class candidate, licensed from Empirico in 2025, for COPD. Our AI-powered, end-to-end oligonucleotide platform, ‘Oligopolis’, which incorporates the Elsie platform we acquired in 2024, is redefining research in ch",uncertain,low,Stage B broader-recall term 'AI' matched only; broader AI/automation terms are never auto-classified as generative AI and need further reading to confirm relevance.,no
GSK plc,GSK,,GSK_company_annual_report_current_fy2025.pdf,p.34,automation,B,"te design-build-test cycles i n s m a l l - m o l e c u l e d i s c o v e r y . Within this, our unique generative design system, combined with automation, will rapidly create chemical compounds at an industry-leading scale and enable us to accelerate identification and optimisation of candidates. Oli",uncertain,low,Stage B broader-recall term 'automation' matched only; broader AI/automation terms are never auto-classified as generative AI and need further reading to confirm relevance.,no
GSK plc,GSK,,GSK_company_annual_report_current_fy2025.pdf,p.35,AI,B,"om strategic partnerships, we’re increasing confidence in our target choice. An example of this is our recent licensing partnership with Noetik, an AI- native biotech, which grants us access to foundation models for colorectal and non-small cell lung cancer research. In COPD, our data-driven disea",uncertain,low,Stage B broader-recall term 'AI' matched only; broader AI/automation terms are never auto-classified as generative AI and need further reading to confirm relevance.,no
GSK plc,GSK,,GSK_company_annual_report_current_fy2025.pdf,p.35,AI,B,"nd vaccines reach the patients most likely to respond, based on the characteristics of their disease. By integrating advanced technologies such as AI/ML, organoids and biomarkers, we are increasingly able to precisely match treatments to individual patient characteristics, maximising therapeutic",uncertain,low,Stage B broader-recall term 'AI' matched only; broader AI/automation terms are never auto-classified as generative AI and need further reading to confirm relevance.,no
GSK plc,GSK,,GSK_company_annual_report_current_fy2025.pdf,p.35,AI,B,"e tumour profile. Circulating tumour DNA (ctDNA) technology enables earlier cancer detection and tailored treatment strategies. When combined with AI algorithms, ctDNA insights help predict therapy responses, equipping healthcare providers with data to inform precise treatment decisions. AI/ML i",uncertain,low,Stage B broader-recall term 'AI' matched only; broader AI/automation terms are never auto-classified as generative AI and need further reading to confirm relevance.,no
GSK plc,GSK,,GSK_company_annual_report_current_fy2025.pdf,p.35,AI,B,care providers with data to inform precise treatment decisions. AI/ML is also driving significant progress across chronic and infectious diseases. AI-powered phenotype analysis using UK Biobank data has reduced research timelines by over 50% in Metabolic Dysfunction-Associated Steatohepatitis (M,uncertain,low,Stage B broader-recall term 'AI' matched only; broader AI/automation terms are never auto-classified as generative AI and need further reading to confirm relevance.,no
GSK plc,GSK,,GSK_company_annual_report_current_fy2025.pdf,p.35,AI,B,"sing UK Biobank data has reduced research timelines by over 50% in Metabolic Dysfunction-Associated Steatohepatitis (MASH). Similarly, we’re using AI/ML analysis of real-world data to explore the potential association between Shingrix, our shingles vaccine, and a reduced risk of dementia. Our Zo",uncertain,low,Stage B broader-recall term 'AI' matched only; broader AI/automation terms are never auto-classified as generative AI and need further reading to confirm relevance.,no
GSK plc,GSK,,GSK_company_annual_report_current_fy2025.pdf,p.35,AI,B,"ation between Shingrix, our shingles vaccine, and a reduced risk of dementia. Our Zoster 122 study published in Nature Medicine leveraged advanced AI/ML models to uncover complex patterns within large-scale data sets, often missed by traditional methods. This large-scale study conducted on the e",uncertain,low,Stage B broader-recall term 'AI' matched only; broader AI/automation terms are never auto-classified as generative AI and need further reading to confirm relevance.,no
GSK plc,GSK,,GSK_company_annual_report_current_fy2025.pdf,p.35,AI,B,"vative technologies that enable us to reach genetically validated targets with the most effective treatment modalities. Integrated tools, including AI, digital twins and automated platforms, are driving improved quality, consistency, and efficiency across research, development and manufacturing.",uncertain,low,Stage B broader-recall term 'AI' matched only; broader AI/automation terms are never auto-classified as generative AI and need further reading to confirm relevance.,no
GSK plc,GSK,,GSK_company_annual_report_current_fy2025.pdf,p.35,AI,B,"(our MenACWY vaccine), they maximised yields through real-time process optimisation and shortened early development timelines by 25%. Finally, our AI/ML-powered lab-in-the-loop automated systems, which scale experimentation and reduce resource duplication, are redefining how we optimise therapies",uncertain,low,Stage B broader-recall term 'AI' matched only; broader AI/automation terms are never auto-classified as generative AI and need further reading to confirm relevance.,no
GSK plc,GSK,,GSK_company_annual_report_current_fy2025.pdf,p.35,machine learning,B,"s in our depemokimab phase III trials, while improving patient experience and data quality. Finally, advanced technologies like digital twins and machine learning are also helping to reduce trial complexity, cutting patient numbers by up to 15% without compromising statistical power. In 2025, retrospective st",uncertain,low,Stage B broader-recall term 'machine learning' matched only; broader AI/automation terms are never auto-classified as generative AI and need further reading to confirm relevance.,no
GSK plc,GSK,,GSK_company_annual_report_current_fy2025.pdf,p.35,automation,B,"redefining how we optimise therapies in HIV and immunology. Accelerating clinical trials Innovative technologies – including predictive modelling, automation, and advanced data technologies – are optimising the way we conduct clinical trials, enabling faster timelines, improved efficiency and reduced pat",uncertain,low,Stage B broader-recall term 'automation' matched only; broader AI/automation terms are never auto-classified as generative AI and need further reading to confirm relevance.,no
GSK plc,GSK,,GSK_company_annual_report_current_fy2025.pdf,p.46,AI,B,"and vaccines to patients. In September 2025, we announced a $1.2 billion investment over the next five years in advanced manufacturing facilities, AI and advanced digital technologies, to deliver new, next- generation biopharma factories and laboratories in the US. These investments, which are par",uncertain,low,Stage B broader-recall term 'AI' matched only; broader AI/automation terms are never auto-classified as generative AI and need further reading to confirm relevance.,no
GSK plc,GSK,,GSK_company_annual_report_current_fy2025.pdf,p.47,AI,B,"ass medicines for respiratory disease and cancer for patients in the US and around the world. Alongside the new flex factory, we’ll be investing in AI and digital capability across our five existing US manufacturing sites, as well as new drug substance manufacturing and device and auto-injector a",uncertain,low,Stage B broader-recall term 'AI' matched only; broader AI/automation terms are never auto-classified as generative AI and need further reading to confirm relevance.,no
GSK plc,GSK,,GSK_company_annual_report_current_fy2025.pdf,p.47,AI,B,"and development on page 15 Harnessing technology Across our supply chain, we’re implementing integrated digital solutions, smart manufacturing and AI to ensure our factories are fit for the future and to enhance speed, quality and efficiency. Smart manufacturing is a broad programme incorporatin",uncertain,low,Stage B broader-recall term 'AI' matched only; broader AI/automation terms are never auto-classified as generative AI and need further reading to confirm relevance.,no
GSK plc,GSK,,GSK_company_annual_report_current_fy2025.pdf,p.47,AI,B,"ring strategy is a centralised interface that consolidates data from multiple sources. This enables us to quickly gain insights and deploy advanced AI applications. We've already implemented several successful examples, including supporting accurate execution of complex manufacturing steps, proce",uncertain,low,Stage B broader-recall term 'AI' matched only; broader AI/automation terms are never auto-classified as generative AI and need further reading to confirm relevance.,no
GSK plc,GSK,,GSK_company_annual_report_current_fy2025.pdf,p.47,AI,B,"part of our global network and we’ll accelerate this deployment in the coming year. By integrating our planning processes with advanced forecasting AI, we’ll drive improvements in planning accuracy and supply chain efficiency, leading to optimised inventory levels. Strategic report Corporate gover",uncertain,low,Stage B broader-recall term 'AI' matched only; broader AI/automation terms are never auto-classified as generative AI and need further reading to confirm relevance.,no
GSK plc,GSK,,GSK_company_annual_report_current_fy2025.pdf,p.47,automation,B,"o enhance speed, quality and efficiency. Smart manufacturing is a broad programme incorporating many new technologies such as intelligent digital automation, dynamic simulation and process modelling tools. We’re initially focusing on three pilot sites before broader implementation. At the heart of our s",uncertain,low,Stage B broader-recall term 'automation' matched only; broader AI/automation terms are never auto-classified as generative AI and need further reading to confirm relevance.,no
GSK plc,GSK,,GSK_company_annual_report_current_fy2025.pdf,p.48,generative AI,A,"rough advanced parameter analysis; enabling predictive maintenance to minimise downtime; and ensuring robust environmental monitoring and control. Generative AI has been implemented at over 20 sites to review historical investigation data and identify trends for improvement. Also, in 2025 we launched an AI",likely_genai,medium,"Stage A high-precision generative-AI term 'generative AI' matched; still requires human confirmation of is_genai, deployment_stage and evidence_strength.",no
GSK plc,GSK,,GSK_company_annual_report_current_fy2025.pdf,p.48,AI,B,AI applications are also delivering tangible benefits in several other key areas: enhancing production through advanced parameter analysis; enabling p,uncertain,low,Stage B broader-recall term 'AI' matched only; broader AI/automation terms are never auto-classified as generative AI and need further reading to confirm relevance.,no
GSK plc,GSK,,GSK_company_annual_report_current_fy2025.pdf,p.48,automation,B,"acturing sites. In total, 23 of our sites are now using solar energy to contribute towards sustainable energy consumption. This year we adopted new automation and robotics to enhance production efficiency and reduce material waste. We are also transitioning from manual to electronic batch records to redu",uncertain,low,Stage B broader-recall term 'automation' matched only; broader AI/automation terms are never auto-classified as generative AI and need further reading to confirm relevance.,no
GSK plc,GSK,,GSK_company_annual_report_current_fy2025.pdf,p.53,AI,B,"ventions. In November, we announced six major new research programmes with the Fleming Initiative, combining scientific expertise with cutting-edge AI technology to accelerate AMR research. This includes funding for around 50 dedicated UK scientific and academic positions focused on AMR research.",uncertain,low,Stage B broader-recall term 'AI' matched only; broader AI/automation terms are never auto-classified as generative AI and need further reading to confirm relevance.,no
GSK plc,GSK,,GSK_company_annual_report_current_fy2025.pdf,p.59,AI,B,"n 2025, 92% of direct high-risk suppliers achieved GSK’s minimum Ecovadis score, or have an improvement plan in place. Responsible use of data and AI Data is critical for achieving our goals for patients, and advancements in artificial intelligence (AI) and machine learning (ML) offer huge potent",uncertain,low,Stage B broader-recall term 'AI' matched only; broader AI/automation terms are never auto-classified as generative AI and need further reading to confirm relevance.,no
GSK plc,GSK,,GSK_company_annual_report_current_fy2025.pdf,p.59,AI,B,"tential. As these technologies evolve, we must use them responsibly and ethically. With the increasing volume and sensitivity of data processed by AI/ML, our focus extends beyond regulatory compliance to robust data governance, ethical safeguards, and embedding privacy into every project from the",uncertain,low,Stage B broader-recall term 'AI' matched only; broader AI/automation terms are never auto-classified as generative AI and need further reading to confirm relevance.,no
GSK plc,GSK,,GSK_company_annual_report_current_fy2025.pdf,p.59,AI,B,"nto every project from the very start. We uphold high standards of data ethics and privacy and require our partners to do the same. Our Responsible AI framework is embedded across the enterprise through governance, oversight and operational controls. Our cross-functional AI Governance Council (AIG",uncertain,low,Stage B broader-recall term 'AI' matched only; broader AI/automation terms are never auto-classified as generative AI and need further reading to confirm relevance.,no
GSK plc,GSK,,GSK_company_annual_report_current_fy2025.pdf,p.59,AI,B,"t and operational controls. Our cross-functional AI Governance Council (AIGC) sets enterprise-wide governance and standards to foster a responsible AI/ML ecosystem. It monitors the external regulatory landscape and anticipates emerging risks. We continue to embed our AI governance, policy, princip",uncertain,low,Stage B broader-recall term 'AI' matched only; broader AI/automation terms are never auto-classified as generative AI and need further reading to confirm relevance.,no
GSK plc,GSK,,GSK_company_annual_report_current_fy2025.pdf,p.59,AI,B,"ontinue to embed our AI governance, policy, principles and procedures. GSK businesses and global functions conduct risk-based assessments to ensure AI systems align with our AI principles and the ethical standards set out in The Code. Our public policy position on responsible AI sets out our view",uncertain,low,Stage B broader-recall term 'AI' matched only; broader AI/automation terms are never auto-classified as generative AI and need further reading to confirm relevance.,no
GSK plc,GSK,,GSK_company_annual_report_current_fy2025.pdf,p.59,AI,B,"n, engaging with policymakers to promote innovation while protecting safety and trust. Human oversight is a foundational element of our Responsible AI framework. This year, we continued to provide two types of training for our people: general enterprise training on the basics of AI and how to use",uncertain,low,Stage B broader-recall term 'AI' matched only; broader AI/automation terms are never auto-classified as generative AI and need further reading to confirm relevance.,no
GSK plc,GSK,,GSK_company_annual_report_current_fy2025.pdf,p.59,AI,B,"framework. This year, we continued to provide two types of training for our people: general enterprise training on the basics of AI and how to use AI models safely and ethically, and more targeted training on rules of engagement for different types of systems and platforms. Our Digital and Privac",uncertain,low,Stage B broader-recall term 'AI' matched only; broader AI/automation terms are never auto-classified as generative AI and need further reading to confirm relevance.,no
GSK plc,GSK,,GSK_company_annual_report_current_fy2025.pdf,p.60,AI,B,"lity and compliance issues that lead to market action. We are also investing in our facilities to stay ahead of regulatory requirements, utilising AI and digital technologies to transform our approach to product development and manufacturing, allowing us to predict issues before they arise. This",uncertain,low,Stage B broader-recall term 'AI' matched only; broader AI/automation terms are never auto-classified as generative AI and need further reading to confirm relevance.,no
GSK plc,GSK,,GSK_company_annual_report_current_fy2025.pdf,p.62,AI,B,"hanging skills needs and expectations of our employees and business, we launched a new Learning and Development (L&D) Hub in 2025. Our L&D Hub uses AI to create a personalised learning experience for individuals, helping to build skills specific to their current or future roles, alongside leaders",uncertain,low,Stage B broader-recall term 'AI' matched only; broader AI/automation terms are never auto-classified as generative AI and need further reading to confirm relevance.,no
GSK plc,GSK,,GSK_company_annual_report_current_fy2025.pdf,p.62,AI,B,"ort our foundational expectations of leadership at GSK, and our award-winning Leading Leaders for senior directors. Helping everyone get ahead with AI Given the speed of technological change and the opportunities this creates for us to deliver innovation to patients at pace, continuing to strength",uncertain,low,Stage B broader-recall term 'AI' matched only; broader AI/automation terms are never auto-classified as generative AI and need further reading to confirm relevance.,no
GSK plc,GSK,,GSK_company_annual_report_current_fy2025.pdf,p.62,AI,B,"portunities this creates for us to deliver innovation to patients at pace, continuing to strengthen our people’s capabilities in using and applying AI is a priority. Whatever people’s role or experience, we want them to feel confident in using AI effectively and responsibly to support their work.",uncertain,low,Stage B broader-recall term 'AI' matched only; broader AI/automation terms are never auto-classified as generative AI and need further reading to confirm relevance.,no
GSK plc,GSK,,GSK_company_annual_report_current_fy2025.pdf,p.62,AI,B,"ever people’s role or experience, we want them to feel confident in using AI effectively and responsibly to support their work. We now have several AI agents across GSK; and GiGi, an AI-powered digital assistant for everyone, that helps people manage day-to-day tasks. More than 50,000 people acro",uncertain,low,Stage B broader-recall term 'AI' matched only; broader AI/automation terms are never auto-classified as generative AI and need further reading to confirm relevance.,no
GSK plc,GSK,,GSK_company_annual_report_current_fy2025.pdf,p.62,AI,B,"ple across GSK use GiGi monthly. This year, DataCon, our annual global digital development event, focused on helping people get the most out of our AI tools. At DataCon, we launched our new AI Pioneers community. Open to all, AI Pioneers gives people early access to learn about and test new AI too",uncertain,low,Stage B broader-recall term 'AI' matched only; broader AI/automation terms are never auto-classified as generative AI and need further reading to confirm relevance.,no
GSK plc,GSK,,GSK_company_annual_report_current_fy2025.pdf,p.62,AI,B,"-site and remote working. – Thrive Global, a science-led digital platform which supports mental resilience and overall wellbeing with personalised, AI-driven micro steps towards individual goals. We have so far launched this in 62 countries, reaching 90% of our people with positive uptake and eng",uncertain,low,Stage B broader-recall term 'AI' matched only; broader AI/automation terms are never auto-classified as generative AI and need further reading to confirm relevance.,no
GSK plc,GSK,,GSK_company_annual_report_current_fy2025.pdf,p.66,agentic AI,A,"te in a dynamic risk environment, where rapid evolution of third-party relationships and advancements in technology, particularly in generative and agentic AI, present both significant opportunities and risks. These elements are not viewed as isolated challenges; rather, our principal risks incorporate t",likely_genai,medium,"Stage A high-precision generative-AI term 'agentic AI' matched; still requires human confirmation of is_genai, deployment_stage and evidence_strength.",no
GSK plc,GSK,,GSK_company_annual_report_current_fy2025.pdf,p.66,AI,B,"we will manage the risk through enterprise risk plans. The plans include a description of the risk; its context, including third-party aspects and AI implications; our risk assessment and appetite; how we will treat the risk; and the actions we will take to mitigate the risk. Also, the plans inc",uncertain,low,Stage B broader-recall term 'AI' matched only; broader AI/automation terms are never auto-classified as generative AI and need further reading to confirm relevance.,no
GSK plc,GSK,,GSK_company_annual_report_current_fy2025.pdf,p.66,AI,B,"k assessments are comprehensive and integrated, enabling effective mitigating actions. We have policies and frameworks governing the application of AI with enterprise oversight and governance provided by Group General Counsel and Chief Digital and Technology Officer to ensure that AI-related initi",uncertain,low,Stage B broader-recall term 'AI' matched only; broader AI/automation terms are never auto-classified as generative AI and need further reading to confirm relevance.,no
GSK plc,GSK,,GSK_company_annual_report_current_fy2025.pdf,p.66,AI,B,ge 289 Climate-related risk management and climate-related financial disclosures – see page 69 Environment – see page 52 Responsible use of data and AI – see page 57 Viability statement – see page 78 Legal proceedings – see page 269 Strategic report Corporate governance Financial statements Investor,uncertain,low,Stage B broader-recall term 'AI' matched only; broader AI/automation terms are never auto-classified as generative AI and need further reading to confirm relevance.,no
GSK plc,GSK,,GSK_company_annual_report_current_fy2025.pdf,p.67,AI,B,r overseen by our Sustainability Council in 2026. – We will continue to embed the opportunities and risks related to third-party relationships and AI into our principal risks. We will maintain monitoring of the external landscape and make sure we adequately address any new emerging risks within,uncertain,low,Stage B broader-recall term 'AI' matched only; broader AI/automation terms are never auto-classified as generative AI and need further reading to confirm relevance.,no
GSK plc,GSK,,GSK_company_annual_report_current_fy2025.pdf,p.67,AI,B,"vernance. For more context on key themes in our external environment, including rapid acceleration and adoption of advanced technologies, including AI, see page 11 Strategic report Corporate governance Financial statements Investor information GSK Annual Report 2025 Risk management continued 65",uncertain,low,Stage B broader-recall term 'AI' matched only; broader AI/automation terms are never auto-classified as generative AI and need further reading to confirm relevance.,no
GSK plc,GSK,,GSK_company_annual_report_current_fy2025.pdf,p.68,AI,B,"collaborations with key academic centres to be at the heart of emerging science, and use deep and diverse data and advanced technologies, including AI/ML, to significantly improve the pace, precision and probability of success of drug development. Financial controls and reporting ↑ External The ex",uncertain,low,Stage B broader-recall term 'AI' matched only; broader AI/automation terms are never auto-classified as generative AI and need further reading to confirm relevance.,no
GSK plc,GSK,,GSK_company_annual_report_current_fy2025.pdf,p.68,automation,B,"Companies face pressure to invest heavily in digital transformation while managing heightened cyber risk and ESG reporting risks. The shift towards automation and technology-driven processes creates both efficiency opportunities and risks from skill gaps, inadequate controls and evolving compliance expect",uncertain,low,Stage B broader-recall term 'automation' matched only; broader AI/automation terms are never auto-classified as generative AI and need further reading to confirm relevance.,no
GSK plc,GSK,,GSK_company_annual_report_current_fy2025.pdf,p.69,generative AI,A,nal risk environment remains stable. The use of multiple channels and platforms to engage with patients and HCPs has increased as digital health and generative AI tools continue to advance. Complex and dynamic disease areas and treatments mean it is important that patients are engaged throughout the lifecycle,likely_genai,medium,"Stage A high-precision generative-AI term 'generative AI' matched; still requires human confirmation of is_genai, deployment_stage and evidence_strength.",no
GSK plc,GSK,,GSK_company_annual_report_current_fy2025.pdf,p.69,AI,B,"ucts. → GSK Our internal risk environment remains stable. We continue to strengthen and refine our engagement practices and internal controls, using AI tools to drive improvements and innovation. We use data and systems to monitor, improve oversight and respond to emerging risks associated with our",uncertain,low,Stage B broader-recall term 'AI' matched only; broader AI/automation terms are never auto-classified as generative AI and need further reading to confirm relevance.,no
GSK plc,GSK,,GSK_company_annual_report_current_fy2025.pdf,p.69,AI,B,"hics and privacy ↑ External The external risk environment is increasing. Laws and regulations governing data protection, privacy, cyber security and AI/ML are evolving, increasing the complexity of the operating environment. The rapid pace of technological innovation is expected to persist, and comp",uncertain,low,Stage B broader-recall term 'AI' matched only; broader AI/automation terms are never auto-classified as generative AI and need further reading to confirm relevance.,no
GSK plc,GSK,,GSK_company_annual_report_current_fy2025.pdf,p.70,AI,B,urther challenges to operational effectiveness. → GSK Our internal risk environment is stable as we adopt new technologies and scale our adoption of AI in the discovery and development of medicines and vaccines. We continue to adapt our internal business processes to enable innovation and to meet e,uncertain,low,Stage B broader-recall term 'AI' matched only; broader AI/automation terms are never auto-classified as generative AI and need further reading to confirm relevance.,no
GSK plc,GSK,,GSK_company_annual_report_current_fy2025.pdf,p.70,AI,B,"al The external risk environment is increasing. The external cyber security threat landscape has never been more complex due to the weaponisation of AI by cyber threat actors, geopolitical tensions, and increased ‘hacktivism’. New cyber regulations and privacy laws, along with the anonymity provide",uncertain,low,Stage B broader-recall term 'AI' matched only; broader AI/automation terms are never auto-classified as generative AI and need further reading to confirm relevance.,no
GSK plc,GSK,,GSK_company_annual_report_current_fy2025.pdf,p.70,AI,B,"ws. Supply continuity remains consistently high as we make changes to our manufacturing platform technologies and launch new pipeline assets, using AI in a targeted way. Strategic report Corporate governance Financial statements Investor information GSK Annual Report 2025 2025 principal risks summar",uncertain,low,Stage B broader-recall term 'AI' matched only; broader AI/automation terms are never auto-classified as generative AI and need further reading to confirm relevance.,no
GSK plc,GSK,,GSK_company_annual_report_current_fy2025.pdf,p.79,AI,B,le 59 Employee engagement 61 Wellbeing and development 59 Human rights Our commitment to human rights 56 Working with third parties 56 Using data and AI responsibly 57 Anti-bribery and corruption Ethical standards 56 Reporting and investigating concerns 56 Environmental matters Environment 52 Climat,uncertain,low,Stage B broader-recall term 'AI' matched only; broader AI/automation terms are never auto-classified as generative AI and need further reading to confirm relevance.,no
GSK plc,GSK,,GSK_company_annual_report_current_fy2025.pdf,p.114,AI,B,"American Appointed: 18 July 2022 Skills and experience Vishal has a distinguished background in technology, particularly in Artificial Intelligence (AI) and Machine Learning (ML), which are central to GSK’s approach to R&D. He also brings a deep understanding of cyber security to the Board. He is t",uncertain,low,Stage B broader-recall term 'AI' matched only; broader AI/automation terms are never auto-classified as generative AI and need further reading to confirm relevance.,no
GSK plc,GSK,,GSK_company_annual_report_current_fy2025.pdf,p.114,AI,B,"ard. He is the founder and CEO of Vianai Systems, Inc, a Silicon Valley-based company that provides advanced technological software and services in AI and ML to large enterprises around the world. Before founding Vianai Systems in 2019, Vishal served as CEO of Infosys Limited, where he led an innov",uncertain,low,Stage B broader-recall term 'AI' matched only; broader AI/automation terms are never auto-classified as generative AI and need further reading to confirm relevance.,no
GSK plc,GSK,,GSK_company_annual_report_current_fy2025.pdf,p.114,AI,B,"ai Systems in 2019, Vishal served as CEO of Infosys Limited, where he led an innovative strategy to help clients renew existing IT landscapes, using AI/automation, design thinking and next-generation technologies to transform customer experiences. He also served as a member of the Executive Board o",uncertain,low,Stage B broader-recall term 'AI' matched only; broader AI/automation terms are never auto-classified as generative AI and need further reading to confirm relevance.,no
GSK plc,GSK,,GSK_company_annual_report_current_fy2025.pdf,p.114,AI,B,"Executive Board of SAP SE, prior to which he was its Chief Technology Officer, and also as a Board Member of Oracle Corporation. Vishal has a PhD in AI from Stanford University and has co-authored several research abstracts related to AI, technology and database management. External appointments F",uncertain,low,Stage B broader-recall term 'AI' matched only; broader AI/automation terms are never auto-classified as generative AI and need further reading to confirm relevance.,no
GSK plc,GSK,,GSK_company_annual_report_current_fy2025.pdf,p.114,AI,B,"xternal appointments Founder and CEO, Vianai Systems, Inc; Member, Supervisory Board, BMW AG; Member of the Advisory Board of Stanford University's AI Center (Institute for Human-Centered Artificial Intelligence). Key Committee Chair Corporate Responsibility Science Nominations & Corporate Governan",uncertain,low,Stage B broader-recall term 'AI' matched only; broader AI/automation terms are never auto-classified as generative AI and need further reading to confirm relevance.,no
GSK plc,GSK,,GSK_company_annual_report_current_fy2025.pdf,p.118,GenAI,A,"ost particularly, the pipeline. We heard from an external panel led by the CSO on the opportunities and threats of health data and applications of GenAI for R&D and commercial operations. We then participated in an interactive exhibition with key employees on the adoption of cutting-edge AI tools ac",likely_genai,medium,"Stage A high-precision generative-AI term 'GenAI' matched; still requires human confirmation of is_genai, deployment_stage and evidence_strength.",no
GSK plc,GSK,,GSK_company_annual_report_current_fy2025.pdf,p.118,AI,B,6 to 2031 (50%) Post-2031 (30%) Financial Performance Pipeline Technology Shareholder Returns Valuation Communication Audit & Risk – Cyber security – AI Governance – Responsible Business reporting – Audit tender process Remuneration – 2024–25 Performance reward – 2025 Remuneration Policy Corporate Re,uncertain,low,Stage B broader-recall term 'AI' matched only; broader AI/automation terms are never auto-classified as generative AI and need further reading to confirm relevance.,no
GSK plc,GSK,,GSK_company_annual_report_current_fy2025.pdf,p.125,AI,B,"crutinising updates on R&D strategy and progress, and progression of our pipeline – reviewing progress on science and technology ambitions, including AI adoption plans – reviewing the critical role and ambitions for our global supply chain, including platform technologies – discussing our overall com",uncertain,low,Stage B broader-recall term 'AI' matched only; broader AI/automation terms are never auto-classified as generative AI and need further reading to confirm relevance.,no
GSK plc,GSK,,GSK_company_annual_report_current_fy2025.pdf,p.129,AI,B,"The Board also reviewed the proposed allocation of capital, including a planned $1.2 billion investment in next-generation biologics manufacturing, AI and digital technologies, and the construction of a new biologics ‘flex’ facility in Pennsylvania Broader considerations included stakeholder engage",uncertain,low,Stage B broader-recall term 'AI' matched only; broader AI/automation terms are never auto-classified as generative AI and need further reading to confirm relevance.,no
GSK plc,GSK,,GSK_company_annual_report_current_fy2025.pdf,p.130,AI,B,", Board members met with talent from the Oncology, Commercial and R&D teams. In October, Board members met with ELP talent for demonstrations of how AI has been adopted to bring efficiency across R&D, Supply and Commercial, and to support learning and development for all employees Opportunities wil",uncertain,low,Stage B broader-recall term 'AI' matched only; broader AI/automation terms are never auto-classified as generative AI and need further reading to confirm relevance.,no
GSK plc,GSK,,GSK_company_annual_report_current_fy2025.pdf,p.136,AI,B,"top that runs through the organisation. We hold a focused selection of in-depth sessions, including regular reviews of the cyber security and the AI control environment and of enterprise risk management items, and we initiated and are continuing to lead a formal audit contract tender process.",uncertain,low,Stage B broader-recall term 'AI' matched only; broader AI/automation terms are never auto-classified as generative AI and need further reading to confirm relevance.,no
GSK plc,GSK,,GSK_company_annual_report_current_fy2025.pdf,p.137,AI,B,"plemented in phases, with the controlled introduction due to be completed by the end of 2026. The Committee will monitor progress during the year. AI use and governance: The Committee was pleased to track the partnership between Tech and Legal & Compliance to respond proactively to the evolving c",uncertain,low,Stage B broader-recall term 'AI' matched only; broader AI/automation terms are never auto-classified as generative AI and need further reading to confirm relevance.,no
GSK plc,GSK,,GSK_company_annual_report_current_fy2025.pdf,p.137,AI,B,"dicated regulatory task force to anticipate and address new global and local cyber-regulatory requirements. As part of this initiative, an advanced AI-driven platform is being developed to automate regulatory-change monitoring across GSK’s markets, continuing to enhance visibility and facilitate",uncertain,low,Stage B broader-recall term 'AI' matched only; broader AI/automation terms are never auto-classified as generative AI and need further reading to confirm relevance.,no
GSK plc,GSK,,GSK_company_annual_report_current_fy2025.pdf,p.138,agentic AI,A,"forward to updates on how the Council progresses its key focus areas, which include: – strengthening controls for more autonomous, decision-making agentic AI systems – continuing to mature governance practices across the business and – completing an external benchmarking exercise to provide independent a",likely_genai,medium,"Stage A high-precision generative-AI term 'agentic AI' matched; still requires human confirmation of is_genai, deployment_stage and evidence_strength.",no
GSK plc,GSK,,GSK_company_annual_report_current_fy2025.pdf,p.138,AI,B,"mitigate this and each of our other enterprise risks are described on pages 68 and 303. Our Responsible AI framework helps us maintain clear guardrails as we scale adoption of AI across GSK to drive innovation, growth and productivity to accelerate our p",uncertain,low,Stage B broader-recall term 'AI' matched only; broader AI/automation terms are never auto-classified as generative AI and need further reading to confirm relevance.,no
GSK plc,GSK,,GSK_company_annual_report_current_fy2025.pdf,p.138,AI,B,"adoption of AI across GSK to drive innovation, growth and productivity to accelerate our purpose. The Committee continued to review the work of the AI Governance Council (Council) in overseeing the integrity and strength of these guardrails. During the year, the Committee discussed oversight of e",uncertain,low,Stage B broader-recall term 'AI' matched only; broader AI/automation terms are never auto-classified as generative AI and need further reading to confirm relevance.,no
GSK plc,GSK,,GSK_company_annual_report_current_fy2025.pdf,p.138,AI,B,"nce Council (Council) in overseeing the integrity and strength of these guardrails. During the year, the Committee discussed oversight of emerging AI systems trends and software. This included the design and development of AI agent (agentic) systems and, critically, the governance controls and se",uncertain,low,Stage B broader-recall term 'AI' matched only; broader AI/automation terms are never auto-classified as generative AI and need further reading to confirm relevance.,no
GSK plc,GSK,,GSK_company_annual_report_current_fy2025.pdf,p.138,AI,B,"protocols. The Committee stressed that as a guiding principle management should keep in mind not only the productivity and efficiency benefits that AI tools, software and systems could deliver for GSK, but also their limitations. The Committee reiterated that strong AI governance was vital to prot",uncertain,low,Stage B broader-recall term 'AI' matched only; broader AI/automation terms are never auto-classified as generative AI and need further reading to confirm relevance.,no
GSK plc,GSK,,GSK_company_annual_report_current_fy2025.pdf,p.138,AI,B,"nce and security risks. It also noted key achievements, including closing outstanding audit actions and introducing enhanced security standards for AI. The Committee received a report from the General Counsel highlighting the importance of monitoring the evolving AI-litigation landscape, and regu",uncertain,low,Stage B broader-recall term 'AI' matched only; broader AI/automation terms are never auto-classified as generative AI and need further reading to confirm relevance.,no
GSK plc,GSK,,GSK_company_annual_report_current_fy2025.pdf,p.138,AI,B,"f monitoring the evolving AI-litigation landscape, and regulatory and enforcement trends, and of incorporating lessons learnt from monitoring GSK’s AI processes. In 2026, the Committee is looking forward to updates on how the Council progresses its key focus areas, which include: – strengthening c",uncertain,low,Stage B broader-recall term 'AI' matched only; broader AI/automation terms are never auto-classified as generative AI and need further reading to confirm relevance.,no
GSK plc,GSK,,GSK_company_annual_report_current_fy2025.pdf,p.153,AI,B,"s. GSK achieved five new FDA approvals, and the early and late-stage pipeline was strengthened with targeted BD and collaborations in technology and AI/ML. In addition to the targets set at the beginning of the year, Emma personally provided significant engagement and leadership for GSK on MFN and t",uncertain,low,Stage B broader-recall term 'AI' matched only; broader AI/automation terms are never auto-classified as generative AI and need further reading to confirm relevance.,no
GSK plc,GSK,,GSK_company_annual_report_current_fy2025.pdf,p.153,AI,B,"ecuted as per plan Exceeded Deliver digital, data and tech milestones – Leveraged unique insight and connection to tech companies to drive continued AI capability embedding at scale in global functions, manufacturing, R&D and commercial with measurement of efficiencies achieved – Excellent progress",uncertain,low,Stage B broader-recall term 'AI' matched only; broader AI/automation terms are never auto-classified as generative AI and need further reading to confirm relevance.,no
GSK plc,GSK,,GSK_company_annual_report_current_fy2025.pdf,p.153,AI,B,"g at scale in global functions, manufacturing, R&D and commercial with measurement of efficiencies achieved – Excellent progress across the R&D data/AI technology goals driving improvements in cycle time, cost and attrition – 7,900 employees completed the Enterprise Digital Fluency training, local t",uncertain,low,Stage B broader-recall term 'AI' matched only; broader AI/automation terms are never auto-classified as generative AI and need further reading to confirm relevance.,no
GSK plc,GSK,,GSK_company_annual_report_current_fy2025.pdf,p.153,AI,B,"attrition – 7,900 employees completed the Enterprise Digital Fluency training, local training at 50+ sites – Two-day demonstration with the Board on AI/ML in action across the business Exceeded Meet Trust goals and protect and build GSK’s reputation – Constructive engagement with governments and re",uncertain,low,Stage B broader-recall term 'AI' matched only; broader AI/automation terms are never auto-classified as generative AI and need further reading to confirm relevance.,no
GSK plc,GSK,,GSK_company_annual_report_current_fy2025.pdf,p.154,agentic AI,A,"t performance reviews – Identified and progressed top three technology enablement priorities in finance (forecasting AI, Smart resource allocation, Agentic AI) and the traversal AI enabled resource allocation program has gone live in five markets Exceeded Lead exceptional IR deployment – Partnering with",likely_genai,medium,"Stage A high-precision generative-AI term 'agentic AI' matched; still requires human confirmation of is_genai, deployment_stage and evidence_strength.",no
GSK plc,GSK,,GSK_company_annual_report_current_fy2025.pdf,p.160,AI,B,"55k per annum – Supplemental fee paid to Science and Medical Experts to be expanded to cover Science, Specialty Tech and Medical Experts to include AI/ML and cyber technical expertise or equivalent future specialisms as required by the Board. This fee recognises the expertise and additional time c",uncertain,low,Stage B broader-recall term 'AI' matched only; broader AI/automation terms are never auto-classified as generative AI and need further reading to confirm relevance.,no
GSK plc,GSK,,GSK_company_annual_report_current_fy2025.pdf,p.161,AI,B,"he introduction of committee membership fees, and to extend the supplemental fees payable to members of the Science Committee to include NEDs with AI/ML and Specialty Tech expertise and other such skills beyond Science Committee membership. The revision to the Policy will also increase the NED SO",uncertain,low,Stage B broader-recall term 'AI' matched only; broader AI/automation terms are never auto-classified as generative AI and need further reading to confirm relevance.,no
GSK plc,GSK,,GSK_company_annual_report_current_fy2025.pdf,p.291,AI,B,"significance and are consistent with the principal risks detailed on page 63. Opportunities and risks associated with third-party relationships and AI, particularly generative and agentic, are considered within each principal risk, ensuring that risk assessments are comprehensive and integrated, a",uncertain,low,Stage B broader-recall term 'AI' matched only; broader AI/automation terms are never auto-classified as generative AI and need further reading to confirm relevance.,no
GSK plc,GSK,,GSK_company_annual_report_current_fy2025.pdf,p.292,AI,B,"holder confidence. Information sources which are not based on robust scientific research, including publications, media coverage, social media and AI tools have increased. This could lead to more critical reports related to our products. Such information and reports, as well as poor management of",uncertain,low,Stage B broader-recall term 'AI' matched only; broader AI/automation terms are never auto-classified as generative AI and need further reading to confirm relevance.,no
GSK plc,GSK,,GSK_company_annual_report_current_fy2025.pdf,p.293,AI,B,"; economic volatility driven by new trade policies; an increased focus on inspections throughout the supply chain; the accelerating integration of AI and other technologies; and new and evolving legislation and regulatory guidance. Combined, these factors create a broad spectrum of challenges for",uncertain,low,Stage B broader-recall term 'AI' matched only; broader AI/automation terms are never auto-classified as generative AI and need further reading to confirm relevance.,no
GSK plc,GSK,,GSK_company_annual_report_current_fy2025.pdf,p.293,AI,B,"tion readiness. We are actively contributing to global industry advocacy topics, including the regulatory frameworks for advancing technologies and AI to support compliance, patient safety and product supply. We have an ongoing programme to drive continuous improvement of quality management matur",uncertain,low,Stage B broader-recall term 'AI' matched only; broader AI/automation terms are never auto-classified as generative AI and need further reading to confirm relevance.,no
GSK plc,GSK,,GSK_company_annual_report_current_fy2025.pdf,p.294,AI,B,"works that support innovation, trust and transparency in light of rapid technological progress. As we invest in data- driven technologies, including AI and advanced platforms to improve R&D speed and effectiveness, we also recognise that these are newly emerging technologies and therefore may requ",uncertain,low,Stage B broader-recall term 'AI' matched only; broader AI/automation terms are never auto-classified as generative AI and need further reading to confirm relevance.,no
GSK plc,GSK,,GSK_company_annual_report_current_fy2025.pdf,p.294,AI,B,"at the heart of emerging science, and use deep and diverse data and advanced technologies, including artificial intelligence and machine learning (AI/ML), to significantly improve the pace, precision and probability of success of drug development. Strategic report Corporate governance Financial s",uncertain,low,Stage B broader-recall term 'AI' matched only; broader AI/automation terms are never auto-classified as generative AI and need further reading to confirm relevance.,no
GSK plc,GSK,,GSK_company_annual_report_current_fy2025.pdf,p.295,AI,B,"for fraud, error or inefficiency. Failures in safeguarding critical systems, managing third-party and banking dependencies, or overseeing data and AI risks could further lead to operational disruption, financial loss, and loss of stakeholder confidence. Context Externally, geopolitical tensions, e",uncertain,low,Stage B broader-recall term 'AI' matched only; broader AI/automation terms are never auto-classified as generative AI and need further reading to confirm relevance.,no
GSK plc,GSK,,GSK_company_annual_report_current_fy2025.pdf,p.295,AI,B,"– create interdependencies with third parties, offshore partners and banking counterparties. These connections heighten exposure to data, cyber and AI risks, while making governance, resilience and effective controls central to sustaining our financial integrity and long-term strategic objectives.",uncertain,low,Stage B broader-recall term 'AI' matched only; broader AI/automation terms are never auto-classified as generative AI and need further reading to confirm relevance.,no
GSK plc,GSK,,GSK_company_annual_report_current_fy2025.pdf,p.295,automation,B,"governance, resilience and effective controls central to sustaining our financial integrity and long-term strategic objectives. The shift towards automation and technology-driven processes creates both efficiency and opportunities and risks from skills gaps, inadequate controls and evolving compliance e",uncertain,low,Stage B broader-recall term 'automation' matched only; broader AI/automation terms are never auto-classified as generative AI and need further reading to confirm relevance.,no
GSK plc,GSK,,GSK_company_annual_report_current_fy2025.pdf,p.296,artificial intelligence,B,ion and risk management activities. Our independent business monitoring and third-party monitoring teams incorporate specialist data expertise and artificial intelligence tools to support monitoring and analysis of bribery and corruption and commercial practices risk. We continue to enhance our controls around third-p,uncertain,low,Stage B broader-recall term 'artificial intelligence' matched only; broader AI/automation terms are never auto-classified as generative AI and need further reading to confirm relevance.,no
GSK plc,GSK,,GSK_company_annual_report_current_fy2025.pdf,p.299,AI,B,"Data ethics and privacy Risk definition The risk that GSK or our third parties potentially fail to ethically collect; use, re-use through AI, data analytics or automation, secure, share and destroy personal information in accordance with laws, regulations, and internal controls and requi",uncertain,low,Stage B broader-recall term 'AI' matched only; broader AI/automation terms are never auto-classified as generative AI and need further reading to confirm relevance.,no
GSK plc,GSK,,GSK_company_annual_report_current_fy2025.pdf,p.299,AI,B,"tion Officer (DPO) we have made such appointments, including in the EU. In line with our global data strategy and focus on data-driven science and AI/ML, the ERO has appointed a Head of Digital, Privacy and Cybersecurity (Head of DPC) to oversee the design, implementation and continuous enhanceme",uncertain,low,Stage B broader-recall term 'AI' matched only; broader AI/automation terms are never auto-classified as generative AI and need further reading to confirm relevance.,no
GSK plc,GSK,,GSK_company_annual_report_current_fy2025.pdf,p.299,AI,B,"et support, monitoring regulatory developments, delivering targeted training programmes, and maintaining expertise in emerging technologies such as AI/ML. To strengthen compliance and accountability, privacy controls are integrated into all business initiatives, with processes for identifying, ma",uncertain,low,Stage B broader-recall term 'AI' matched only; broader AI/automation terms are never auto-classified as generative AI and need further reading to confirm relevance.,no
GSK plc,GSK,,GSK_company_annual_report_current_fy2025.pdf,p.299,AI,B,"e integrated into all business initiatives, with processes for identifying, managing and resolving privacy-related issues continuously refined. The AI Governance Council serves as a critical oversight body, monitoring regulatory updates, aligning our Responsible AI Framework with evolving standard",uncertain,low,Stage B broader-recall term 'AI' matched only; broader AI/automation terms are never auto-classified as generative AI and need further reading to confirm relevance.,no
GSK plc,GSK,,GSK_company_annual_report_current_fy2025.pdf,p.299,AI,B,"l serves as a critical oversight body, monitoring regulatory updates, aligning our Responsible AI Framework with evolving standards, and embedding AI risk management into Risk Management Compliance Boards. Through these coordinated efforts, we remain committed to meeting our global privacy and da",uncertain,low,Stage B broader-recall term 'AI' matched only; broader AI/automation terms are never auto-classified as generative AI and need further reading to confirm relevance.,no
GSK plc,GSK,,GSK_company_annual_report_current_fy2025.pdf,p.300,AI,B,"er requirements related to national security and data sovereignty that may disrupt R&D. Rapid technological expansion particularly in the areas of AI and automation, present opportunities but also exert significant competitive pressure in the context of a disparate and evolving ethical, legal, an",uncertain,low,Stage B broader-recall term 'AI' matched only; broader AI/automation terms are never auto-classified as generative AI and need further reading to confirm relevance.,no
GSK plc,GSK,,GSK_company_annual_report_current_fy2025.pdf,p.301,AI,B,"opting advanced technologies, we ensure the secure management and accessibility of human biological samples, data and information. Our Responsible AI Internal Control Framework integrates enterprise-wide controls, Accountability Reports, and oversight from the AI Governance Council. R&D-specific",uncertain,low,Stage B broader-recall term 'AI' matched only; broader AI/automation terms are never auto-classified as generative AI and need further reading to confirm relevance.,no
GSK plc,GSK,,GSK_company_annual_report_current_fy2025.pdf,p.301,automation,B,"data governance frameworks to support compliance and competitiveness across our R&D activities. By strategically aligning investments, leveraging automation and adopting advanced technologies, we ensure the secure management and accessibility of human biological samples, data and information. Our Respo",uncertain,low,Stage B broader-recall term 'automation' matched only; broader AI/automation terms are never auto-classified as generative AI and need further reading to confirm relevance.,no
GSK plc,GSK,,GSK_company_annual_report_current_fy2025.pdf,p.303,AI,B,"companies. Our drive to enhance pipeline innovation, performance and productivity through advanced technologies like digital tools, data analytics, AI/ML and cloud computing demands continuous improvement in our cyber security measures and defences. We depend on external contractors, partners and",uncertain,low,Stage B broader-recall term 'AI' matched only; broader AI/automation terms are never auto-classified as generative AI and need further reading to confirm relevance.,no
GSK plc,GSK,,GSK_company_annual_report_current_fy2025.pdf,p.305,AI,B,"objectives. This drives an increasing need for robust skills and capabilities planning. Significant advances in science and technology, especially AI, mean that the skills and capabilities needed for jobs across the pharmaceutical and healthcare industries are rapidly evolving. This requires eval",uncertain,low,Stage B broader-recall term 'AI' matched only; broader AI/automation terms are never auto-classified as generative AI and need further reading to confirm relevance.,no
GSK plc,GSK,,GSK_company_annual_report_current_fy2025.pdf,p.329,AI,B,eration governance 160 Remuneration report 140 Reporting framework 84 Research and development 14 Responsible business 47 Responsible use of data and AI 57 Right of use assets 214 Risk management 63 Science Committee report 131 Section 172 statement 77 Share capital and control 305 Share capital and,uncertain,low,Stage B broader-recall term 'AI' matched only; broader AI/automation terms are never auto-classified as generative AI and need further reading to confirm relevance.,no
GSK plc,GSK,,GSK_company_annual_report_previous_fy2024.pdf,p.5,AI,B,"…using advanced technologies… Pipeline At every step of the R&D process, we are using data tech, including AI, and platform technologies to be faster, more effective and more predictive in discovering and developing innovative medicines and vaccines. Re",uncertain,low,Stage B broader-recall term 'AI' matched only; broader AI/automation terms are never auto-classified as generative AI and need further reading to confirm relevance.,no
GSK plc,GSK,,GSK_company_annual_report_previous_fy2024.pdf,p.9,AI,B,"lls and experience across all parts of the biopharma value chain, including strategically important areas to GSK such as genetics, immunology and AI. In 2024, we were delighted to welcome Dr Jeannie Lee to the Board. Jeannie is Vice Chair of the Department of Genetics at Harvard Medical School",uncertain,low,Stage B broader-recall term 'AI' matched only; broader AI/automation terms are never auto-classified as generative AI and need further reading to confirm relevance.,no
GSK plc,GSK,,GSK_company_annual_report_previous_fy2024.pdf,p.12,AI,B,"f new therapies. Advances in understanding of human genetics and functional genomics, in tandem with artificial intelligence and machine learning (AI/ML), are enabling scientists to decode the mechanisms of disease. A better understanding of biological processes, such as inflammation and ageing",uncertain,low,Stage B broader-recall term 'AI' matched only; broader AI/automation terms are never auto-classified as generative AI and need further reading to confirm relevance.,no
GSK plc,GSK,,GSK_company_annual_report_previous_fy2024.pdf,p.12,AI,B,"d technological advances continues to prompt innovative partnerships and collaborations across sectors. The biopharma industry completed around 60 AI/ML focused deals in 2024. Countries also continue to look to innovation generated by strategic industries, including biopharma, to support growth.",uncertain,low,Stage B broader-recall term 'AI' matched only; broader AI/automation terms are never auto-classified as generative AI and need further reading to confirm relevance.,no
GSK plc,GSK,,GSK_company_annual_report_previous_fy2024.pdf,p.12,AI,B,"data and new technologies. Read more about our R&D to prevent and change the course of disease on pages 12 to 31 £9.9bn Total deal value of AI/ML transactions completed by the biopharma sector in 2024. $440bn Projected global spending on oncology medicines by 2028, according to IQVIA, mak",uncertain,low,Stage B broader-recall term 'AI' matched only; broader AI/automation terms are never auto-classified as generative AI and need further reading to confirm relevance.,no
GSK plc,GSK,,GSK_company_annual_report_previous_fy2024.pdf,p.22,AI,B,"n locally advanced dMMR rectal cancer The dMMR/MSI-H biomarker is also present in colorectal cancers, so we’re using this, along with our advanced AI and ML technologies, to inform our development programme for dostarlimab beyond endometrial cancer. In 2024, we announced updated results from a ph",uncertain,low,Stage B broader-recall term 'AI' matched only; broader AI/automation terms are never auto-classified as generative AI and need further reading to confirm relevance.,no
GSK plc,GSK,,GSK_company_annual_report_previous_fy2024.pdf,p.30,AI,B,"form technologies. Data technology – deep understanding of disease Data tech, including data itself, digital capabilities, artificial intelligence (AI) and machine learning (ML), gives us an unprecedented depth of understanding of patients, human biology, and disease mechanisms. Our world-leading",uncertain,low,Stage B broader-recall term 'AI' matched only; broader AI/automation terms are never auto-classified as generative AI and need further reading to confirm relevance.,no
GSK plc,GSK,,GSK_company_annual_report_previous_fy2024.pdf,p.30,AI,B,"a sources allow us to push the boundaries of what’s possible and enable our teams to work faster and with greater precision. For example, applying AI and ML to our work in human genetics and functional genomics has significantly enhanced our understanding of disease processes. This means we can",uncertain,low,Stage B broader-recall term 'AI' matched only; broader AI/automation terms are never auto-classified as generative AI and need further reading to confirm relevance.,no
GSK plc,GSK,,GSK_company_annual_report_previous_fy2024.pdf,p.30,AI,B,"enzymes in the body to treat diseases. We’re building a digital chemistry platform to transform the discovery of small molecule medicines by using AI/ML and automation. This will help create chemical compounds at an industry- leading scale, quickly and efficiently, through a unique generative des",uncertain,low,Stage B broader-recall term 'AI' matched only; broader AI/automation terms are never auto-classified as generative AI and need further reading to confirm relevance.,no
GSK plc,GSK,,GSK_company_annual_report_previous_fy2024.pdf,p.30,machine learning,B,", and make clinical trials as effective as possible. Increasingly, technology is enabling a more dynamic approach to R&D. For example, we’re using machine learning algorithms to identify potential drug targets and advanced data analytics to predict patient responses. We’re also implementing digital twins, whic",uncertain,low,Stage B broader-recall term 'machine learning' matched only; broader AI/automation terms are never auto-classified as generative AI and need further reading to confirm relevance.,no
GSK plc,GSK,,GSK_company_annual_report_previous_fy2024.pdf,p.31,AI,B,t for steatotic liver disease. Our acquisition of Elsie Biotechnologies in 2024 brings together Elsie’s expertise and our internal capabilities in AI/ML to accelerate a next-generation oligonucleotide platform. This will further enable us to create predictive models for designing oligonucleotides,uncertain,low,Stage B broader-recall term 'AI' matched only; broader AI/automation terms are never auto-classified as generative AI and need further reading to confirm relevance.,no
GSK plc,GSK,,GSK_company_annual_report_previous_fy2024.pdf,p.31,AI,B,"understand which patients may respond best to our treatments at specific points in their disease. In the case of our oligonucleotide bepirovirsen, AI and ML are helping us to achieve functional cure in more patients with chronic hepatitis B. Modelling retrospective data from our phase II trial s",uncertain,low,Stage B broader-recall term 'AI' matched only; broader AI/automation terms are never auto-classified as generative AI and need further reading to confirm relevance.,no
GSK plc,GSK,,GSK_company_annual_report_previous_fy2024.pdf,p.32,AI,B,"regulatory submissions. To reach more patients faster, we’re saving time and cost by automating clinical and regulatory submission documents with AI, for instance in certain phase III trials of Jemperli and depemokimab. In 2024, we continued our year-on-year reduction in submission times with me",uncertain,low,Stage B broader-recall term 'AI' matched only; broader AI/automation terms are never auto-classified as generative AI and need further reading to confirm relevance.,no
GSK plc,GSK,,GSK_company_annual_report_previous_fy2024.pdf,p.32,AI,B,"give us access to large genetic datasets to deepen our understanding of disease. We integrate them with other datasets, including our own, and use AI and ML to generate insights that enable us to significantly improve and accelerate drug discovery and development. We work with Tempus, a precision",uncertain,low,Stage B broader-recall term 'AI' matched only; broader AI/automation terms are never auto-classified as generative AI and need further reading to confirm relevance.,no
GSK plc,GSK,,GSK_company_annual_report_previous_fy2024.pdf,p.32,AI,B,"of disease. For instance, we’re replicating clinical conditions using tumour models from patient-derived organoids alongside digital pathology and AI to increase our speed and probability of success in development at our Digital Biological Twin Lab in Stevenage. In 2024, we announced new collabor",uncertain,low,Stage B broader-recall term 'AI' matched only; broader AI/automation terms are never auto-classified as generative AI and need further reading to confirm relevance.,no
GSK plc,GSK,,GSK_company_annual_report_previous_fy2024.pdf,p.46,AI,B,"logy, it’s about enabling us to work smarter and more efficiently. We can augment our human creativity, expertise and problem solving with data and AI, increasing our impact and delivering better and faster for patients. For example, we have introduced an AI tool to quickly determine the best tra",uncertain,low,Stage B broader-recall term 'AI' matched only; broader AI/automation terms are never auto-classified as generative AI and need further reading to confirm relevance.,no
GSK plc,GSK,,GSK_company_annual_report_previous_fy2024.pdf,p.46,artificial intelligence,B,"ls, digital twins for continuous process optimisation, robotics for material handling, and predictive maintenance and digital scheduling enabled by artificial intelligence. These investments in innovative technologies and platforms demonstrate our commitment to advancing science, technology and sustainability. To sup",uncertain,low,Stage B broader-recall term 'artificial intelligence' matched only; broader AI/automation terms are never auto-classified as generative AI and need further reading to confirm relevance.,no
GSK plc,GSK,,GSK_company_annual_report_previous_fy2024.pdf,p.47,automation,B,"elping us deliver right first-time technology transfer to scale up manufacturing and launch plans for our HIV pipeline, including cabotegravir. Automation and robotics also help to improve ergonomics, increase efficiency and deliver more medicines and vaccines around the world, on time every time. At",uncertain,low,Stage B broader-recall term 'automation' matched only; broader AI/automation terms are never auto-classified as generative AI and need further reading to confirm relevance.,no
GSK plc,GSK,,GSK_company_annual_report_previous_fy2024.pdf,p.58,AI,B,operations. This is a management system using best-known methods to reduce risks associated with services performed by contractors. Using data and AI responsibly We take our responsibility for data ethics and privacy seriously and we exercise high standards of integrity in dealing with the perso,uncertain,low,Stage B broader-recall term 'AI' matched only; broader AI/automation terms are never auto-classified as generative AI and need further reading to confirm relevance.,no
GSK plc,GSK,,GSK_company_annual_report_previous_fy2024.pdf,p.58,AI,B,"s, monitor and mitigate new and emerging cyber threats to protect GSK from cyber security risks. In 2024, we continued to embed our cross-functional AI Governance Council (AIGC) to oversee our AI strategy and to ensure responsible adoption of AI/ML. We also introduced a new responsible AI Standard",uncertain,low,Stage B broader-recall term 'AI' matched only; broader AI/automation terms are never auto-classified as generative AI and need further reading to confirm relevance.,no
GSK plc,GSK,,GSK_company_annual_report_previous_fy2024.pdf,p.58,AI,B,"ML. We also introduced a new responsible AI Standard Operating Procedure, which defines the requirements for all development and/or procurement of AI systems across GSK, and established a framework for business functions to integrate AI risk review and management within existing risk management",uncertain,low,Stage B broader-recall term 'AI' matched only; broader AI/automation terms are never auto-classified as generative AI and need further reading to confirm relevance.,no
GSK plc,GSK,,GSK_company_annual_report_previous_fy2024.pdf,p.58,AI,B,"functions to integrate AI risk review and management within existing risk management compliance boards. Our public policy position on responsible AI sets out our views, commitments and asks of policymakers. Political engagement We are committed to the highest ethical standards and legislative re",uncertain,low,Stage B broader-recall term 'AI' matched only; broader AI/automation terms are never auto-classified as generative AI and need further reading to confirm relevance.,no
GSK plc,GSK,,GSK_company_annual_report_previous_fy2024.pdf,p.58,artificial intelligence,B,"nt issues are healthcare access and affordability, safety of patients and trial participants, working conditions, environmental health impacts, and artificial intelligence and data protection. We continue to make progress in integrating the management of these issues within our operations and how we conduct our busine",uncertain,low,Stage B broader-recall term 'artificial intelligence' matched only; broader AI/automation terms are never auto-classified as generative AI and need further reading to confirm relevance.,no
GSK plc,GSK,,GSK_company_annual_report_previous_fy2024.pdf,p.61,AI,B,"key to our purpose and to delivering our ambitions. Building digital fluency and behaviours across the organisation is a priority, with a focus on AI, data & analytics, experimentation and fostering curiosity. We have built our people's skills with training, as well as global events such as Data",uncertain,low,Stage B broader-recall term 'AI' matched only; broader AI/automation terms are never auto-classified as generative AI and need further reading to confirm relevance.,no
GSK plc,GSK,,GSK_company_annual_report_previous_fy2024.pdf,p.61,AI,B,"for them. These include: – Thrive Global, a science-led digital platform which supports mental resilience and overall wellbeing with personalised, AI-driven micro steps towards individual goals. We have so far launched this in eight countries, reaching 56% of our people with positive uptake and",uncertain,low,Stage B broader-recall term 'AI' matched only; broader AI/automation terms are never auto-classified as generative AI and need further reading to confirm relevance.,no
GSK plc,GSK,,GSK_company_annual_report_previous_fy2024.pdf,p.66,AI,B,"ment and remains a focus for our innovative new platforms such as oligonucleotides, mRNA and antibody drug conjugates (ADC) and for the adoption of AI solutions. → GSK Our internal risk environment remains stable. We are embedding a single quality organisation and managing the integration of quali",uncertain,low,Stage B broader-recall term 'AI' matched only; broader AI/automation terms are never auto-classified as generative AI and need further reading to confirm relevance.,no
GSK plc,GSK,,GSK_company_annual_report_previous_fy2024.pdf,p.67,generative AI,A,"ngagement → External The external risk environment is stable. We engage externally through multiple channels and platforms, while digital health and generative AI tools advance. The environment continues to be characterised by complex and dynamic disease areas and treatments, requiring patient engagement thro",likely_genai,medium,"Stage A high-precision generative-AI term 'generative AI' matched; still requires human confirmation of is_genai, deployment_stage and evidence_strength.",no
GSK plc,GSK,,GSK_company_annual_report_previous_fy2024.pdf,p.67,AI,B,"ent and disease centric marketing strategies are high. → GSK Our internal risk exposure remains stable. We’ve adjusted to new technologies including AI/ML and new digital channels for promotional and non-promotional activities. We have mature and robust internal control systems, processes and monit",uncertain,low,Stage B broader-recall term 'AI' matched only; broader AI/automation terms are never auto-classified as generative AI and need further reading to confirm relevance.,no
GSK plc,GSK,,GSK_company_annual_report_previous_fy2024.pdf,p.67,AI,B,ins stable. We continue to build capability and improve our engagement practices and internal controls to mitigate risk while exploring and piloting AI tools. We use data and systems to monitor for emerging risks associated with scientific and patient engagement activities and embedded existing con,uncertain,low,Stage B broader-recall term 'AI' matched only; broader AI/automation terms are never auto-classified as generative AI and need further reading to confirm relevance.,no
GSK plc,GSK,,GSK_company_annual_report_previous_fy2024.pdf,p.67,AI,B,"Officer organisation. Data ethics and privacy ↑ External The external risk environment is increasing. Data protection, privacy, cyber security, and AI/ML laws continue to evolve, increasing the complexity and risk in our environment. The rapid pace of technological innovation is expected to persis",uncertain,low,Stage B broader-recall term 'AI' matched only; broader AI/automation terms are never auto-classified as generative AI and need further reading to confirm relevance.,no
GSK plc,GSK,,GSK_company_annual_report_previous_fy2024.pdf,p.68,AI,B,"al The external risk environment is increasing. The external cyber security threat landscape has never been more complex due to the weaponization of AI by cyber threat actors, geopolitical tensions, and increased ‘hacktivism’. New cyber regulations and privacy laws, along with the anonymity provide",uncertain,low,Stage B broader-recall term 'AI' matched only; broader AI/automation terms are never auto-classified as generative AI and need further reading to confirm relevance.,no
GSK plc,GSK,,GSK_company_annual_report_previous_fy2024.pdf,p.68,artificial intelligence,B,r ability to drive innovation and operate internationally. → GSK Our risk exposure is stable as we adopt new technologies and scale our adoption of artificial intelligence in the discovery and development of medicines and vaccines. We continue to adapt our internal business processes to enable innovation and to meet et,uncertain,low,Stage B broader-recall term 'artificial intelligence' matched only; broader AI/automation terms are never auto-classified as generative AI and need further reading to confirm relevance.,no
GSK plc,GSK,,GSK_company_annual_report_previous_fy2024.pdf,p.82,AI,B,le 58 Employee engagement 58 Wellbeing and development 58 Human rights Our commitment to human rights 55 Working with third parties 56 Using data and AI responsibly 56 Anti-bribery and corruption Ethical standards 55 Reporting and investigating concerns 55 Environmental matters Environment 51 Climate,uncertain,low,Stage B broader-recall term 'AI' matched only; broader AI/automation terms are never auto-classified as generative AI and need further reading to confirm relevance.,no
GSK plc,GSK,,GSK_company_annual_report_previous_fy2024.pdf,p.118,AI,B,"American Appointed: 18 July 2022 Skills and experience Vishal has a distinguished background in technology, particularly in Artificial Intelligence (AI) and Machine Learning (ML), which are central to GSK’s approach to R&D. He also brings a deep understanding of cyber security to the Board. He is t",uncertain,low,Stage B broader-recall term 'AI' matched only; broader AI/automation terms are never auto-classified as generative AI and need further reading to confirm relevance.,no
GSK plc,GSK,,GSK_company_annual_report_previous_fy2024.pdf,p.118,AI,B,"oard. He is the founder and CEO of Vianai Systems, Inc, a Silicon Valley-based company that provides advanced technological software and services in AI and ML to large enterprises around the world. Before founding Vianai Systems in 2019, Vishal served as CEO of Infosys Limited, where he led an inno",uncertain,low,Stage B broader-recall term 'AI' matched only; broader AI/automation terms are never auto-classified as generative AI and need further reading to confirm relevance.,no
GSK plc,GSK,,GSK_company_annual_report_previous_fy2024.pdf,p.118,AI,B,"ai Systems in 2019, Vishal served as CEO of Infosys Limited, where he led an innovative strategy to help clients renew existing IT landscapes, using AI/automation, design thinking and next-generation technologies to transform customer experiences. He also served as a member of the Executive Board o",uncertain,low,Stage B broader-recall term 'AI' matched only; broader AI/automation terms are never auto-classified as generative AI and need further reading to confirm relevance.,no
GSK plc,GSK,,GSK_company_annual_report_previous_fy2024.pdf,p.118,AI,B,"Executive Board of SAP SE, prior to which he was its Chief Technology Officer, and also as a Board Member of Oracle Corporation. Vishal has a PhD in AI from Stanford University and has co-authored several research abstracts related to AI, technology and database management. External appointments F",uncertain,low,Stage B broader-recall term 'AI' matched only; broader AI/automation terms are never auto-classified as generative AI and need further reading to confirm relevance.,no
GSK plc,GSK,,GSK_company_annual_report_previous_fy2024.pdf,p.118,AI,B,"xternal appointments Founder and CEO, Vianai Systems, Inc; Member, Supervisory Board, BMW AG; Member of the Advisory Board of Stanford University's AI Center (Institute for Human-Centered Artificial Intelligence). Key Committee Chair Corporate Responsibility Science Nominations & Corporate Governan",uncertain,low,Stage B broader-recall term 'AI' matched only; broader AI/automation terms are never auto-classified as generative AI and need further reading to confirm relevance.,no
GSK plc,GSK,,GSK_company_annual_report_previous_fy2024.pdf,p.123,AI,B,"ternally and externally sourced R&D and from our investment in technology. We continue to focus on the significant opportunities that can come from AI/ ML, which continues to be a theme running through every Board meeting. Indeed, the path we set out on is rooted in our commitment to transform our",uncertain,low,Stage B broader-recall term 'AI' matched only; broader AI/automation terms are never auto-classified as generative AI and need further reading to confirm relevance.,no
GSK plc,GSK,,GSK_company_annual_report_previous_fy2024.pdf,p.123,AI,B,"tory, Immunology & Inflammation, Oncology, HIV and Infectious Diseases – a record for the company. The Board continues to embrace the potential of AI/ML in every part of the business. It is crucial to our medium- and long- term success. We draw from the Tech expertise of our Board members, most",uncertain,low,Stage B broader-recall term 'AI' matched only; broader AI/automation terms are never auto-classified as generative AI and need further reading to confirm relevance.,no
GSK plc,GSK,,GSK_company_annual_report_previous_fy2024.pdf,p.123,AI,B,wn experience of the use of technology in biotechs and the UK’s national genomics programmes. We hold educational briefings on new developments in AI/ML and review cyber and tech incidents in the external environment to seek to ensure GSK’s environment continues to safely evolve at pace. Our bigg,uncertain,low,Stage B broader-recall term 'AI' matched only; broader AI/automation terms are never auto-classified as generative AI and need further reading to confirm relevance.,no
GSK plc,GSK,,GSK_company_annual_report_previous_fy2024.pdf,p.129,AI,B,"s – reviewing the critical role and ambitions for our global supply chain – discussing our overall commercial strategy – discussing progress on our AI adoption strategy Strengthening of business model Overseeing the fundamentals of commercial execution, cost-base management, capital allocation, pip",uncertain,low,Stage B broader-recall term 'AI' matched only; broader AI/automation terms are never auto-classified as generative AI and need further reading to confirm relevance.,no
GSK plc,GSK,,GSK_company_annual_report_previous_fy2024.pdf,p.134,AI,B,"environment and reputation Data technology and accelerating GSK's ambition The Board reviewed and endorsed plans, including progress made on our AI adoption strategy The Board reviewed and provided feedback on the technology priority objectives and management's approach to integrating technolog",uncertain,low,Stage B broader-recall term 'AI' matched only; broader AI/automation terms are never auto-classified as generative AI and need further reading to confirm relevance.,no
GSK plc,GSK,,GSK_company_annual_report_previous_fy2024.pdf,p.134,AI,B,"and provided feedback on the technology priority objectives and management's approach to integrating technology into the core of GSK. In particular, AI represented a transformative opportunity for patient and shareholder impact, with a focus on achieving significant breakthroughs in scientific innova",uncertain,low,Stage B broader-recall term 'AI' matched only; broader AI/automation terms are never auto-classified as generative AI and need further reading to confirm relevance.,no
GSK plc,GSK,,GSK_company_annual_report_previous_fy2024.pdf,p.134,AI,B,"cant breakthroughs in scientific innovation, target identification and accelerating the progress of our pipeline While the opportunities presented by AI are clear and would be progressed at pace, this would need to be balanced against: – People and change: enlisting everyone at GSK in this effort and",uncertain,low,Stage B broader-recall term 'AI' matched only; broader AI/automation terms are never auto-classified as generative AI and need further reading to confirm relevance.,no
GSK plc,GSK,,GSK_company_annual_report_previous_fy2024.pdf,p.134,AI,B,"r digital opportunities and risks to manage The Audit & Risk Committee also undertook a review of the evolution and operational effectiveness of our AI Governance arrangements Stakeholders: Patients, employees, investors, governments and regulators, healthcare providers, payers Other s172 duties:",uncertain,low,Stage B broader-recall term 'AI' matched only; broader AI/automation terms are never auto-classified as generative AI and need further reading to confirm relevance.,no
GSK plc,GSK,,GSK_company_annual_report_previous_fy2024.pdf,p.138,AI,B,stinal cancers Data and platform technologies – Ochre Bio: licence agreement with Ochre Bio on a human liver cell platform and multi-modal data for AI/ML modelling and discovery to strengthen our data and platform technology capabilities – Elsie Biotechnologies: acquisition of Elsie Biotechnologie,uncertain,low,Stage B broader-recall term 'AI' matched only; broader AI/automation terms are never auto-classified as generative AI and need further reading to confirm relevance.,no
GSK plc,GSK,,GSK_company_annual_report_previous_fy2024.pdf,p.141,AI,B,"which runs throughout the organisation. We hold a selection of in-depth sessions in the Programme, including regular reviews of cyber security and AI/ML control environment, and a combined meeting with the Corporate Responsibility Committee (the Committees) on our Responsible Business performanc",uncertain,low,Stage B broader-recall term 'AI' matched only; broader AI/automation terms are never auto-classified as generative AI and need further reading to confirm relevance.,no
GSK plc,GSK,,GSK_company_annual_report_previous_fy2024.pdf,p.143,AI,B,"AI Governance: Our Responsible AI framework helps us maintain clear guardrails as we scale adoption of AI across GSK to drive innovation, growth and p",uncertain,low,Stage B broader-recall term 'AI' matched only; broader AI/automation terms are never auto-classified as generative AI and need further reading to confirm relevance.,no
GSK plc,GSK,,GSK_company_annual_report_previous_fy2024.pdf,p.143,AI,B,"ion, growth and productivity and, in doing so, to accelerate our purpose. In my report last year, I described the establishment by the Board of the AI Governance Council (Council), its purpose and activities that helped to define, establish and oversee these guardrails. The Council is aligned to t",uncertain,low,Stage B broader-recall term 'AI' matched only; broader AI/automation terms are never auto-classified as generative AI and need further reading to confirm relevance.,no
GSK plc,GSK,,GSK_company_annual_report_previous_fy2024.pdf,p.143,AI,B,"creation, the Committee was keen to examine the: – structure and evolving operational effectiveness of the Council – functioning of the responsible AI governance architecture, including the complementary roles, duties, ownership and composition of each of these AI forums – overall increase in matu",uncertain,low,Stage B broader-recall term 'AI' matched only; broader AI/automation terms are never auto-classified as generative AI and need further reading to confirm relevance.,no
GSK plc,GSK,,GSK_company_annual_report_previous_fy2024.pdf,p.143,AI,B,"architecture, including the complementary roles, duties, ownership and composition of each of these AI forums – overall increase in maturity of our AI risk management arrangements The Committee was pleased with the significant initiatives that the Council had pursued and rolled out across the Grou",uncertain,low,Stage B broader-recall term 'AI' matched only; broader AI/automation terms are never auto-classified as generative AI and need further reading to confirm relevance.,no
GSK plc,GSK,,GSK_company_annual_report_previous_fy2024.pdf,p.143,AI,B,ts The Committee was pleased with the significant initiatives that the Council had pursued and rolled out across the Group to further enhance GSK’s AI environment. These included: – approving an AI Policy that embeds new AI principles and establishes guidelines for use of AI within the company. The,uncertain,low,Stage B broader-recall term 'AI' matched only; broader AI/automation terms are never auto-classified as generative AI and need further reading to confirm relevance.,no
GSK plc,GSK,,GSK_company_annual_report_previous_fy2024.pdf,p.143,AI,B,"uded: – approving an AI Policy that embeds new AI principles and establishes guidelines for use of AI within the company. The Policy applies to all AI developed, procured, or used by our people at GSK. Responsible AI training modules continue to be rolled out – developing, adopting and publishing",uncertain,low,Stage B broader-recall term 'AI' matched only; broader AI/automation terms are never auto-classified as generative AI and need further reading to confirm relevance.,no
GSK plc,GSK,,GSK_company_annual_report_previous_fy2024.pdf,p.143,AI,B,"eloped, procured, or used by our people at GSK. Responsible AI training modules continue to be rolled out – developing, adopting and publishing an AI Standard Operating Procedure (AI SOP), defining steps required for all development and/or procurement of AI systems across GSK – monitoring an inve",uncertain,low,Stage B broader-recall term 'AI' matched only; broader AI/automation terms are never auto-classified as generative AI and need further reading to confirm relevance.,no
GSK plc,GSK,,GSK_company_annual_report_previous_fy2024.pdf,p.143,AI,B,"erating Procedure (AI SOP), defining steps required for all development and/or procurement of AI systems across GSK – monitoring an inventory of all AI models developed across GSK. This is being actively monitored through the Council, as the number of AI applications in use expands at pace across",uncertain,low,Stage B broader-recall term 'AI' matched only; broader AI/automation terms are never auto-classified as generative AI and need further reading to confirm relevance.,no
GSK plc,GSK,,GSK_company_annual_report_previous_fy2024.pdf,p.143,AI,B,"ittee received a briefing from the Head of Audit & Assurance (A&A) on the results of an initial audit, that primarily focused on evaluating how the AI Governance framework is embedding across GSK. This has also helped strengthen oversight capabilities by increasing the experience of the A&A team",uncertain,low,Stage B broader-recall term 'AI' matched only; broader AI/automation terms are never auto-classified as generative AI and need further reading to confirm relevance.,no
GSK plc,GSK,,GSK_company_annual_report_previous_fy2024.pdf,p.143,AI,B,to monitoring how the Council progresses its key focus areas. These include: – supporting business units in further improving and refocusing their AI systems to align to the AI SOP – continuing to embed and grow the Responsible AI SOP adoption throughout the organisation – continuing to oversee an,uncertain,low,Stage B broader-recall term 'AI' matched only; broader AI/automation terms are never auto-classified as generative AI and need further reading to confirm relevance.,no
GSK plc,GSK,,GSK_company_annual_report_previous_fy2024.pdf,p.143,AI,B,"o align to the AI SOP – continuing to embed and grow the Responsible AI SOP adoption throughout the organisation – continuing to oversee and monitor AI systems, including developing technical and operational best practices – refining and maturing the Council’s governance approach for scaled adoptio",uncertain,low,Stage B broader-recall term 'AI' matched only; broader AI/automation terms are never auto-classified as generative AI and need further reading to confirm relevance.,no
GSK plc,GSK,,GSK_company_annual_report_previous_fy2024.pdf,p.143,AI,B,"ems, including developing technical and operational best practices – refining and maturing the Council’s governance approach for scaled adoption of AI across GSK During the formative stage of AI development and adoption, the Committee is keen to ensure an appropriate balance is maintained between",uncertain,low,Stage B broader-recall term 'AI' matched only; broader AI/automation terms are never auto-classified as generative AI and need further reading to confirm relevance.,no
GSK plc,GSK,,GSK_company_annual_report_previous_fy2024.pdf,p.143,AI,B,"development and adoption, the Committee is keen to ensure an appropriate balance is maintained between identifying, mitigating and monitoring key AI risk areas across the enterprise and with our third parties, while harnessing the opportunities and capabilities of this technology. Assurance: The",uncertain,low,Stage B broader-recall term 'AI' matched only; broader AI/automation terms are never auto-classified as generative AI and need further reading to confirm relevance.,no
GSK plc,GSK,,GSK_company_annual_report_previous_fy2024.pdf,p.148,AI,B,"culture, with already high people survey results increasing further, while attracting and building outstanding capability in areas such as R&D and AI. 2024 Annual bonus It is against this performance that the Committee reviewed the annual bonus measures for the CEO and CFO. Annual bonus targets",uncertain,low,Stage B broader-recall term 'AI' matched only; broader AI/automation terms are never auto-classified as generative AI and need further reading to confirm relevance.,no
GSK plc,GSK,,GSK_company_annual_report_previous_fy2024.pdf,p.161,AI,B,"ngthened platform capabilities in mRNA and oligonucleotides; several new material research alliances established – Good progress across the R&D data/AI technology goals – target choice, patient identification, molecule design/chemical manufacturing and controls (CMC) and clinical trial effectiveness",uncertain,low,Stage B broader-recall term 'AI' matched only; broader AI/automation terms are never auto-classified as generative AI and need further reading to confirm relevance.,no
GSK plc,GSK,,GSK_company_annual_report_previous_fy2024.pdf,p.161,AI,B,"hnology goals – target choice, patient identification, molecule design/chemical manufacturing and controls (CMC) and clinical trial effectiveness – AI enabled acceleration of digital submissions, reducing number of weeks for last patient visit (LPV) first regulatory submission by over 35% Exceeded",uncertain,low,Stage B broader-recall term 'AI' matched only; broader AI/automation terms are never auto-classified as generative AI and need further reading to confirm relevance.,no
GSK plc,GSK,,GSK_company_annual_report_previous_fy2024.pdf,p.161,AI,B,"th double-digit growth in all therapy areas, more than offsetting impact of the US and China environment on Vaccines – Continued embedding of scale AI capability in global functions, manufacturing and commercial operations with measurable impact in sales and marketing ROI cost savings, quality and",uncertain,low,Stage B broader-recall term 'AI' matched only; broader AI/automation terms are never auto-classified as generative AI and need further reading to confirm relevance.,no
GSK plc,GSK,,GSK_company_annual_report_previous_fy2024.pdf,p.161,AI,B,"with measurable impact in sales and marketing ROI cost savings, quality and forecast accuracy – Significant increase in deployment and upskilling of AI usage with >29K attendees at the group-wide Data Academy Met Trust – Personal leadership to deliver successful resolution of vast majority of US Zan",uncertain,low,Stage B broader-recall term 'AI' matched only; broader AI/automation terms are never auto-classified as generative AI and need further reading to confirm relevance.,no
GSK plc,GSK,,GSK_company_annual_report_previous_fy2024.pdf,p.162,AI,B,"nt to support business growth and shareholder returns including £2.3bn allocated to targeted business development – Significant progress in tech and AI-enabled changes in Finance, including Source to Pay, financial process improvement, cash and treasury – Successfully led the SG&A ROI project with t",uncertain,low,Stage B broader-recall term 'AI' matched only; broader AI/automation terms are never auto-classified as generative AI and need further reading to confirm relevance.,no
GSK plc,GSK,,GSK_company_annual_report_previous_fy2024.pdf,p.310,AI,B,"umerous information sources, including publications not based on robust scientific research, media coverage, social media, Artificial Intelligence (AI) tools and government health authorities, could potentially lead to a surge in reports related to products and/or adverse events. Such information",uncertain,low,Stage B broader-recall term 'AI' matched only; broader AI/automation terms are never auto-classified as generative AI and need further reading to confirm relevance.,no
GSK plc,GSK,,GSK_company_annual_report_previous_fy2024.pdf,p.310,AI,B,"nctions as they support product quality and our licence to operate. The rapid advancement and use of digital technologies, particularly the use of AI and Machine Learning (ML), within an evolving regulatory framework, introduce both the opportunity to accelerate ways of working and the potential",uncertain,low,Stage B broader-recall term 'AI' matched only; broader AI/automation terms are never auto-classified as generative AI and need further reading to confirm relevance.,no
GSK plc,GSK,,GSK_company_annual_report_previous_fy2024.pdf,p.315,AI,B,"nteractions, and Disease Awareness and our Medical Education process, and rolled out training on the guidance for commercial-medical interactions. AI review functions have been set up to conduct AI risk reviews and to ensure compliance with internal and external standards. We continuously improv",uncertain,low,Stage B broader-recall term 'AI' matched only; broader AI/automation terms are never auto-classified as generative AI and need further reading to confirm relevance.,no
GSK plc,GSK,,GSK_company_annual_report_previous_fy2024.pdf,p.315,AI,B,"ulations. Data ethics and privacy Risk definition The risk that GSK or our third parties potentially fail to ethically collect,; use; re-use through AI, data analytics or automation; secure; share and destroy personal information in accordance with laws, regulations, and internal controls and requi",uncertain,low,Stage B broader-recall term 'AI' matched only; broader AI/automation terms are never auto-classified as generative AI and need further reading to confirm relevance.,no
GSK plc,GSK,,GSK_company_annual_report_previous_fy2024.pdf,p.316,AI,B,"governance and the ethical use of personal information, over and above compliance with data privacy laws. Companies seeking to foster innovation in AI/ML and other new technologies are faced with evolving decisions from policymakers on how best to promote trust in these systems and avoid unintend",uncertain,low,Stage B broader-recall term 'AI' matched only; broader AI/automation terms are never auto-classified as generative AI and need further reading to confirm relevance.,no
GSK plc,GSK,,GSK_company_annual_report_previous_fy2024.pdf,p.316,AI,B,"ded outcomes or harmful impacts. Regulators (including in the EU, UK, US and China) continue to introduce regulatory developments around the use of AI/ML. This evolving regulatory landscape adds more complexity to our activities. Additionally, the geopolitical environment significantly influences",uncertain,low,Stage B broader-recall term 'AI' matched only; broader AI/automation terms are never auto-classified as generative AI and need further reading to confirm relevance.,no
GSK plc,GSK,,GSK_company_annual_report_previous_fy2024.pdf,p.316,AI,B,"rotection Officer (DPO), GSK has made such appointments, including an EU DPO. As a result of GSK’s focus on technology, data-driven science, use of AI/ML and our evolving global data strategy, the ERO has appointed a Head of Digital, Privacy and Cybersecurity (Head of DPC), who has day- to-day acc",uncertain,low,Stage B broader-recall term 'AI' matched only; broader AI/automation terms are never auto-classified as generative AI and need further reading to confirm relevance.,no
GSK plc,GSK,,GSK_company_annual_report_previous_fy2024.pdf,p.316,AI,B,"countability for managing personal information across the entire organisation – legal and regulatory expertise in emerging technologies, including AI/ML We ensure key GSK privacy network roles have sufficient training and experience to carry out their roles effectively. We continuously improve o",uncertain,low,Stage B broader-recall term 'AI' matched only; broader AI/automation terms are never auto-classified as generative AI and need further reading to confirm relevance.,no
GSK plc,GSK,,GSK_company_annual_report_previous_fy2024.pdf,p.316,AI,B,"ew business initiatives, as well as ensuring we meet our accountability obligations in accordance with global data protection and privacy laws. Our AI Governance Council monitors regulatory updates to ensure that the GSK Responsible AI Framework is in line with regulatory developments. The establi",uncertain,low,Stage B broader-recall term 'AI' matched only; broader AI/automation terms are never auto-classified as generative AI and need further reading to confirm relevance.,no
GSK plc,GSK,,GSK_company_annual_report_previous_fy2024.pdf,p.316,AI,B,rnance Council monitors regulatory updates to ensure that the GSK Responsible AI Framework is in line with regulatory developments. The established AI operating framework integrates AI risk review and management with existing Risk Management Compliance Boards. Research practices Risk definition Th,uncertain,low,Stage B broader-recall term 'AI' matched only; broader AI/automation terms are never auto-classified as generative AI and need further reading to confirm relevance.,no
GSK plc,GSK,,GSK_company_annual_report_previous_fy2024.pdf,p.317,AI,B,"our scientific strategy is evolving to take advantage of the breadth of our data, both internally and externally generated, including genomics and AI/ML. We focus on building data integrity, privacy, information protection and data usage controls into our internal control framework. Independent a",uncertain,low,Stage B broader-recall term 'AI' matched only; broader AI/automation terms are never auto-classified as generative AI and need further reading to confirm relevance.,no
GSK plc,GSK,,GSK_company_annual_report_previous_fy2024.pdf,p.317,AI,B,"Independent audits conducted by our quality assurance teams ensure the effective monitoring of these controls. Additionally, we have set up an R&D AI/ML Working Group that has developed and deployed an R&D AI/ML control framework aligned with the expectations of the enterprise AI Governing Counci",uncertain,low,Stage B broader-recall term 'AI' matched only; broader AI/automation terms are never auto-classified as generative AI and need further reading to confirm relevance.,no
GSK plc,GSK,,GSK_company_annual_report_previous_fy2024.pdf,p.318,AI,B,"d evolve, notably new sustainability directives from the EU and Canada and proposed rules in the US and evolving PFAS regulations. Developments in AI and data protection have also added both opportunities and challenges. Mitigating actions Our President, Global Supply Chain is accountable for the",uncertain,low,Stage B broader-recall term 'AI' matched only; broader AI/automation terms are never auto-classified as generative AI and need further reading to confirm relevance.,no
GSK plc,GSK,,GSK_company_annual_report_previous_fy2024.pdf,p.318,AI,B,"and information have been and will continue to be targeted by cyber security threat actors. Acceleration in the use of digital, data and analytics, AI/ML and could computing capabilities to drive GSK’s pipeline, performance and productivity requires us to continuously adapt and strengthen our con",uncertain,low,Stage B broader-recall term 'AI' matched only; broader AI/automation terms are never auto-classified as generative AI and need further reading to confirm relevance.,no
