company,ticker,source_id,local_filename,page_or_section,matched_keyword,stage,surrounding_context,provisional_classification,confidence,reason,possible_extraction_artifact
NatWest Group,NWG,,NWG_company_annual_report_current_fy2025_2026-02.pdf,p.11,AI,B,"nd Google, have helped us to accelerate and scale our technology strategy, and in turn, increase productivity. In addition, our newly established AI Research Office is at the forefront of cutting-edge research, leading responsible innovation and building further AI capabilities for the bank. Ou",uncertain,low,Stage B broader-recall term 'AI' matched only; broader AI/automation terms are never auto-classified as generative AI and need further reading to confirm relevance.,no
NatWest Group,NWG,,NWG_company_annual_report_current_fy2025_2026-02.pdf,p.11,AI,B,"ly strengthened our innovation pipeline. These initiatives give us early access to new and emerging technologies. By providing all colleagues with AI tools to support their daily work, we have freed up capacity to better meet customers’ immediate needs and understand their future requirements. A",uncertain,low,Stage B broader-recall term 'AI' matched only; broader AI/automation terms are never auto-classified as generative AI and need further reading to confirm relevance.,no
NatWest Group,NWG,,NWG_company_annual_report_current_fy2025_2026-02.pdf,p.12,AI,B,"future strength will be decided by how seamlessly a bank operates in service of its customers. Harnessed correctly, technological advancement and AI can be a game-changing accelerant, reducing complexity and removing bureaucracy to help make decisions faster, deepen relationships and deliver tr",uncertain,low,Stage B broader-recall term 'AI' matched only; broader AI/automation terms are never auto-classified as generative AI and need further reading to confirm relevance.,no
NatWest Group,NWG,,NWG_company_annual_report_current_fy2025_2026-02.pdf,p.12,AI,B,"we are focused on keeping customers safe, protecting them from new and emerging risks, and leading in the responsible and ethical use of data and AI. To realise our ambition, it’s essential we drive active balance sheet and risk management. We are bringing more dynamism to how we manage pricing",uncertain,low,Stage B broader-recall term 'AI' matched only; broader AI/automation terms are never auto-classified as generative AI and need further reading to confirm relevance.,no
NatWest Group,NWG,,NWG_company_annual_report_current_fy2025_2026-02.pdf,p.22,AI,B,"from 10.0 days in 2024 51% of internal and external business service applications on the cloud in 2025 (2024 – 44%) >12,000 coders have access to AI coding assistants Bank-wide simplification Our focus on bank-wide simplification enabled us to reduce complexity in our operating model, drive long-",uncertain,low,Stage B broader-recall term 'AI' matched only; broader AI/automation terms are never auto-classified as generative AI and need further reading to confirm relevance.,no
NatWest Group,NWG,,NWG_company_annual_report_current_fy2025_2026-02.pdf,p.24,AI,B,"voice for business in 2025, convening our inaugural Mid-Market Growth Council meeting to support mid-market companies. • Through NatWest Group’s AI Centre of Excellence, we continued to develop the use of AI technologies to enhance our defensive capabilities against the threat of bad actors u",uncertain,low,Stage B broader-recall term 'AI' matched only; broader AI/automation terms are never auto-classified as generative AI and need further reading to confirm relevance.,no
NatWest Group,NWG,,NWG_company_annual_report_current_fy2025_2026-02.pdf,p.24,AI,B,"re of Excellence, we continued to develop the use of AI technologies to enhance our defensive capabilities against the threat of bad actors using AI and machine learning for deep fakes and advanced phishing. • We enhanced our approach to identity and access management to safeguard sensitive i",uncertain,low,Stage B broader-recall term 'AI' matched only; broader AI/automation terms are never auto-classified as generative AI and need further reading to confirm relevance.,no
NatWest Group,NWG,,NWG_company_annual_report_current_fy2025_2026-02.pdf,p.24,automation,B,"25: • The Security Operations Centre expanded its team of analysts in 2025, increasing coverage of real-time monitoring, backed by investment in automation. This enabled an increasingly rapid response to threats. • Assurance processes continued to be enhanced to ensure new products and services have",uncertain,low,Stage B broader-recall term 'automation' matched only; broader AI/automation terms are never auto-classified as generative AI and need further reading to confirm relevance.,no
NatWest Group,NWG,,NWG_company_annual_report_current_fy2025_2026-02.pdf,p.25,generative AI,A,"climate-related risks and opportunities The financial services industry is undergoing rapid transformation, driven by accelerated advancements in generative AI, digital technology and data capabilities. These changes are reshaping business models, customer expectations, and risk landscapes. Our response Na",likely_genai,medium,"Stage A high-precision generative-AI term 'generative AI' matched; still requires human confirmation of is_genai, deployment_stage and evidence_strength.",no
NatWest Group,NWG,,NWG_company_annual_report_current_fy2025_2026-02.pdf,p.25,Copilot,A,"elves standards for responsible AI with our AI and Data Ethics Code of Conduct. In 2025, we rolled out AI tools including GitLab Duo and Microsoft Copilot to colleagues to help meet customer needs safely and responsibly. Scaling our capabilities in technology We operate in a highly-regulated marke",likely_genai,medium,"Stage A high-precision generative-AI term 'Copilot' matched; still requires human confirmation of is_genai, deployment_stage and evidence_strength.",no
NatWest Group,NWG,,NWG_company_annual_report_current_fy2025_2026-02.pdf,p.25,AI,B,"e changes are reshaping business models, customer expectations, and risk landscapes. Our response NatWest Group is aiming to be a trusted leader in AI-enabled financial services, investing in AI at scale and modernising our digital services: • We’re transforming our data estate to provide a singl",uncertain,low,Stage B broader-recall term 'AI' matched only; broader AI/automation terms are never auto-classified as generative AI and need further reading to confirm relevance.,no
NatWest Group,NWG,,NWG_company_annual_report_current_fy2025_2026-02.pdf,p.25,AI,B,"vide a single view of each customer and better anticipate customers’ needs. We have formed strategic partnerships to help us build a centralised, AI-powered data platform, empowering colleagues, and enabling real-time customer engagement. • We’ve embedded AI in our customer journeys to improve",uncertain,low,Stage B broader-recall term 'AI' matched only; broader AI/automation terms are never auto-classified as generative AI and need further reading to confirm relevance.,no
NatWest Group,NWG,,NWG_company_annual_report_current_fy2025_2026-02.pdf,p.25,AI,B,"mpowering colleagues, and enabling real-time customer engagement. • We’ve embedded AI in our customer journeys to improve the customer experience. AI tools, such as Cora, our virtual assistant, are improving timeliness and quality of responses to customers, and AI has reduced complaints handling",uncertain,low,Stage B broader-recall term 'AI' matched only; broader AI/automation terms are never auto-classified as generative AI and need further reading to confirm relevance.,no
NatWest Group,NWG,,NWG_company_annual_report_current_fy2025_2026-02.pdf,p.25,AI,B,"to customers, and AI has reduced complaints handling time by c.19 minutes per case, saving the equivalent of over 22,000 hours in 2025. • We use AI to aid in the detection and prevention of fraud and financial crime, with innovations like Tunic Pay enhancing risk assessment and customer protec",uncertain,low,Stage B broader-recall term 'AI' matched only; broader AI/automation terms are never auto-classified as generative AI and need further reading to confirm relevance.,no
NatWest Group,NWG,,NWG_company_annual_report_current_fy2025_2026-02.pdf,p.28,AI,B,"ed to rank first among UK banks in the Payment Systems Regulator league tables. Customers’ expectations continue to evolve at pace and we are using AI to create a more connected, agile, and personalised experience for our customers. Cora, our virtual assistant, handled millions of conversations e",uncertain,low,Stage B broader-recall term 'AI' matched only; broader AI/automation terms are never auto-classified as generative AI and need further reading to confirm relevance.,no
NatWest Group,NWG,,NWG_company_annual_report_current_fy2025_2026-02.pdf,p.28,AI,B,"istant, handled millions of conversations each month, giving customers quick, easy access to help whenever they needed it. We are also leveraging AI to remove complexity for colleagues, saving over 70,000 hours through automated call and chat summaries and another 17,500 hours through faster, h",uncertain,low,Stage B broader-recall term 'AI' matched only; broader AI/automation terms are never auto-classified as generative AI and need further reading to confirm relevance.,no
NatWest Group,NWG,,NWG_company_annual_report_current_fy2025_2026-02.pdf,p.28,AI,B,"mated call and chat summaries and another 17,500 hours through faster, high- quality complaint responses. Colleagues completed over 20,000 hours of AI learning in 2025 and more than 12,000 engineers bankwide now have access to AI coding assistants, supporting efficiency and faster feature deploy",uncertain,low,Stage B broader-recall term 'AI' matched only; broader AI/automation terms are never auto-classified as generative AI and need further reading to confirm relevance.,no
NatWest Group,NWG,,NWG_company_annual_report_current_fy2025_2026-02.pdf,p.31,AI,B,"Business performance review continued Additionally, the implementation of AI tools has delivered notable efficiencies. For example, by reducing call summarisation time by more than 70% we have been able to increase the amo",uncertain,low,Stage B broader-recall term 'AI' matched only; broader AI/automation terms are never auto-classified as generative AI and need further reading to confirm relevance.,no
NatWest Group,NWG,,NWG_company_annual_report_current_fy2025_2026-02.pdf,p.34,generative AI,A,"use digital channels to interact with us, enabling our front-line teams to focus their support where customers most value it. We also deployed new generative AI technology, for the benefit of our customers and colleagues. For example, all complaint calls are now summarised and transcribed by AI, this means",likely_genai,medium,"Stage A high-precision generative-AI term 'generative AI' matched; still requires human confirmation of is_genai, deployment_stage and evidence_strength.",no
NatWest Group,NWG,,NWG_company_annual_report_current_fy2025_2026-02.pdf,p.34,AI,B,"eans we have a clearer and accurate record of the conversation enabling us to answer complaints faster and improve services. In Business Banking, AI summarisation is helping more than 200 colleagues save time and increase capacity for more impactful customer interactions. We improved flexibility",uncertain,low,Stage B broader-recall term 'AI' matched only; broader AI/automation terms are never auto-classified as generative AI and need further reading to confirm relevance.,no
NatWest Group,NWG,,NWG_company_annual_report_current_fy2025_2026-02.pdf,p.34,AI,B,"continue to invest in technology to make banking simpler and strengthen customer relationships. This includes equipping relationship managers with AI-enabled tools, enhancing Bankline as a leading digital platform, and expanding more digital journeys with increased product and self-service capab",uncertain,low,Stage B broader-recall term 'AI' matched only; broader AI/automation terms are never auto-classified as generative AI and need further reading to confirm relevance.,no
NatWest Group,NWG,,NWG_company_annual_report_current_fy2025_2026-02.pdf,p.35,AI,B,"e challenge of how investors access shareholder information in different ways. This included ongoing consideration of investors’ increasing use of AI search. How we engaged • Following the 2024 transaction to acquire the retail banking assets and liabilities of Sainsbury’s Bank, NatWest Group s",uncertain,low,Stage B broader-recall term 'AI' matched only; broader AI/automation terms are never auto-classified as generative AI and need further reading to confirm relevance.,no
NatWest Group,NWG,,NWG_company_annual_report_current_fy2025_2026-02.pdf,p.36,AI,B,"that shifts the balance towards supporting economic growth, while maintaining proportionate risk management. How we engaged • We introduced a new AI-powered sustainability risk tool that enables NatWest Group to proactively assess and manage supplier risks. It integrates multi-source data and r",uncertain,low,Stage B broader-recall term 'AI' matched only; broader AI/automation terms are never auto-classified as generative AI and need further reading to confirm relevance.,no
NatWest Group,NWG,,NWG_company_annual_report_current_fy2025_2026-02.pdf,p.42,AI,B,Business performance review: pages 25 to 32 • Improving customer experience and accessibility of our digital channels: pages 46 to 47 • Embedding AI in our customer journeys: page 47 • Digital stability: page 47 We are helping to address the climate challenge by supporting our customers’ transi,uncertain,low,Stage B broader-recall term 'AI' matched only; broader AI/automation terms are never auto-classified as generative AI and need further reading to confirm relevance.,no
NatWest Group,NWG,,NWG_company_annual_report_current_fy2025_2026-02.pdf,p.45,AI,B,"egistered on the app. In 2025, we forged partnerships to drive inclusive growth and innovation. Our collaboration with Google supports responsible AI adoption, boosting digital capability for entrepreneurs. With JCDecaux UK, they empower early-stage businesses to scale through Out-of-Home adver",uncertain,low,Stage B broader-recall term 'AI' matched only; broader AI/automation terms are never auto-classified as generative AI and need further reading to confirm relevance.,no
NatWest Group,NWG,,NWG_company_annual_report_current_fy2025_2026-02.pdf,p.48,AI,B,"igital services and adopt emerging technologies that support our customers, maintaining accessibility, stability, and responsible use of data and AI, is essential. Enhancements to mobile apps and online platforms We recognise there is always room to strengthen the services we provide and our de",uncertain,low,Stage B broader-recall term 'AI' matched only; broader AI/automation terms are never auto-classified as generative AI and need further reading to confirm relevance.,no
NatWest Group,NWG,,NWG_company_annual_report_current_fy2025_2026-02.pdf,p.49,generative AI,A,"m our teams, so we can serve the customers who do need personal support more quickly. Through 2025, we’ve made significant investment in bringing Generative AI (GenAI) into the customer experience. This enabled us to introduce GenAI to 17 additional Cora customer journeys (now 21, as at 31 December 2025).",likely_genai,medium,"Stage A high-precision generative-AI term 'generative AI' matched; still requires human confirmation of is_genai, deployment_stage and evidence_strength.",no
NatWest Group,NWG,,NWG_company_annual_report_current_fy2025_2026-02.pdf,p.49,AI,B,"Sustainability review continued | Innovation in our products and services continued Embedding AI in our customer journeys We want our customers to find banking with us easier, and AI is a capability that we believe can help us become a simpler",uncertain,low,Stage B broader-recall term 'AI' matched only; broader AI/automation terms are never auto-classified as generative AI and need further reading to confirm relevance.,no
NatWest Group,NWG,,NWG_company_annual_report_current_fy2025_2026-02.pdf,p.49,AI,B,"h us easier, and AI is a capability that we believe can help us become a simpler organisation for our customers to engage with. As we develop our AI capability across our operations, products, and services, we are starting to see the value it can add. Cora, our digital assistant, deals with over",uncertain,low,Stage B broader-recall term 'AI' matched only; broader AI/automation terms are never auto-classified as generative AI and need further reading to confirm relevance.,no
NatWest Group,NWG,,NWG_company_annual_report_current_fy2025_2026-02.pdf,p.49,AI,B,"result, we have seen around a 20-percentage-point increase in queries resolved without any human intervention, compared to the equivalent non-Gen AI supported Cora journey. We also introduced a new AI-based identification process for approximately one million Commercial & Institutional customers",uncertain,low,Stage B broader-recall term 'AI' matched only; broader AI/automation terms are never auto-classified as generative AI and need further reading to confirm relevance.,no
NatWest Group,NWG,,NWG_company_annual_report_current_fy2025_2026-02.pdf,p.49,AI,B,"ing completion time from days to minutes. This removes the need for document certification, which often incurs a cost for customers. For security, AI-based analytics detect potential alterations or manipulation, and biometric facial comparison algorithms confirm the customer identity. To better",uncertain,low,Stage B broader-recall term 'AI' matched only; broader AI/automation terms are never auto-classified as generative AI and need further reading to confirm relevance.,no
NatWest Group,NWG,,NWG_company_annual_report_current_fy2025_2026-02.pdf,p.49,AI,B,"al alterations or manipulation, and biometric facial comparison algorithms confirm the customer identity. To better support our colleagues, we use AI summaries to help triage customer needs. In 2025, the technology benefitted approximately 9,000 customer support agents, freeing up their time to",uncertain,low,Stage B broader-recall term 'AI' matched only; broader AI/automation terms are never auto-classified as generative AI and need further reading to confirm relevance.,no
NatWest Group,NWG,,NWG_company_annual_report_current_fy2025_2026-02.pdf,p.49,AI,B,"mer support agents, freeing up their time to focus on speaking with customers and dealing with more complex queries. For further information on our AI approach refer to page 78 in Risk overview. There was one Criticality 1 incident(2) compared with zero for 2024. These numbers include all events",uncertain,low,Stage B broader-recall term 'AI' matched only; broader AI/automation terms are never auto-classified as generative AI and need further reading to confirm relevance.,no
NatWest Group,NWG,,NWG_company_annual_report_current_fy2025_2026-02.pdf,p.49,AI,B,"uptions. These include recovery procedures and incident response plans, all of which are tested on a regular basis to reduce risk. Spotlight Using AI responsibly In 2025, we focused on strengthening our internal capabilities to safely embed AI and data ethics across our organisation and customer",uncertain,low,Stage B broader-recall term 'AI' matched only; broader AI/automation terms are never auto-classified as generative AI and need further reading to confirm relevance.,no
NatWest Group,NWG,,NWG_company_annual_report_current_fy2025_2026-02.pdf,p.49,AI,B,"n strengthening our internal capabilities to safely embed AI and data ethics across our organisation and customer journeys. We continued to embed AI and data ethics into our AI development, procurement, deployment and use across the bank, and we also grew our Responsible AI Team to support with",uncertain,low,Stage B broader-recall term 'AI' matched only; broader AI/automation terms are never auto-classified as generative AI and need further reading to confirm relevance.,no
NatWest Group,NWG,,NWG_company_annual_report_current_fy2025_2026-02.pdf,p.49,AI,B,"ur Responsible AI Team to support with this. Through a partnership with the University of Edinburgh, we are upskilling team members in responsible AI. A second cohort of 32 colleagues completed a bespoke practitioners’ course based on the University’s Data and AI Ethics masters course, with mor",uncertain,low,Stage B broader-recall term 'AI' matched only; broader AI/automation terms are never auto-classified as generative AI and need further reading to confirm relevance.,no
NatWest Group,NWG,,NWG_company_annual_report_current_fy2025_2026-02.pdf,p.49,AI,B,"a bespoke practitioners’ course based on the University’s Data and AI Ethics masters course, with more cohorts planned for 2026. We published our AI and Data Ethics (AIDE) Code of Conduct to be transparent about our approach to the development, procurement, deployment and use of AI. In addition",uncertain,low,Stage B broader-recall term 'AI' matched only; broader AI/automation terms are never auto-classified as generative AI and need further reading to confirm relevance.,no
NatWest Group,NWG,,NWG_company_annual_report_current_fy2025_2026-02.pdf,p.49,AI,B,"(AIDE) Code of Conduct to be transparent about our approach to the development, procurement, deployment and use of AI. In addition, the Responsible AI Team refined the AIDE process to include a triage for all AI use cases. This system allows us to assess ethical risks proportionately across us",uncertain,low,Stage B broader-recall term 'AI' matched only; broader AI/automation terms are never auto-classified as generative AI and need further reading to confirm relevance.,no
NatWest Group,NWG,,NWG_company_annual_report_current_fy2025_2026-02.pdf,p.49,AI,B,"our governance processes by removing unnecessary steps. More broadly, we are enhancing our risk framework and controls with the aim to ensure our AI systems are robust, secure and properly governed. NatWest Group’s Enterprise-Wide Risk Management Framework (EWRMF) provides the appropriate guar",uncertain,low,Stage B broader-recall term 'AI' matched only; broader AI/automation terms are never auto-classified as generative AI and need further reading to confirm relevance.,no
NatWest Group,NWG,,NWG_company_annual_report_current_fy2025_2026-02.pdf,p.49,AI,B,"NatWest Group’s Enterprise-Wide Risk Management Framework (EWRMF) provides the appropriate guardrails to ensure the safe and secure deployment of AI.(1) Improving digital accessibility Our aim is to provide a consistent and accessible experience for all our customers, which includes engaging dis",uncertain,low,Stage B broader-recall term 'AI' matched only; broader AI/automation terms are never auto-classified as generative AI and need further reading to confirm relevance.,no
NatWest Group,NWG,,NWG_company_annual_report_current_fy2025_2026-02.pdf,p.49,AI,B,"s, Conduct Risk and customer outcomes, and information integrity with regard to Operational Risk. Recognising the increasing complexity and volume of AI deployment, work is underway to identify and drive forward enhancements as required across the EWRMF to ensure the continued safe deployment of AI u",uncertain,low,Stage B broader-recall term 'AI' matched only; broader AI/automation terms are never auto-classified as generative AI and need further reading to confirm relevance.,no
NatWest Group,NWG,,NWG_company_annual_report_current_fy2025_2026-02.pdf,p.49,AI,B,"500 colleagues completed the digital accessibility learning module in 2025. In 2025, approximately 58,000 colleagues completed internally developed AI and data ethics training. We continue to strengthen our role-based training pathways to increase understanding of the importance of accessibility.",uncertain,low,Stage B broader-recall term 'AI' matched only; broader AI/automation terms are never auto-classified as generative AI and need further reading to confirm relevance.,no
NatWest Group,NWG,,NWG_company_annual_report_current_fy2025_2026-02.pdf,p.57,AI,B,"sions reductions in 2025. We upgraded LED lighting across our properties and advanced our Building Management Systems (BMS) programme, which uses AI-driven analytics to optimise energy performance. Since its launch in November 2021, the programme has delivered cumulative savings of around 23,6",uncertain,low,Stage B broader-recall term 'AI' matched only; broader AI/automation terms are never auto-classified as generative AI and need further reading to confirm relevance.,no
NatWest Group,NWG,,NWG_company_annual_report_current_fy2025_2026-02.pdf,p.57,AI,B,"ansition plans up to 2030 and beyond. Risks and dependencies Achieving our climate ambitions depends on several factors. Rising energy demand from AI workloads, both in-house and through third-party cloud services, may increase our operational emissions. We are currently closely assessing the im",uncertain,low,Stage B broader-recall term 'AI' matched only; broader AI/automation terms are never auto-classified as generative AI and need further reading to confirm relevance.,no
NatWest Group,NWG,,NWG_company_annual_report_current_fy2025_2026-02.pdf,p.59,artificial intelligence,B,"learned from the previous year. Job-specific training is also provided as necessary for colleagues, for example, privacy training to our data and artificial intelligence colleagues. During 2025, there were a small number of breaches of GDPR and confidentiality (impacting a very small percentage of customers and emp",uncertain,low,Stage B broader-recall term 'artificial intelligence' matched only; broader AI/automation terms are never auto-classified as generative AI and need further reading to confirm relevance.,no
NatWest Group,NWG,,NWG_company_annual_report_current_fy2025_2026-02.pdf,p.61,generative AI,A,"investing in AI skills development for every colleague to support the bank-wide roll out of AI tools (Co-Pilot and Aiden, our internally developed generative AI tool). In 2025, almost 63,000 colleagues completed foundational AI learning, while around 11,000 colleagues enrolled in AI Power Sprints, guided,",likely_genai,medium,"Stage A high-precision generative-AI term 'generative AI' matched; still requires human confirmation of is_genai, deployment_stage and evidence_strength.",no
NatWest Group,NWG,,NWG_company_annual_report_current_fy2025_2026-02.pdf,p.61,AI,B,"hing. 90% of colleagues from the programme reported increased confidence in their abilities to ask powerful questions. Expanding future skills and AI capability We are investing in AI skills development for every colleague to support the bank-wide roll out of AI tools (Co-Pilot and Aiden, our int",uncertain,low,Stage B broader-recall term 'AI' matched only; broader AI/automation terms are never auto-classified as generative AI and need further reading to confirm relevance.,no
NatWest Group,NWG,,NWG_company_annual_report_current_fy2025_2026-02.pdf,p.61,AI,B,"around 11,000 colleagues enrolled in AI Power Sprints, guided, practical, social learning experiences designed to boost knowledge and confidence. AI skills dominate elective learning, with 15 of the top 20 courses completed being AI-related. We have established strategic partnerships with Micro",uncertain,low,Stage B broader-recall term 'AI' matched only; broader AI/automation terms are never auto-classified as generative AI and need further reading to confirm relevance.,no
NatWest Group,NWG,,NWG_company_annual_report_current_fy2025_2026-02.pdf,p.61,AI,B,"0 courses completed being AI-related. We have established strategic partnerships with Microsoft and the University of Edinburgh to accelerate our AI capabilities and adoption. Skilled, engaged and inclusive workforce Sustainability review continued Our people are the foundation of our ambition to",uncertain,low,Stage B broader-recall term 'AI' matched only; broader AI/automation terms are never auto-classified as generative AI and need further reading to confirm relevance.,no
NatWest Group,NWG,,NWG_company_annual_report_current_fy2025_2026-02.pdf,p.61,AI,B,"re the foundation of our ambition to succeed with customers. We are investing in the capabilities that matter most for the future, including data, AI and deep technical expertise, to support progression and enable high performance. By equipping colleagues to make better decisions in service of c",uncertain,low,Stage B broader-recall term 'AI' matched only; broader AI/automation terms are never auto-classified as generative AI and need further reading to confirm relevance.,no
NatWest Group,NWG,,NWG_company_annual_report_current_fy2025_2026-02.pdf,p.61,AI,B,"er-led growth. Since the launch of Beyond in January 2024, approximately 165,000 learning hours have been completed. c.11,000 colleagues enrolled in AI Power Sprints. Strong Our View Inclusion score of 89% and Wellbeing score of 82%, sitting at +8 and +7 vs the Global Financial Services Norm. (1)",uncertain,low,Stage B broader-recall term 'AI' matched only; broader AI/automation terms are never auto-classified as generative AI and need further reading to confirm relevance.,no
NatWest Group,NWG,,NWG_company_annual_report_current_fy2025_2026-02.pdf,p.61,automation,B,"ce outlook. To enable effective usage of this tool we ran over 100 training sessions in 2025, upskilling almost 400 colleagues. We also introduced automation of future dated worker transactions, specifically all movements of joiners, movers, leavers and worker changes. As a result, around 3,500 FTE move",uncertain,low,Stage B broader-recall term 'automation' matched only; broader AI/automation terms are never auto-classified as generative AI and need further reading to confirm relevance.,no
NatWest Group,NWG,,NWG_company_annual_report_current_fy2025_2026-02.pdf,p.80,generative AI,A,"op risk scenarios in focus in 2025 Description Risk management actions Artificial intelligence Innovations in artificial intelligence (AI), including generative AI, may rapidly transform and disrupt customer interactions, the industry and the economy. NatWest Group’s ability to continue to deploy AI solutions",likely_genai,medium,"Stage A high-precision generative-AI term 'generative AI' matched; still requires human confirmation of is_genai, deployment_stage and evidence_strength.",no
NatWest Group,NWG,,NWG_company_annual_report_current_fy2025_2026-02.pdf,p.80,AI,B,"transform and disrupt customer interactions, the industry and the economy. NatWest Group’s ability to continue to deploy AI solutions and integrate AI in systems and controls will become increasingly important to retaining and growing business. There can be no certainty that NatWest Group’s innova",uncertain,low,Stage B broader-recall term 'AI' matched only; broader AI/automation terms are never auto-classified as generative AI and need further reading to confirm relevance.,no
NatWest Group,NWG,,NWG_company_annual_report_current_fy2025_2026-02.pdf,p.80,AI,B,"ness. There can be no certainty that NatWest Group’s innovation strategy will be successful, and competitors may be more successful in implementing AI technologies, in turn, affecting industry competitive dynamics. Developments in AI may also result in increased model risk and rising levels of fra",uncertain,low,Stage B broader-recall term 'AI' matched only; broader AI/automation terms are never auto-classified as generative AI and need further reading to confirm relevance.,no
NatWest Group,NWG,,NWG_company_annual_report_current_fy2025_2026-02.pdf,p.80,AI,B,"also result in increased model risk and rising levels of fraud. • NatWest Group closely monitors developments in disruptive technologies, including AI. Strategy is developed as appropriate to leverage AI across NatWest Group with a focus on helping improve customer journeys, personalisation, colle",uncertain,low,Stage B broader-recall term 'AI' matched only; broader AI/automation terms are never auto-classified as generative AI and need further reading to confirm relevance.,no
NatWest Group,NWG,,NWG_company_annual_report_current_fy2025_2026-02.pdf,p.80,AI,B,"t Group with a focus on helping improve customer journeys, personalisation, colleague effectiveness and improved risk and capital management. Using AI safely and ethically is a key area of focus, alongside compliance with evolving AI regulation. This includes developing a robust set of controls fo",uncertain,low,Stage B broader-recall term 'AI' matched only; broader AI/automation terms are never auto-classified as generative AI and need further reading to confirm relevance.,no
NatWest Group,NWG,,NWG_company_annual_report_current_fy2025_2026-02.pdf,p.80,AI,B,"thically is a key area of focus, alongside compliance with evolving AI regulation. This includes developing a robust set of controls for the use of AI models and tools across NatWest Group. AI risk management is being developed proactively to reflect technological and systems advances. Climate am",uncertain,low,Stage B broader-recall term 'AI' matched only; broader AI/automation terms are never auto-classified as generative AI and need further reading to confirm relevance.,no
NatWest Group,NWG,,NWG_company_annual_report_current_fy2025_2026-02.pdf,p.85,AI,B,"y delivering efficiencies from our investment programmes, digitising more to deliver faster, simpler, and safer customer journeys and accelerating AI and data transformation. Total operating expenses were £113 million higher than 2024. Other operating expenses were £241 million, or 3.1%, higher",uncertain,low,Stage B broader-recall term 'AI' matched only; broader AI/automation terms are never auto-classified as generative AI and need further reading to confirm relevance.,no
NatWest Group,NWG,,NWG_company_annual_report_current_fy2025_2026-02.pdf,p.88,AI,B,"than 2024 as we continue to invest in our growth and simplification opportunities which include data transformation to unlock the full potential of AI. • Litigation and conduct costs of £167 million represent the net impact of a number of remediation and litigation matters concluding, including exi",uncertain,low,Stage B broader-recall term 'AI' matched only; broader AI/automation terms are never auto-classified as generative AI and need further reading to confirm relevance.,no
NatWest Group,NWG,,NWG_company_annual_report_current_fy2025_2026-02.pdf,p.89,AI,B,"than 2024 as we continue to invest in our growth and simplification opportunities which include data transformation to unlock the full potential of AI. • Litigation and conduct costs of £167 million represent the net impact of a number of remediation and litigation matters concluding, including exi",uncertain,low,Stage B broader-recall term 'AI' matched only; broader AI/automation terms are never auto-classified as generative AI and need further reading to confirm relevance.,no
NatWest Group,NWG,,NWG_company_annual_report_current_fy2025_2026-02.pdf,p.92,AI,B,"of lending through our Family-Backed Mortgage proposition. We continue to simplify the business and improve customer and colleague experiences. New AI capabilities enabled quicker responses to customer complaints, saving around 90,000 hours per annum through automated summarisation and AI-generate",uncertain,low,Stage B broader-recall term 'AI' matched only; broader AI/automation terms are never auto-classified as generative AI and need further reading to confirm relevance.,no
NatWest Group,NWG,,NWG_company_annual_report_current_fy2025_2026-02.pdf,p.93,AI,B,"of lending through our Family-Backed Mortgage proposition. We continue to simplify the business and improve customer and colleague experiences. New AI capabilities enabled quicker responses to customer complaints, saving around 90,000 hours per annum through automated summarisation and AI-generate",uncertain,low,Stage B broader-recall term 'AI' matched only; broader AI/automation terms are never auto-classified as generative AI and need further reading to confirm relevance.,no
NatWest Group,NWG,,NWG_company_annual_report_current_fy2025_2026-02.pdf,p.93,AI,B,"shed our visual identity and enhanced our investment insight, including a new Coutts website which delivers a faster and more responsive experience. AI tooling has reduced call summarisation time by more than 70% and we have continued to see strong customer engagement across our propositions, resul",uncertain,low,Stage B broader-recall term 'AI' matched only; broader AI/automation terms are never auto-classified as generative AI and need further reading to confirm relevance.,no
NatWest Group,NWG,,NWG_company_annual_report_current_fy2025_2026-02.pdf,p.94,generative AI,A,"housing sector, surpassing our upgraded target of £7.5 billion by the end of 2026, with total commitments of £8.7 billion. We prioritised the use of generative AI through AI-driven transcription and summarisation of complaints and complex business banking calls, increasing our relationship managers’ capacity",likely_genai,medium,"Stage A high-precision generative-AI term 'generative AI' matched; still requires human confirmation of is_genai, deployment_stage and evidence_strength.",no
NatWest Group,NWG,,NWG_company_annual_report_current_fy2025_2026-02.pdf,p.94,AI,B,"cription and summarisation of complaints and complex business banking calls, increasing our relationship managers’ capacity to focus on personalised AI-guided interactions. Commercial & Institutional provided £16.2 billion of climate and transition finance(2) in 2025 to support customers investing i",uncertain,low,Stage B broader-recall term 'AI' matched only; broader AI/automation terms are never auto-classified as generative AI and need further reading to confirm relevance.,no
NatWest Group,NWG,,NWG_company_annual_report_current_fy2025_2026-02.pdf,p.95,generative AI,A,"housing sector, surpassing our upgraded target of £7.5 billion by the end of 2026, with total commitments of £8.7 billion. We prioritised the use of generative AI through AI-driven transcription and summarisation of complaints and complex business banking calls, increasing our relationship managers’ capacity",likely_genai,medium,"Stage A high-precision generative-AI term 'generative AI' matched; still requires human confirmation of is_genai, deployment_stage and evidence_strength.",no
NatWest Group,NWG,,NWG_company_annual_report_current_fy2025_2026-02.pdf,p.95,AI,B,"cription and summarisation of complaints and complex business banking calls, increasing our relationship managers’ capacity to focus on personalised AI-guided interactions. Commercial & Institutional provided £16.2 billion of climate and transition finance(2) in 2025 to support customers investing i",uncertain,low,Stage B broader-recall term 'AI' matched only; broader AI/automation terms are never auto-classified as generative AI and need further reading to confirm relevance.,no
NatWest Group,NWG,,NWG_company_annual_report_current_fy2025_2026-02.pdf,p.98,AI,B,"provides technology and automation solutions for grocery retailers; Embedded Finance, a fintech company; QiO Technologies Limited, the industrial AI company that Rick co-founded; Xynteo, a Norway-based sustainability consultancy and Mastercard Inc., a global technology company. Relevant experien",uncertain,low,Stage B broader-recall term 'AI' matched only; broader AI/automation terms are never auto-classified as generative AI and need further reading to confirm relevance.,no
NatWest Group,NWG,,NWG_company_annual_report_current_fy2025_2026-02.pdf,p.100,AI,B,"nel 4 and the BBC. She is a Visiting Policy Fellow at the University of Oxford’s Internet Institute, focusing on global developments in online and AI safety. Her board experience spans FTSE 50 companies, public bodies, and sport. Gill is a fellow of the Institute of Chartered Accountants of Engl",uncertain,low,Stage B broader-recall term 'AI' matched only; broader AI/automation terms are never auto-classified as generative AI and need further reading to confirm relevance.,no
NatWest Group,NWG,,NWG_company_annual_report_current_fy2025_2026-02.pdf,p.111,AI,B,"t Group’s principal technology and transformation partners, receiving external insight on industry trends and leading practice in data, digital and AI enabled banking. The Board held investor roundtable discussions with major institutional shareholders. Directors discussed NatWest Group’s financi",uncertain,low,Stage B broader-recall term 'AI' matched only; broader AI/automation terms are never auto-classified as generative AI and need further reading to confirm relevance.,no
NatWest Group,NWG,,NWG_company_annual_report_current_fy2025_2026-02.pdf,p.114,AI,B,"regional growth. The Board also explored digital innovations across the bank, recognising the importance of leveraging new technologies, including AI, to enhance service for both colleagues and customers. Strategic report Financial review Risk and capital management Financial statements Additional",uncertain,low,Stage B broader-recall term 'AI' matched only; broader AI/automation terms are never auto-classified as generative AI and need further reading to confirm relevance.,no
NatWest Group,NWG,,NWG_company_annual_report_current_fy2025_2026-02.pdf,p.118,AI,B,"gy presence within NatWest Group. Directors considered potential opportunities to enhance efficiency using automation and artificial intelligence (AI), and how cultural shifts would further support enhanced customer centricity. Directors noted the value of continuing to attract top engineering",uncertain,low,Stage B broader-recall term 'AI' matched only; broader AI/automation terms are never auto-classified as generative AI and need further reading to confirm relevance.,no
NatWest Group,NWG,,NWG_company_annual_report_current_fy2025_2026-02.pdf,p.118,AI,B,"portunity to increase customer centricity, empowerment and decision velocity, and to accelerate the delivery of value through technology, data and AI, supporting our ambition to build a simpler, more agile bank. Further information on NatWest Group‘s strategy and progress made against our 2025 st",uncertain,low,Stage B broader-recall term 'AI' matched only; broader AI/automation terms are never auto-classified as generative AI and need further reading to confirm relevance.,no
NatWest Group,NWG,,NWG_company_annual_report_current_fy2025_2026-02.pdf,p.118,AI,B,"putting decisions closer to those serving customers; alongside accelerating the journey to have a simpler operating system, powered by technology, AI and data; all in service of our customers. Consumer Duty assessment In July, the Board approved the Consumer Duty assessment, noting the role cult",uncertain,low,Stage B broader-recall term 'AI' matched only; broader AI/automation terms are never auto-classified as generative AI and need further reading to confirm relevance.,no
NatWest Group,NWG,,NWG_company_annual_report_current_fy2025_2026-02.pdf,p.120,AI,B,"tes, apprentices, digital champions, branch colleagues and relationship managers. Discussions during talent sessions were focused on the impact of AI and the opportunities it presents. Throughout 2025, the Board received regular updates on colleague matters, including specifically on the subject",uncertain,low,Stage B broader-recall term 'AI' matched only; broader AI/automation terms are never auto-classified as generative AI and need further reading to confirm relevance.,no
NatWest Group,NWG,,NWG_company_annual_report_current_fy2025_2026-02.pdf,p.120,AI,B,"y partners on the bank-wide data transformation, the Board received external insight on industry trends and leading practices in data, digital and AI enabled banking. This session also provided constructive challenge on organisational decision-making pace and the cultural and capability enablers",uncertain,low,Stage B broader-recall term 'AI' matched only; broader AI/automation terms are never auto-classified as generative AI and need further reading to confirm relevance.,no
NatWest Group,NWG,,NWG_company_annual_report_current_fy2025_2026-02.pdf,p.120,AI,B,"ed constructive challenge on organisational decision-making pace and the cultural and capability enablers required to deploy data-driven tools and AI safely, responsibly and at scale. Outcome of engagement The Board noted positive evidence of accelerated data transformation emerging from the strat",uncertain,low,Stage B broader-recall term 'AI' matched only; broader AI/automation terms are never auto-classified as generative AI and need further reading to confirm relevance.,no
NatWest Group,NWG,,NWG_company_annual_report_current_fy2025_2026-02.pdf,p.120,AI,B,"rging from the strategic partnership model announced in July 2025. The insights gained enhanced the Board’s understanding of the digital, data and AI strategy and informed its oversight of investment decisions, transformation priorities, operational resilience, and development of customer driven",uncertain,low,Stage B broader-recall term 'AI' matched only; broader AI/automation terms are never auto-classified as generative AI and need further reading to confirm relevance.,no
NatWest Group,NWG,,NWG_company_annual_report_current_fy2025_2026-02.pdf,p.122,AI,B,"tally literate but seeks greater clarity and ambition around transformation objectives, options, and measures of success, especially as digital and AI initiatives scale. 2024 action output Challenges identified during the 2024 Board effectiveness review, which was externally facilitated, (the 2024",uncertain,low,Stage B broader-recall term 'AI' matched only; broader AI/automation terms are never auto-classified as generative AI and need further reading to confirm relevance.,no
NatWest Group,NWG,,NWG_company_annual_report_current_fy2025_2026-02.pdf,p.123,AI,B,"which had been identified. This includes: • A comprehensive review of Board and committee papers, to focus on timeliness, conciseness, and use of AI to enhance quality and consistency. • Enhanced Board exposure to executive talent below ExCo level, through expanded attendance at Board meetings.",uncertain,low,Stage B broader-recall term 'AI' matched only; broader AI/automation terms are never auto-classified as generative AI and need further reading to confirm relevance.,no
NatWest Group,NWG,,NWG_company_annual_report_current_fy2025_2026-02.pdf,p.129,generative AI,A,"ction of the future. Discussions also included the function’s increased usage of behavioural risk data science techniques, data testing, adoption of Generative AI and continuous audit techniques. The committee agreed to continued visibility at the committee for the potential internal CAE successors via present",likely_genai,medium,"Stage A high-precision generative-AI term 'generative AI' matched; still requires human confirmation of is_genai, deployment_stage and evidence_strength.",no
NatWest Group,NWG,,NWG_company_annual_report_current_fy2025_2026-02.pdf,p.129,automation,B,"ol environment within NatWest Group. The committee also considered Internal Audit’s updates on ongoing challenges, including operational resilience, automation, and key change programmes, noting improvements in control validation rates, progress on simplification objectives and risk self-assessments, and t",uncertain,low,Stage B broader-recall term 'automation' matched only; broader AI/automation terms are never auto-classified as generative AI and need further reading to confirm relevance.,no
NatWest Group,NWG,,NWG_company_annual_report_current_fy2025_2026-02.pdf,p.133,AI,B,"t Framework and delivery of internal ratings-based models to comply with regulatory expectations. During 2025, BRC also devoted time to discussing AI deployment within the NatWest Group, with particular focus on enhancement of risk management controls as well as the development and governance o",uncertain,low,Stage B broader-recall term 'AI' matched only; broader AI/automation terms are never auto-classified as generative AI and need further reading to confirm relevance.,no
NatWest Group,NWG,,NWG_company_annual_report_current_fy2025_2026-02.pdf,p.133,AI,B,"eployment within the NatWest Group, with particular focus on enhancement of risk management controls as well as the development and governance of AI models. In addition to the above principal areas of focus, the committee continued its oversight of NatWest Group’s other key financial and non-fi",uncertain,low,Stage B broader-recall term 'AI' matched only; broader AI/automation terms are never auto-classified as generative AI and need further reading to confirm relevance.,no
NatWest Group,NWG,,NWG_company_annual_report_current_fy2025_2026-02.pdf,p.134,AI,B,"ted further analysis to support strategic Board discussions. BRC also challenged management on emerging risks, including cyberattacks and disruptive AI. It sought and received assurance from management that NatWest Group’s risk appetite remained appropriately calibrated in light of developments in",uncertain,low,Stage B broader-recall term 'AI' matched only; broader AI/automation terms are never auto-classified as generative AI and need further reading to confirm relevance.,no
NatWest Group,NWG,,NWG_company_annual_report_current_fy2025_2026-02.pdf,p.134,AI,B,"eflective of NatWest Group’s strategic ambitions and evolving risk profile, in light of the wider macroeconomic uncertainty and the increased use of AI. BRC requested management provide a forward-looking view of the capabilities being developed through Risk30 to ensure an appropriate response to the",uncertain,low,Stage B broader-recall term 'AI' matched only; broader AI/automation terms are never auto-classified as generative AI and need further reading to confirm relevance.,no
NatWest Group,NWG,,NWG_company_annual_report_current_fy2025_2026-02.pdf,p.134,automation,B,"nts to the presentation of key metrics including credit exposures. It welcomed the progress made on automating reporting, whilst encouraging further automation and data quality improvements to support more timely and insightful reporting. The committee challenged management on NatWest Group’s preparedness i",uncertain,low,Stage B broader-recall term 'automation' matched only; broader AI/automation terms are never auto-classified as generative AI and need further reading to confirm relevance.,no
NatWest Group,NWG,,NWG_company_annual_report_current_fy2025_2026-02.pdf,p.135,AI,B,"rsecurity The committee performed oversight across a range of operational risks including technology end of life remediation, payments technology, AI risk management and operational resilience. BRC reviewed the operational resilience self-assessment prior to its approval by the Board and maintai",uncertain,low,Stage B broader-recall term 'AI' matched only; broader AI/automation terms are never auto-classified as generative AI and need further reading to confirm relevance.,no
NatWest Group,NWG,,NWG_company_annual_report_current_fy2025_2026-02.pdf,p.135,AI,B,ion of key programmes. Management were challenged to ensure focus on technology end of life remediation was maintained. The committee was updated on AI deployment within NatWest Group and actions to enhance risk management controls. It was agreed that in 2026 AI risks would be reported in a consolid,uncertain,low,Stage B broader-recall term 'AI' matched only; broader AI/automation terms are never auto-classified as generative AI and need further reading to confirm relevance.,no
NatWest Group,NWG,,NWG_company_annual_report_current_fy2025_2026-02.pdf,p.135,AI,B,"oyment within NatWest Group and actions to enhance risk management controls. It was agreed that in 2026 AI risks would be reported in a consolidated AI dashboard to support committee oversight. In supporting the Board in its oversight of operational resilience, BRC challenged management to ensure tha",uncertain,low,Stage B broader-recall term 'AI' matched only; broader AI/automation terms are never auto-classified as generative AI and need further reading to confirm relevance.,no
NatWest Group,NWG,,NWG_company_annual_report_current_fy2025_2026-02.pdf,p.136,AI,B,"f the validation process and requested enhanced reporting in the Group Risk Report to improve committee oversight. The development and governance of AI models was specifically considered by BRC, including the need to ensure appropriate resource and skillsets throughout the model lifecycle. Through i",uncertain,low,Stage B broader-recall term 'AI' matched only; broader AI/automation terms are never auto-classified as generative AI and need further reading to confirm relevance.,no
NatWest Group,NWG,,NWG_company_annual_report_current_fy2025_2026-02.pdf,p.137,AI,B,"undering Reporting Officer’s (MLRO) report. The committee also received updates on NatWest Group’s fraud prevention strategy, including the use of AI to detect and prevent fraud. Broader industry developments were considered as part of BRC’s oversight of fraud related risks, including an update",uncertain,low,Stage B broader-recall term 'AI' matched only; broader AI/automation terms are never auto-classified as generative AI and need further reading to confirm relevance.,no
NatWest Group,NWG,,NWG_company_annual_report_current_fy2025_2026-02.pdf,p.139,AI,B,"n Committee The committee held spotlight sessions including deep dives on unlocking the power of data, the advancement of device capabilities, and AI research and strategy. With the rapid evolution of technology and AI, TISC ensures the Group’s work remains on track while challenging the level o",uncertain,low,Stage B broader-recall term 'AI' matched only; broader AI/automation terms are never auto-classified as generative AI and need further reading to confirm relevance.,no
NatWest Group,NWG,,NWG_company_annual_report_current_fy2025_2026-02.pdf,p.139,automation,B,"atives across the Group; • can demonstrate they increase market agility, operating leverage, enhance customer experience and engagement, and use automation; • highlight NatWest’s position versus competitors, and what is best in class that we could learn from; and • detail the current baseline positio",uncertain,low,Stage B broader-recall term 'automation' matched only; broader AI/automation terms are never auto-classified as generative AI and need further reading to confirm relevance.,no
NatWest Group,NWG,,NWG_company_annual_report_current_fy2025_2026-02.pdf,p.140,AI,B,"ng technology architecture so customer information and context followed the customer across channels, and reduced colleague cognitive load through AI augmentation. • Personalised Messaging and Data-Driven Engagement: The committee reviewed how investment in AI was enabling event and trigger-base",uncertain,low,Stage B broader-recall term 'AI' matched only; broader AI/automation terms are never auto-classified as generative AI and need further reading to confirm relevance.,no
NatWest Group,NWG,,NWG_company_annual_report_current_fy2025_2026-02.pdf,p.140,AI,B,"be presented to a future Board meeting. TISC also recommended consideration be given as to how M&A targets are assessed for their support of agile, AI-driven customer data approaches. Additional recommendations included establishing an early-adopter customer group to test new features and developi",uncertain,low,Stage B broader-recall term 'AI' matched only; broader AI/automation terms are never auto-classified as generative AI and need further reading to confirm relevance.,no
NatWest Group,NWG,,NWG_company_annual_report_current_fy2025_2026-02.pdf,p.140,AI,B,"The strategy was to position the Group as a platform bank at the convergence of finance and technology, with rapid evolution in technology and data/AI, and a strong focus on removing complex orchestration layers to speed up delivery. It was also noted that an Architectural Council has been establi",uncertain,low,Stage B broader-recall term 'AI' matched only; broader AI/automation terms are never auto-classified as generative AI and need further reading to confirm relevance.,no
NatWest Group,NWG,,NWG_company_annual_report_current_fy2025_2026-02.pdf,p.140,AI,B,"resulting in a reset of a number of Key Results through a customer lens. The level of ambition within the plans, and the need to consider the use of AI from a trust standpoint was challenged; and the need for clarification regarding what was remediation activity rather than simplification work was",uncertain,low,Stage B broader-recall term 'AI' matched only; broader AI/automation terms are never auto-classified as generative AI and need further reading to confirm relevance.,no
NatWest Group,NWG,,NWG_company_annual_report_current_fy2025_2026-02.pdf,p.141,generative AI,A,"e team, with deliverables expected by the end of 2025. AI adoption is progressing, with tools like CoPilot Chat and Aiden (an internally developed generative AI tool) rolled out to employees, with an initial focus on building avatars capable of developing an empathetic response; and deepfake detection capab",likely_genai,medium,"Stage A high-precision generative-AI term 'generative AI' matched; still requires human confirmation of is_genai, deployment_stage and evidence_strength.",no
NatWest Group,NWG,,NWG_company_annual_report_current_fy2025_2026-02.pdf,p.141,generative AI,A,ve Positioning: The Group’s position versus peers was reviewed including opportunities and challenges such as security concerns potentially slowing generative AI adoption across the industry which presented opportunities for the Group. TISC highlighted the need for clarity on which platforms the Group will en,likely_genai,medium,"Stage A high-precision generative-AI term 'generative AI' matched; still requires human confirmation of is_genai, deployment_stage and evidence_strength.",no
NatWest Group,NWG,,NWG_company_annual_report_current_fy2025_2026-02.pdf,p.141,agentic AI,A,"ty. The data marketplace is intended to combine siloed data sets, reduce point-to- point sourcing, and drive operational efficiency. The adoption of Agentic AI-based architecture requires centralised data and Application Programming Interfaces (APIs), with several applications in development. • AI Feature",likely_genai,medium,"Stage A high-precision generative-AI term 'agentic AI' matched; still requires human confirmation of is_genai, deployment_stage and evidence_strength.",no
NatWest Group,NWG,,NWG_company_annual_report_current_fy2025_2026-02.pdf,p.141,agentic AI,A,"ation via proprietary models, industry adoption, and the impact on customer relationships and staff roles. This evolution of large language models, Agentic AI, and the Group’s ambition for operating leverage through AI was covered. Demonstrations of financial crime and fraud use cases, and retail banking",likely_genai,medium,"Stage A high-precision generative-AI term 'agentic AI' matched; still requires human confirmation of is_genai, deployment_stage and evidence_strength.",no
NatWest Group,NWG,,NWG_company_annual_report_current_fy2025_2026-02.pdf,p.141,agentic AI,A,"headsets, brain-computer interfaces, robotics with embedded AI) and the potential to disrupt customer engagement and end mobile phone dominance. • Agentic AI and Banking Disruption: The June meeting included a deep dive into Agentic AI, with external perspectives from the Technology Advisory Board. The c",likely_genai,medium,"Stage A high-precision generative-AI term 'agentic AI' matched; still requires human confirmation of is_genai, deployment_stage and evidence_strength.",no
NatWest Group,NWG,,NWG_company_annual_report_current_fy2025_2026-02.pdf,p.141,agentic AI,A,"g included a deep dive into Agentic AI, with external perspectives from the Technology Advisory Board. The committee considered how rapid shifts in Agentic AI adoption by customers could impact the Group, including the risk of disintermediation and the need for strategic advantage through ownership of com",likely_genai,medium,"Stage A high-precision generative-AI term 'agentic AI' matched; still requires human confirmation of is_genai, deployment_stage and evidence_strength.",no
NatWest Group,NWG,,NWG_company_annual_report_current_fy2025_2026-02.pdf,p.141,agentic AI,A,be taken to ensure the Group was winning for customers. It was agreed that a future update would be provided in respect of the Group’s position on Agentic AI adoption by our customers. The committee reinforced the importance of benchmarking and learning from other industries and best-in-class competitors.,likely_genai,medium,"Stage A high-precision generative-AI term 'agentic AI' matched; still requires human confirmation of is_genai, deployment_stage and evidence_strength.",no
NatWest Group,NWG,,NWG_company_annual_report_current_fy2025_2026-02.pdf,p.141,AI,B,"a and Application Programming Interfaces (APIs), with several applications in development. • AI Feature Teams and Adoption: The establishment of an AI feature team, with deliverables expected by the end of 2025. AI adoption is progressing, with tools like CoPilot Chat and Aiden (an internally dev",uncertain,low,Stage B broader-recall term 'AI' matched only; broader AI/automation terms are never auto-classified as generative AI and need further reading to confirm relevance.,no
NatWest Group,NWG,,NWG_company_annual_report_current_fy2025_2026-02.pdf,p.141,AI,B,"initial focus on building avatars capable of developing an empathetic response; and deepfake detection capabilities. • Industry and bank-specific AI adoption: External guests from NVIDIA and the Group’s Chief AI Research Officer provided an opinion on the evolution of AI, emerging use cases, and",uncertain,low,Stage B broader-recall term 'AI' matched only; broader AI/automation terms are never auto-classified as generative AI and need further reading to confirm relevance.,no
NatWest Group,NWG,,NWG_company_annual_report_current_fy2025_2026-02.pdf,p.141,AI,B,"adoption, including consideration of technology from multiple geographies were also reviewed. Regarding colleague adoption, ethical considerations in AI rollout, reward system changes, and future skills development were covered. It was agreed to provide a spotlight on engineering workforce plans and",uncertain,low,Stage B broader-recall term 'AI' matched only; broader AI/automation terms are never auto-classified as generative AI and need further reading to confirm relevance.,no
NatWest Group,NWG,,NWG_company_annual_report_current_fy2025_2026-02.pdf,p.141,AI,B,tions to reduce competitive threats. Disintermediation in the market was discussed and it was noted that new entrants from China were already using AI agents to offer to move customers money and were not bound by domestic regulation. The Directors challenged the Group’s ambition including what step,uncertain,low,Stage B broader-recall term 'AI' matched only; broader AI/automation terms are never auto-classified as generative AI and need further reading to confirm relevance.,no
NatWest Group,NWG,,NWG_company_annual_report_current_fy2025_2026-02.pdf,p.150,AI,B,"urther strengthen our performance culture, we reflected our new behaviours into how we manage performance in 2025 and enhanced the experience with AI-powered goal setting, feedback and check-in preparation prompts. We also launched Recognise, our new approach to recognition, which enables colle",uncertain,low,Stage B broader-recall term 'AI' matched only; broader AI/automation terms are never auto-classified as generative AI and need further reading to confirm relevance.,no
NatWest Group,NWG,,NWG_company_annual_report_current_fy2025_2026-02.pdf,p.172,automation,B,"ronment. This has included refinements to the enhanced risk and control self assessments supported by an industry aligned risk directory, greater automation of risk processes, a focused suite of risk standards, operational guidance and risk toolkits, which provide a consistent approach to risk manageme",uncertain,low,Stage B broader-recall term 'automation' matched only; broader AI/automation terms are never auto-classified as generative AI and need further reading to confirm relevance.,no
NatWest Group,NWG,,NWG_company_annual_report_current_fy2025_2026-02.pdf,p.172,automation,B,ual risk exposures. They further support the initiation of actions to address control gaps and weaknesses and identify control rationalisation and automation opportunities. The outcomes of the risk and control self-assessments are used as input into risk profile reporting to the Board and senior manage,uncertain,low,Stage B broader-recall term 'automation' matched only; broader AI/automation terms are never auto-classified as generative AI and need further reading to confirm relevance.,no
NatWest Group,NWG,,NWG_company_annual_report_current_fy2025_2026-02.pdf,p.270,generative AI,A,to mitigate associated technology and cyber risks. • AI tools have been introduced to support the articulation and adequacy of controls including generative AI chat bots to support the embedding of frameworks and to help with horizon scanning. • Compliance with UK and EU operational resilience regulatory,likely_genai,medium,"Stage A high-precision generative-AI term 'generative AI' matched; still requires human confirmation of is_genai, deployment_stage and evidence_strength.",no
NatWest Group,NWG,,NWG_company_annual_report_current_fy2025_2026-02.pdf,p.270,artificial intelligence,B,"ns, nation states. • Innovations in technology, assessing the inherent risk and developing appropriate responses to manage any associated risks. Artificial Intelligence, Quantum Computing and Cloud Adoption have been areas of focus in 2025. As cyberattacks evolve, NatWest Group continues to invest in additional ca",uncertain,low,Stage B broader-recall term 'artificial intelligence' matched only; broader AI/automation terms are never auto-classified as generative AI and need further reading to confirm relevance.,no
NatWest Group,NWG,,NWG_company_annual_report_current_fy2025_2026-02.pdf,p.271,generative AI,A,to mitigate associated technology and cyber risks. • AI tools have been introduced to support the articulation and adequacy of controls including generative AI chat bots to support the embedding of frameworks and to help with horizon scanning. • Compliance with UK and EU operational resilience regulatory,likely_genai,medium,"Stage A high-precision generative-AI term 'generative AI' matched; still requires human confirmation of is_genai, deployment_stage and evidence_strength.",no
NatWest Group,NWG,,NWG_company_annual_report_current_fy2025_2026-02.pdf,p.271,artificial intelligence,B,"ns, nation states. • Innovations in technology, assessing the inherent risk and developing appropriate responses to manage any associated risks. Artificial Intelligence, Quantum Computing and Cloud Adoption have been areas of focus in 2025. As cyberattacks evolve, NatWest Group continues to invest in additional ca",uncertain,low,Stage B broader-recall term 'artificial intelligence' matched only; broader AI/automation terms are never auto-classified as generative AI and need further reading to confirm relevance.,no
NatWest Group,NWG,,NWG_company_annual_report_current_fy2025_2026-02.pdf,p.274,AI,B,"ice. • NatWest Group is also evaluating alternative rules mapping approaches, including a regulatory traceability model supported by an integrated AI-enabled platform. This will simplify governance, reduce complexity, and improve consistency, while ensuring its framework remains resilient and f",uncertain,low,Stage B broader-recall term 'AI' matched only; broader AI/automation terms are never auto-classified as generative AI and need further reading to confirm relevance.,no
NatWest Group,NWG,,NWG_company_annual_report_current_fy2025_2026-02.pdf,p.275,AI,B,"ice. • NatWest Group is also evaluating alternative rules mapping approaches, including a regulatory traceability model supported by an integrated AI-enabled platform. This will simplify governance, reduce complexity, and improve consistency, while ensuring its framework remains resilient and f",uncertain,low,Stage B broader-recall term 'AI' matched only; broader AI/automation terms are never auto-classified as generative AI and need further reading to confirm relevance.,no
NatWest Group,NWG,,NWG_company_annual_report_current_fy2025_2026-02.pdf,p.276,automation,B,"easuring and assessing risk exposures (including credit, market, and climate risk), calculating regulatory capital and liquidity requirements and automation of operational processes. Model applications may give rise to different risks depending on the business in which they are used. Model risk is ther",uncertain,low,Stage B broader-recall term 'automation' matched only; broader AI/automation terms are never auto-classified as generative AI and need further reading to confirm relevance.,no
NatWest Group,NWG,,NWG_company_annual_report_current_fy2025_2026-02.pdf,p.277,automation,B,"easuring and assessing risk exposures (including credit, market, and climate risk), calculating regulatory capital and liquidity requirements and automation of operational processes. Model applications may give rise to different risks depending on the business in which they are used. Model risk is ther",uncertain,low,Stage B broader-recall term 'automation' matched only; broader AI/automation terms are never auto-classified as generative AI and need further reading to confirm relevance.,no
NatWest Group,NWG,,NWG_company_annual_report_current_fy2025_2026-02.pdf,p.370,artificial intelligence,B,"ading because they failed to disclose that, at the time of the bond offering, Oracle was already planning to further increase its debt to fund its Artificial Intelligence infrastructure expansion. The complaint seeks damages under the U.S. Securities Act of 1933 (the ‘Securities Act’), as amended, on behalf of thos",uncertain,low,Stage B broader-recall term 'artificial intelligence' matched only; broader AI/automation terms are never auto-classified as generative AI and need further reading to confirm relevance.,no
NatWest Group,NWG,,NWG_company_annual_report_current_fy2025_2026-02.pdf,p.371,artificial intelligence,B,"ading because they failed to disclose that, at the time of the bond offering, Oracle was already planning to further increase its debt to fund its Artificial Intelligence infrastructure expansion. The complaint seeks damages under the U.S. Securities Act of 1933 (the ‘Securities Act’), as amended, on behalf of thos",uncertain,low,Stage B broader-recall term 'artificial intelligence' matched only; broader AI/automation terms are never auto-classified as generative AI and need further reading to confirm relevance.,no
NatWest Group,NWG,,NWG_company_annual_report_current_fy2025_2026-02.pdf,p.405,artificial intelligence,B,"that NatWest Group and its customers serve, rapid changes to the economic environment due to the adoption of technology, digitisation, automation, artificial intelligence, decarbonisation, or due to the consequences of climate change, biodiversity loss, environmental degradation, and widening social and economic ine",uncertain,low,Stage B broader-recall term 'artificial intelligence' matched only; broader AI/automation terms are never auto-classified as generative AI and need further reading to confirm relevance.,no
NatWest Group,NWG,,NWG_company_annual_report_current_fy2025_2026-02.pdf,p.406,artificial intelligence,B,"the profitability, competitiveness, or volume of services NatWest Group offers; • the rapid emergence and deployment of new technologies (such as artificial intelligence, quantum computing, blockchain and digital currencies) resulting in a potential shift across the market towards products and services that are no",uncertain,low,Stage B broader-recall term 'artificial intelligence' matched only; broader AI/automation terms are never auto-classified as generative AI and need further reading to confirm relevance.,no
NatWest Group,NWG,,NWG_company_annual_report_current_fy2025_2026-02.pdf,p.406,artificial intelligence,B,"ift across the market towards products and services that are not part of NatWest Group’s core offering today; • the deployment and integration of artificial intelligence in NatWest Group’s processes, controls, and products; • the emergence of digital assets and digital currencies operating alongside the traditional",uncertain,low,Stage B broader-recall term 'artificial intelligence' matched only; broader AI/automation terms are never auto-classified as generative AI and need further reading to confirm relevance.,no
NatWest Group,NWG,,NWG_company_annual_report_current_fy2025_2026-02.pdf,p.407,artificial intelligence,B,"the profitability, competitiveness, or volume of services NatWest Group offers; • the rapid emergence and deployment of new technologies (such as artificial intelligence, quantum computing, blockchain and digital currencies) resulting in a potential shift across the market towards products and services that are no",uncertain,low,Stage B broader-recall term 'artificial intelligence' matched only; broader AI/automation terms are never auto-classified as generative AI and need further reading to confirm relevance.,no
NatWest Group,NWG,,NWG_company_annual_report_current_fy2025_2026-02.pdf,p.407,artificial intelligence,B,"ift across the market towards products and services that are not part of NatWest Group’s core offering today; • the deployment and integration of artificial intelligence in NatWest Group’s processes, controls, and products; • the emergence of digital assets and digital currencies operating alongside the traditional",uncertain,low,Stage B broader-recall term 'artificial intelligence' matched only; broader AI/automation terms are never auto-classified as generative AI and need further reading to confirm relevance.,no
NatWest Group,NWG,,NWG_company_annual_report_current_fy2025_2026-02.pdf,p.408,artificial intelligence,B,"venues and profitability, particularly in its key UK retail and Commercial & Institutional banking segments. Moreover, innovations in biometrics, artificial intelligence, automation, cloud services, blockchain, cryptocurrencies and quantum computing may rapidly facilitate industry transformation. Increasingly, man",uncertain,low,Stage B broader-recall term 'artificial intelligence' matched only; broader AI/automation terms are never auto-classified as generative AI and need further reading to confirm relevance.,no
NatWest Group,NWG,,NWG_company_annual_report_current_fy2025_2026-02.pdf,p.408,artificial intelligence,B,"tWest Group’s products and services are, and will become, more technology intensive, including through digitalisation, automation, and the use of artificial intelligence while needing to continue complying with applicable and evolving regulations. NatWest Group’s ability to develop or acquire digital solutions and",uncertain,low,Stage B broader-recall term 'artificial intelligence' matched only; broader AI/automation terms are never auto-classified as generative AI and need further reading to confirm relevance.,no
NatWest Group,NWG,,NWG_company_annual_report_current_fy2025_2026-02.pdf,p.408,artificial intelligence,B,"mple, NatWest Group is investing in the automation of certain solutions and interactions within its customer-facing businesses, including through artificial intelligence. There can be no certainty that such initiatives will allow NatWest Group to compete effectively or will deliver the expected cost savings. In add",uncertain,low,Stage B broader-recall term 'artificial intelligence' matched only; broader AI/automation terms are never auto-classified as generative AI and need further reading to confirm relevance.,no
NatWest Group,NWG,,NWG_company_annual_report_current_fy2025_2026-02.pdf,p.409,artificial intelligence,B,"venues and profitability, particularly in its key UK retail and Commercial & Institutional banking segments. Moreover, innovations in biometrics, artificial intelligence, automation, cloud services, blockchain, cryptocurrencies and quantum computing may rapidly facilitate industry transformation. Increasingly, man",uncertain,low,Stage B broader-recall term 'artificial intelligence' matched only; broader AI/automation terms are never auto-classified as generative AI and need further reading to confirm relevance.,no
NatWest Group,NWG,,NWG_company_annual_report_current_fy2025_2026-02.pdf,p.409,artificial intelligence,B,"tWest Group’s products and services are, and will become, more technology intensive, including through digitalisation, automation, and the use of artificial intelligence while needing to continue complying with applicable and evolving regulations. NatWest Group’s ability to develop or acquire digital solutions and",uncertain,low,Stage B broader-recall term 'artificial intelligence' matched only; broader AI/automation terms are never auto-classified as generative AI and need further reading to confirm relevance.,no
NatWest Group,NWG,,NWG_company_annual_report_current_fy2025_2026-02.pdf,p.409,artificial intelligence,B,"mple, NatWest Group is investing in the automation of certain solutions and interactions within its customer-facing businesses, including through artificial intelligence. There can be no certainty that such initiatives will allow NatWest Group to compete effectively or will deliver the expected cost savings. In add",uncertain,low,Stage B broader-recall term 'artificial intelligence' matched only; broader AI/automation terms are never auto-classified as generative AI and need further reading to confirm relevance.,no
NatWest Group,NWG,,NWG_company_annual_report_current_fy2025_2026-02.pdf,p.413,artificial intelligence,B,"nd processes, and are based on a limited set of observations. NatWest Group also continues to invest in building new capabilities that employ new artificial intelligence technologies, such as generative artificial intelligence, and it expects its use of these technologies to increase over time. However, there are",uncertain,low,Stage B broader-recall term 'artificial intelligence' matched only; broader AI/automation terms are never auto-classified as generative AI and need further reading to confirm relevance.,no
NatWest Group,NWG,,NWG_company_annual_report_current_fy2025_2026-02.pdf,p.413,artificial intelligence,B,"technologies to increase over time. However, there are significant risks involved in utilising more sophisticated modelling approaches, including artificial intelligence, and no assurance can be provided that NatWest Group’s use of artificial intelligence in its models will enhance its business or produce only inte",uncertain,low,Stage B broader-recall term 'artificial intelligence' matched only; broader AI/automation terms are never auto-classified as generative AI and need further reading to confirm relevance.,no
NatWest Group,NWG,,NWG_company_annual_report_current_fy2025_2026-02.pdf,p.415,artificial intelligence,B,"tional changes involved, including: NatWest Group’s cost-controlling and simplification measures; continued digitalisation and the integration of artificial intelligence in the business; acquisition, divestments and other transactions; the implementation of recommendations from internal and external reviews with r",uncertain,low,Stage B broader-recall term 'artificial intelligence' matched only; broader AI/automation terms are never auto-classified as generative AI and need further reading to confirm relevance.,no
NatWest Group,NWG,,NWG_company_annual_report_current_fy2025_2026-02.pdf,p.415,artificial intelligence,B,"NatWest Group outsources certain activities, including with respect to the implementation of technologies, innovation (such as cloud services and artificial intelligence) and responding to regulatory and market changes. Strategic report Financial review Governance and remuneration Risk and capital management Financi",uncertain,low,Stage B broader-recall term 'artificial intelligence' matched only; broader AI/automation terms are never auto-classified as generative AI and need further reading to confirm relevance.,no
NatWest Group,NWG,,NWG_company_annual_report_current_fy2025_2026-02.pdf,p.416,artificial intelligence,B,"t Group also faces operational risks as it continues to invest in the automation of certain solutions and customer interactions, including through artificial intelligence. Such initiatives may result in operational, reputational and conduct risks if the technology is not used appropriately, is defective or inadequa",uncertain,low,Stage B broader-recall term 'artificial intelligence' matched only; broader AI/automation terms are never auto-classified as generative AI and need further reading to confirm relevance.,no
NatWest Group,NWG,,NWG_company_annual_report_current_fy2025_2026-02.pdf,p.416,artificial intelligence,B,"increasing in terms of frequency, sophistication, impact and severity. The increased availability of malicious tools and the rapid advancement of artificial intelligence capabilities reduce entry barriers for malicious actors and accelerate the exploitation of vulnerabilities leading to cyberattacks evolving and be",uncertain,low,Stage B broader-recall term 'artificial intelligence' matched only; broader AI/automation terms are never auto-classified as generative AI and need further reading to confirm relevance.,no
NatWest Group,NWG,,NWG_company_annual_report_current_fy2025_2026-02.pdf,p.416,artificial intelligence,B,"third parties, including third-party providers, or may result from technological failure (including defective, inadequate or inappropriately used artificial intelligence based solutions). NatWest Group expects greater regulatory engagement, supervision and enforcement to continue in relation to its overall resilie",uncertain,low,Stage B broader-recall term 'artificial intelligence' matched only; broader AI/automation terms are never auto-classified as generative AI and need further reading to confirm relevance.,no
NatWest Group,NWG,,NWG_company_annual_report_current_fy2025_2026-02.pdf,p.416,artificial intelligence,B,"on NatWest Group. Due to NatWest Group’s reliance on technology, the adoption of innovative solutions, the integration of automated processes and artificial intelligence in its business and the increasing sophistication, frequency and impact of cyberattacks, such attacks may have an adverse effect on NatWest Group.",uncertain,low,Stage B broader-recall term 'artificial intelligence' matched only; broader AI/automation terms are never auto-classified as generative AI and need further reading to confirm relevance.,no
NatWest Group,NWG,,NWG_company_annual_report_current_fy2025_2026-02.pdf,p.417,artificial intelligence,B,"t Group also faces operational risks as it continues to invest in the automation of certain solutions and customer interactions, including through artificial intelligence. Such initiatives may result in operational, reputational and conduct risks if the technology is not used appropriately, is defective or inadequa",uncertain,low,Stage B broader-recall term 'artificial intelligence' matched only; broader AI/automation terms are never auto-classified as generative AI and need further reading to confirm relevance.,no
NatWest Group,NWG,,NWG_company_annual_report_current_fy2025_2026-02.pdf,p.417,artificial intelligence,B,"increasing in terms of frequency, sophistication, impact and severity. The increased availability of malicious tools and the rapid advancement of artificial intelligence capabilities reduce entry barriers for malicious actors and accelerate the exploitation of vulnerabilities leading to cyberattacks evolving and be",uncertain,low,Stage B broader-recall term 'artificial intelligence' matched only; broader AI/automation terms are never auto-classified as generative AI and need further reading to confirm relevance.,no
NatWest Group,NWG,,NWG_company_annual_report_current_fy2025_2026-02.pdf,p.417,artificial intelligence,B,"third parties, including third-party providers, or may result from technological failure (including defective, inadequate or inappropriately used artificial intelligence based solutions). NatWest Group expects greater regulatory engagement, supervision and enforcement to continue in relation to its overall resilie",uncertain,low,Stage B broader-recall term 'artificial intelligence' matched only; broader AI/automation terms are never auto-classified as generative AI and need further reading to confirm relevance.,no
NatWest Group,NWG,,NWG_company_annual_report_current_fy2025_2026-02.pdf,p.417,artificial intelligence,B,"on NatWest Group. Due to NatWest Group’s reliance on technology, the adoption of innovative solutions, the integration of automated processes and artificial intelligence in its business and the increasing sophistication, frequency and impact of cyberattacks, such attacks may have an adverse effect on NatWest Group.",uncertain,low,Stage B broader-recall term 'artificial intelligence' matched only; broader AI/automation terms are never auto-classified as generative AI and need further reading to confirm relevance.,no
NatWest Group,NWG,,NWG_company_annual_report_current_fy2025_2026-02.pdf,p.417,artificial intelligence,B,"ation held on its IT systems, networks and devices as well as with third parties with whom NatWest Group interacts. As NatWest Group develops new artificial intelligence-based products, proprietary, sensitive, or confidential customer information may be inputted into third-party generative or other artificial inte",uncertain,low,Stage B broader-recall term 'artificial intelligence' matched only; broader AI/automation terms are never auto-classified as generative AI and need further reading to confirm relevance.,no
NatWest Group,NWG,,NWG_company_annual_report_current_fy2025_2026-02.pdf,p.417,artificial intelligence,B,"ntelligence or machine learning platforms, and could potentially be accessed by others, including if such information is used to train third-party artificial intelligence models. This may increase the risk of data leakage, data poisoning, potential bias, discrimination, errors, and misuse. A failure to monitor and",uncertain,low,Stage B broader-recall term 'artificial intelligence' matched only; broader AI/automation terms are never auto-classified as generative AI and need further reading to confirm relevance.,no
NatWest Group,NWG,,NWG_company_annual_report_current_fy2025_2026-02.pdf,p.417,artificial intelligence,B,"nvestment is being made in data tools and analytics, including raising awareness around ethical data usage (for example, in relation to the use of artificial intelligence) and privacy across NatWest Group. The availability and accessibility of current, complete, detailed, accurate and, wherever possible, machine-re",uncertain,low,Stage B broader-recall term 'artificial intelligence' matched only; broader AI/automation terms are never auto-classified as generative AI and need further reading to confirm relevance.,no
NatWest Group,NWG,,NWG_company_annual_report_current_fy2025_2026-02.pdf,p.417,artificial intelligence,B,"ely, whether operated by NatWest Group or by a third party supplier, any system failure (including defective or inadequate automated processes or artificial intelligence based solutions), loss of service availability, mobile banking disruption, or breach of data security could potentially cause significant damage t",uncertain,low,Stage B broader-recall term 'artificial intelligence' matched only; broader AI/automation terms are never auto-classified as generative AI and need further reading to confirm relevance.,no
NatWest Group,NWG,,NWG_company_annual_report_current_fy2025_2026-02.pdf,p.417,artificial intelligence,B,develop and enhance digital services for its customers and seeks to improve its competitive position through integrating automated processes and artificial intelligence based solutions in its business and by enhancing controls and procedures and strengthening the resilience of services including cybersecurity. St,uncertain,low,Stage B broader-recall term 'artificial intelligence' matched only; broader AI/automation terms are never auto-classified as generative AI and need further reading to confirm relevance.,no
NatWest Group,NWG,,NWG_company_annual_report_current_fy2025_2026-02.pdf,p.418,artificial intelligence,B,"elop a highly skilled and qualified diverse workforce, including senior management, and other employees in critical roles (such as in technology, artificial intelligence and data), in a highly competitive market. NatWest Group’s ability to attract, retain and develop highly skilled and qualified diverse senior man",uncertain,low,Stage B broader-recall term 'artificial intelligence' matched only; broader AI/automation terms are never auto-classified as generative AI and need further reading to confirm relevance.,no
NatWest Group,NWG,,NWG_company_annual_report_current_fy2025_2026-02.pdf,p.419,artificial intelligence,B,"elop a highly skilled and qualified diverse workforce, including senior management, and other employees in critical roles (such as in technology, artificial intelligence and data), in a highly competitive market. NatWest Group’s ability to attract, retain and develop highly skilled and qualified diverse senior man",uncertain,low,Stage B broader-recall term 'artificial intelligence' matched only; broader AI/automation terms are never auto-classified as generative AI and need further reading to confirm relevance.,no
NatWest Group,NWG,,NWG_company_annual_report_current_fy2025_2026-02.pdf,p.420,artificial intelligence,B,Financial Ombudsman Service; • new or increased regulations relating to financial crime; and • any regulatory requirements relating to the use of artificial intelligence and large language models across the financial services industry (such as the European Union Artificial Intelligence Act). Any of these developmen,uncertain,low,Stage B broader-recall term 'artificial intelligence' matched only; broader AI/automation terms are never auto-classified as generative AI and need further reading to confirm relevance.,no
NatWest Group,NWG,,NWG_company_annual_report_current_fy2025_2026-02.pdf,p.421,artificial intelligence,B,Financial Ombudsman Service; • new or increased regulations relating to financial crime; and • any regulatory requirements relating to the use of artificial intelligence and large language models across the financial services industry (such as the European Union Artificial Intelligence Act). Any of these developmen,uncertain,low,Stage B broader-recall term 'artificial intelligence' matched only; broader AI/automation terms are never auto-classified as generative AI and need further reading to confirm relevance.,no
NatWest Group,NWG,,NWG_company_annual_report_current_fy2025_2026-02.pdf,p.422,artificial intelligence,B,"actual or perceived nature impacts and from legal claims) and social issues (such as data protection and privacy, impact of increased adoption of artificial intelligence technology, human rights abuse, conflict and security, land rights, labour rights and unjust working conditions, modern slavery and child labour,",uncertain,low,Stage B broader-recall term 'artificial intelligence' matched only; broader AI/automation terms are never auto-classified as generative AI and need further reading to confirm relevance.,no
NatWest Group,NWG,,NWG_company_annual_report_current_fy2025_2026-02.pdf,p.423,artificial intelligence,B,"actual or perceived nature impacts and from legal claims) and social issues (such as data protection and privacy, impact of increased adoption of artificial intelligence technology, human rights abuse, conflict and security, land rights, labour rights and unjust working conditions, modern slavery and child labour,",uncertain,low,Stage B broader-recall term 'artificial intelligence' matched only; broader AI/automation terms are never auto-classified as generative AI and need further reading to confirm relevance.,no
NatWest Group,NWG,,NWG_company_annual_report_current_fy2025_2026-02.pdf,p.423,artificial intelligence,B,"ts climate transition plan, may not be implemented, within the intended timescales, or at all. Moreover, the rising energy demand associated with artificial intelligence workloads, whether generated internally or through third￿party providers, may increase NatWest Group’s own operational footprint. While NatWest G",uncertain,low,Stage B broader-recall term 'artificial intelligence' matched only; broader AI/automation terms are never auto-classified as generative AI and need further reading to confirm relevance.,no
NatWest Group,NWG,,NWG_company_annual_report_current_fy2025_2026-02.pdf,p.423,artificial intelligence,B,"may increase NatWest Group’s own operational footprint. While NatWest Group has taken initial steps to assess the potential impacts of increased artificial intelligence usage, its full effects on NatWest Group’s own operational footprint remain uncertain but could have an adverse effect on achieving NatWest Group’",uncertain,low,Stage B broader-recall term 'artificial intelligence' matched only; broader AI/automation terms are never auto-classified as generative AI and need further reading to confirm relevance.,no
NatWest Group,NWG,,NWG_company_annual_report_current_fy2025_2026-02.pdf,p.429,Claude,A,"h, EH12 1HQ Coutts & Company 440 Strand, London WC2R 0QS, England NatWest Markets Plc 250 Bishopsgate, London EC2M 4AA, England NatWest Markets N.V. Claude Debussylaan, 94 Amsterdam, 1082 MD The Royal Bank of Scotland International Limited Royal Bank House, 71 Bath Street St Helier, JE4 8 Strategic repor",likely_genai,medium,"Stage A high-precision generative-AI term 'Claude' matched; still requires human confirmation of is_genai, deployment_stage and evidence_strength.",no
NatWest Group,NWG,,NWG_company_annual_report_current_fy2025_2026-02.pdf,p.431,artificial intelligence,B,"looking statements continued operational risks (including reliance on third party suppliers); cyberattacks; the accuracy and effective use of data; artificial intelligence; complex IT systems; attracting, retaining and developing diverse senior management and skilled personnel; NatWest Group’s risk management framew",uncertain,low,Stage B broader-recall term 'artificial intelligence' matched only; broader AI/automation terms are never auto-classified as generative AI and need further reading to confirm relevance.,no
NatWest Group,NWG,,NWG_company_annual_report_previous_fy2024_2025-03.pdf,p.13,GenAI,A,"nt, handled 11.2 million LA Retail Banking conversations, almost half of which required no human input. We also introduced Cora+, enhanced with GenAI capabilities. Active balance sheet and risk management To leverage our balance sheet and deliver within our existing risk profile – A foc",likely_genai,medium,"Stage A high-precision generative-AI term 'GenAI' matched; still requires human confirmation of is_genai, deployment_stage and evidence_strength.",no
NatWest Group,NWG,,NWG_company_annual_report_previous_fy2024_2025-03.pdf,p.13,AI,B,"thin 24 hours through our digital channels, while our overall average time from application to offer reduced by 20% in 2024. – In 2024, Cora, our AI virtual assistant, handled 11.2 million LA Retail Banking conversations, almost half of which required no human input. We also introduced Cora+,",uncertain,low,Stage B broader-recall term 'AI' matched only; broader AI/automation terms are never auto-classified as generative AI and need further reading to confirm relevance.,no
NatWest Group,NWG,,NWG_company_annual_report_previous_fy2024_2025-03.pdf,p.23,GenAI,A,"lf-serve via voice and we’ve achieved close to full straight-through processing in both cards (97%) and loans (98%). The launch of Cora+, our new GenAI virtual assistant, means it’s even easier for customers to get support via the mobile app and online banking. Around half of Cora conversations a",likely_genai,medium,"Stage A high-precision generative-AI term 'GenAI' matched; still requires human confirmation of is_genai, deployment_stage and evidence_strength.",no
NatWest Group,NWG,,NWG_company_annual_report_previous_fy2024_2025-03.pdf,p.25,generative AI,A,"NatWest Group plc 2024 Annual Report and Accounts customer service and strengthened security. Additionally, the implementation of Generative AI-enabled tools to assist with administrative tasks has empowered our advisors to spend more time with clients. Strategic report Financial review G",likely_genai,medium,"Stage A high-precision generative-AI term 'generative AI' matched; still requires human confirmation of is_genai, deployment_stage and evidence_strength.",no
NatWest Group,NWG,,NWG_company_annual_report_previous_fy2024_2025-03.pdf,p.25,automation,B,", while simultaneously balancing discipline in our deployment of investment. We will look to continue the simplification of our processes through automation and prioritise services that our clients value. Ensuring we are positioned for long-term growth will remain a priority, while preparing for a shi",uncertain,low,Stage B broader-recall term 'automation' matched only; broader AI/automation terms are never auto-classified as generative AI and need further reading to confirm relevance.,no
NatWest Group,NWG,,NWG_company_annual_report_previous_fy2024_2025-03.pdf,p.28,generative AI,A,"we helped 7.8 million LA people with their financial wellbeing. We also introduced Cora+, an enhancement to our AI virtual assistant, which uses generative AI to deliver responsive answers within the mobile app and e-banking platforms. This advanced solution offers our customers expert support on mortga",likely_genai,medium,"Stage A high-precision generative-AI term 'generative AI' matched; still requires human confirmation of is_genai, deployment_stage and evidence_strength.",no
NatWest Group,NWG,,NWG_company_annual_report_previous_fy2024_2025-03.pdf,p.28,generative AI,A,"olution offers our customers expert support on mortgages, credit cards, loans, and overdrafts in a natural, conversational style. We also deployed generative AI internally to support our workforce. For example, call summarisation technology is now being used by Private Banking colleagues to capture key fa",likely_genai,medium,"Stage A high-precision generative-AI term 'generative AI' matched; still requires human confirmation of is_genai, deployment_stage and evidence_strength.",no
NatWest Group,NWG,,NWG_company_annual_report_previous_fy2024_2025-03.pdf,p.28,AI,B,"ted pace, business models and customer behaviours are evolving rapidly. The increasing availability and sophistication of Artificial Intelligence (AI) and machine learning technologies are fundamentally reshaping how our customers, suppliers and colleagues interact, transact, and manage their f",uncertain,low,Stage B broader-recall term 'AI' matched only; broader AI/automation terms are never auto-classified as generative AI and need further reading to confirm relevance.,no
NatWest Group,NWG,,NWG_company_annual_report_previous_fy2024_2025-03.pdf,p.28,AI,B,"stomers, suppliers and colleagues interact, transact, and manage their finances. The digital transformation is evident in the growing adoption of AI-powered financial assistants, blockchain-based payment systems, and personalised banking experiences. The shift towards a more digital-first appro",uncertain,low,Stage B broader-recall term 'AI' matched only; broader AI/automation terms are never auto-classified as generative AI and need further reading to confirm relevance.,no
NatWest Group,NWG,,NWG_company_annual_report_previous_fy2024_2025-03.pdf,p.28,AI,B,"rgeted regulatory outcomes – digitalising and simplifying customer journeys, and making data accessible through open banking. In terms of managing AI and data ethics, we introduced our AI & Data Ethics Code of Conduct to all colleagues. We also set up a specialist team to review all uses of AI",uncertain,low,Stage B broader-recall term 'AI' matched only; broader AI/automation terms are never auto-classified as generative AI and need further reading to confirm relevance.,no
NatWest Group,NWG,,NWG_company_annual_report_previous_fy2024_2025-03.pdf,p.29,AI,B,"cial review Governance and remuneration Risk and capital management Financial statements Additional information Market environment continued AI and machine learning are also transforming the cybersecurity landscape. While they create new opportunities, they also present new challenges, low",uncertain,low,Stage B broader-recall term 'AI' matched only; broader AI/automation terms are never auto-classified as generative AI and need further reading to confirm relevance.,no
NatWest Group,NWG,,NWG_company_annual_report_previous_fy2024_2025-03.pdf,p.29,AI,B,"phishing emails, more convincing deep fakes, more innovative ransomware attacks). The Security team continued to collaborate with NatWest Group’s AI Centre of Excellence in 2024 and engaged with suppliers to ensure the safe and secure adoption of these technologies. In line with the evolution",uncertain,low,Stage B broader-recall term 'AI' matched only; broader AI/automation terms are never auto-classified as generative AI and need further reading to confirm relevance.,no
NatWest Group,NWG,,NWG_company_annual_report_previous_fy2024_2025-03.pdf,p.29,AI,B,"acts. Additionally, NatWest Group is working on delivering compliance in relation to the EU’s Digital Operational Resilience Act (DORA) and the EU AI Act. We are in the process of providing the appropriate mechanisms to ensure that impacted entities have the necessary safeguards in place. Thro",uncertain,low,Stage B broader-recall term 'AI' matched only; broader AI/automation terms are never auto-classified as generative AI and need further reading to confirm relevance.,no
NatWest Group,NWG,,NWG_company_annual_report_previous_fy2024_2025-03.pdf,p.30,GenAI,A,"ed financial health checks to 321,000 Retail Banking customers in 2024 and 22,000 to Business Banking customers in 2024. – The launch of our first GenAI virtual assistant Cora+ in 2024 upgraded our existing digital assistant Cora, giving customers access to a more intuitive, conversational experi",likely_genai,medium,"Stage A high-precision generative-AI term 'GenAI' matched; still requires human confirmation of is_genai, deployment_stage and evidence_strength.",no
NatWest Group,NWG,,NWG_company_annual_report_previous_fy2024_2025-03.pdf,p.37,AI,B,"some form of future skills learning over the past two years. We have also refreshed our NatWest Group Academy to amplify Artificial Intelligence (AI) capability as a key priority, resulting in over five times more elective learning completions focused on AI than 12 months ago. In 2024 we also m",uncertain,low,Stage B broader-recall term 'AI' matched only; broader AI/automation terms are never auto-classified as generative AI and need further reading to confirm relevance.,no
NatWest Group,NWG,,NWG_company_annual_report_previous_fy2024_2025-03.pdf,p.37,AI,B,"ago. In 2024 we also made significant enhancements to the learner experience with our content partner, Skillsoft. All colleagues had access to an AI-powered development tool to make learning even more interactive with real-time role-playing and feedback. We continue to offer gigs – small, discr",uncertain,low,Stage B broader-recall term 'AI' matched only; broader AI/automation terms are never auto-classified as generative AI and need further reading to confirm relevance.,no
NatWest Group,NWG,,NWG_company_annual_report_previous_fy2024_2025-03.pdf,p.61,automation,B,embedding of the enhanced risk and control self-assessment approach with a focus on material operational risks across key end-to-end processes. – Automation of data-led insights to proactively drive the prioritisation of risk mitigation activities. – The embedding of robust operational risk appetite mea,uncertain,low,Stage B broader-recall term 'automation' matched only; broader AI/automation terms are never auto-classified as generative AI and need further reading to confirm relevance.,no
NatWest Group,NWG,,NWG_company_annual_report_previous_fy2024_2025-03.pdf,p.63,generative AI,A,"s 61 Emerging risk scenarios in focus in 2024 Description Mitigants Artificial intelligence Innovations in artificial intelligence (AI), including generative AI, may rapidly transform and disrupt customer interactions, the industry and the economy. NatWest Group’s ability to continue to deploy AI solutions",likely_genai,medium,"Stage A high-precision generative-AI term 'generative AI' matched; still requires human confirmation of is_genai, deployment_stage and evidence_strength.",no
NatWest Group,NWG,,NWG_company_annual_report_previous_fy2024_2025-03.pdf,p.63,AI,B,"transform and disrupt customer interactions, the industry and the economy. NatWest Group’s ability to continue to deploy AI solutions and integrate AI in systems and controls will become increasingly important to retaining and growing business. There can be no certainty that NatWest Group’s innova",uncertain,low,Stage B broader-recall term 'AI' matched only; broader AI/automation terms are never auto-classified as generative AI and need further reading to confirm relevance.,no
NatWest Group,NWG,,NWG_company_annual_report_previous_fy2024_2025-03.pdf,p.63,AI,B,"ness. There can be no certainty that NatWest Group’s innovation strategy will be successful, and competitors may be more successful in implementing AI technologies, in turn, affecting industry competitive dynamics. Developments in AI may also result in increased model risk and rising levels of frau",uncertain,low,Stage B broader-recall term 'AI' matched only; broader AI/automation terms are never auto-classified as generative AI and need further reading to confirm relevance.,no
NatWest Group,NWG,,NWG_company_annual_report_previous_fy2024_2025-03.pdf,p.63,AI,B,"also result in increased model risk and rising levels of fraud. – NatWest Group closely monitors developments in disruptive technologies, including AI. Strategy is developed as appropriate to leverage AI across NatWest Group with a focus on helping improve customer journeys, personalisation, colle",uncertain,low,Stage B broader-recall term 'AI' matched only; broader AI/automation terms are never auto-classified as generative AI and need further reading to confirm relevance.,no
NatWest Group,NWG,,NWG_company_annual_report_previous_fy2024_2025-03.pdf,p.63,AI,B,"t Group with a focus on helping improve customer journeys, personalisation, colleague effectiveness and improved risk and capital management. Using AI safely and ethically is a key area of focus, alongside compliance with evolving AI regulation. This includes developing a robust set of controls fo",uncertain,low,Stage B broader-recall term 'AI' matched only; broader AI/automation terms are never auto-classified as generative AI and need further reading to confirm relevance.,no
NatWest Group,NWG,,NWG_company_annual_report_previous_fy2024_2025-03.pdf,p.63,AI,B,"thically is a key area of focus, alongside compliance with evolving AI regulation. This includes developing a robust set of controls for the use of AI models and tools across NatWest Group. Biodiversity and nature loss The risks arising from the loss and/or decline of the state of biodiversity and",uncertain,low,Stage B broader-recall term 'AI' matched only; broader AI/automation terms are never auto-classified as generative AI and need further reading to confirm relevance.,no
NatWest Group,NWG,,NWG_company_annual_report_previous_fy2024_2025-03.pdf,p.73,automation,B,"to wage inflation and planned redundancy costs, including the closure of operations in Poland, partially offset by customer journey simplification, automation, and resource management. − Premises and equipment costs of £1,211 million were £58 million higher than 2023 primarily due to property provisions",uncertain,low,Stage B broader-recall term 'automation' matched only; broader AI/automation terms are never auto-classified as generative AI and need further reading to confirm relevance.,no
NatWest Group,NWG,,NWG_company_annual_report_previous_fy2024_2025-03.pdf,p.83,AI,B,"Land Securities plc and ICI plc. Rick’s chair experience extends to SMEs across industry sectors, including a fintech company, an industrial AI company, and a sustainability consultancy. Rick has been responsible for several high-profile business transformations and rescues, including a",uncertain,low,Stage B broader-recall term 'AI' matched only; broader AI/automation terms are never auto-classified as generative AI and need further reading to confirm relevance.,no
NatWest Group,NWG,,NWG_company_annual_report_previous_fy2024_2025-03.pdf,p.100,AI,B,"ed executive remuneration and the wider workforce, the new performance management system Beyond, NatWest Group’s evolving purpose and responsible AI. Culture strategy As part of the Board strategy sessions careful consideration was given to the cultural shift required to deliver the renewed",uncertain,low,Stage B broader-recall term 'AI' matched only; broader AI/automation terms are never auto-classified as generative AI and need further reading to confirm relevance.,no
NatWest Group,NWG,,NWG_company_annual_report_previous_fy2024_2025-03.pdf,p.103,AI,B,"iews on executive remuneration and the wider workforce, the new performance management approach Beyond, evolving our purpose, and responsible AI. The CAP Chair reported to the Board on those discussions in June and December and followed up with Panel members post-Board, ensuring a co",uncertain,low,Stage B broader-recall term 'AI' matched only; broader AI/automation terms are never auto-classified as generative AI and need further reading to confirm relevance.,no
NatWest Group,NWG,,NWG_company_annual_report_previous_fy2024_2025-03.pdf,p.114,generative AI,A,"ere discussed, including the bench strength of the function and the increased use of data and analytics techniques, including data mining and use of Generative AI techniques. The committee agreed to increase their visibility of the Internal Audit Leadership Team through their presentation of quarterly opinion",likely_genai,medium,"Stage A high-precision generative-AI term 'generative AI' matched; still requires human confirmation of is_genai, deployment_stage and evidence_strength.",no
NatWest Group,NWG,,NWG_company_annual_report_previous_fy2024_2025-03.pdf,p.124,artificial intelligence,B,"enerate long-term value for stakeholders and succeed with customers. Updates have focused on the data strategy, approach to innovation, and artificial intelligence, including emerging challenges, ethics, and potential areas for transformational change for customers. The customer and Consumer Duty underp",uncertain,low,Stage B broader-recall term 'artificial intelligence' matched only; broader AI/automation terms are never auto-classified as generative AI and need further reading to confirm relevance.,no
NatWest Group,NWG,,NWG_company_annual_report_previous_fy2024_2025-03.pdf,p.126,AI,B,"quired. Technology, data and innovation Sessions focused on: data and automation; competitive threats and opportunities; artificial intelligence (AI); payments; innovation and partnerships; and emerging technology trends. Data is a key enabler to our strategy and SBC noted how the data strategy",uncertain,low,Stage B broader-recall term 'AI' matched only; broader AI/automation terms are never auto-classified as generative AI and need further reading to confirm relevance.,no
NatWest Group,NWG,,NWG_company_annual_report_previous_fy2024_2025-03.pdf,p.126,AI,B,"uty, using a One Bank approach. Discussion was enhanced by the attendance of one of the bank’s ‘Distinguished Engineers’. Progress on the bank’s AI adoption activity, strategic direction and ambition was discussed. The updates focused on: customer benefit; plans to scale use cases; delivery and",uncertain,low,Stage B broader-recall term 'AI' matched only; broader AI/automation terms are never auto-classified as generative AI and need further reading to confirm relevance.,no
NatWest Group,NWG,,NWG_company_annual_report_previous_fy2024_2025-03.pdf,p.126,AI,B,"onal change; and ethics. Adrian Joseph OBE, a member of the Technology Advisory Board and data expert, provided an external perspective on data and AI. The committee received an update on payment technology strategy and target architecture to better understand how the multi-year transformation wil",uncertain,low,Stage B broader-recall term 'AI' matched only; broader AI/automation terms are never auto-classified as generative AI and need further reading to confirm relevance.,no
NatWest Group,NWG,,NWG_company_annual_report_previous_fy2024_2025-03.pdf,p.126,AI,B,re the pace and delivery of milestones to track progress on data strategy and architectural improvements. The committee discussed the potential of AI noting that balance would be required to ensure appropriate consideration of risk and controls whilst being able to target transformational oppor,uncertain,low,Stage B broader-recall term 'AI' matched only; broader AI/automation terms are never auto-classified as generative AI and need further reading to confirm relevance.,no
NatWest Group,NWG,,NWG_company_annual_report_previous_fy2024_2025-03.pdf,p.126,AI,B,"t being able to target transformational opportunities and continued adoption at scale. The committee discussed NatWest Group’s external approach to AI encouraging a proactive stance with regulators, investors and customers. In relation to payments, the committee acknowledged the challenges of dis",uncertain,low,Stage B broader-recall term 'AI' matched only; broader AI/automation terms are never auto-classified as generative AI and need further reading to confirm relevance.,no
NatWest Group,NWG,,NWG_company_annual_report_previous_fy2024_2025-03.pdf,p.126,AI,B,"ends and requested a further update on NatWest Group’s plans and peer action in respect of the potentially disruptive technology trends related to AI and agents, and new consumer devices. The committee also noted the opportunities presented by the work being undertaken by suppliers and vendors to",uncertain,low,Stage B broader-recall term 'AI' matched only; broader AI/automation terms are never auto-classified as generative AI and need further reading to confirm relevance.,no
NatWest Group,NWG,,NWG_company_annual_report_previous_fy2024_2025-03.pdf,p.126,AI,B,d new consumer devices. The committee also noted the opportunities presented by the work being undertaken by suppliers and vendors to enhance their AI capabilities. Report of the Group Sustainable Banking Committee continued,uncertain,low,Stage B broader-recall term 'AI' matched only; broader AI/automation terms are never auto-classified as generative AI and need further reading to confirm relevance.,no
NatWest Group,NWG,,NWG_company_annual_report_previous_fy2024_2025-03.pdf,p.126,artificial intelligence,B,"ittee considered the emerging technology trends which had the potential to be disruptive by 2030 or beyond, focusing on the continued development of artificial intelligence capabilities, including agents; new types of consumer devices; digital markets; and quantum computing. The committee noted the technology, data and",uncertain,low,Stage B broader-recall term 'artificial intelligence' matched only; broader AI/automation terms are never auto-classified as generative AI and need further reading to confirm relevance.,no
NatWest Group,NWG,,NWG_company_annual_report_previous_fy2024_2025-03.pdf,p.133,artificial intelligence,B,"lder base on matters of importance. During the events, shareholders raised questions on new digital skills colleagues will need and the impact of Artificial Intelligence; the importance of the leadership skills in our executive directors; and also on our strategy for attracting, retaining and developing future tal",uncertain,low,Stage B broader-recall term 'artificial intelligence' matched only; broader AI/automation terms are never auto-classified as generative AI and need further reading to confirm relevance.,no
NatWest Group,NWG,,NWG_company_annual_report_previous_fy2024_2025-03.pdf,p.134,Bedrock,A,non-financial performance. The proposed non-financial measures are clearly aligned to the interests of stakeholders and our strategy and form the bedrock of delivering long-term sustainable value creation to shareholders. The tables on the next page give a breakdown of the planned weighting of metr,likely_genai,medium,"Stage A high-precision generative-AI term 'Bedrock' matched; still requires human confirmation of is_genai, deployment_stage and evidence_strength.",no
NatWest Group,NWG,,NWG_company_annual_report_previous_fy2024_2025-03.pdf,p.146,artificial intelligence,B,"re either chosen by CAP or are requested by Board, and in 2024 have included our purpose, our performance management approach Beyond, responsible artificial intelligence and our standing annual item: executive and wider workforce remuneration. Short presentations are held on each topic, followed by group discussio",uncertain,low,Stage B broader-recall term 'artificial intelligence' matched only; broader AI/automation terms are never auto-classified as generative AI and need further reading to confirm relevance.,no
NatWest Group,NWG,,NWG_company_annual_report_previous_fy2024_2025-03.pdf,p.166,automation,B,f on the residual risk exposures. They further support the initiation of actions to address control gaps and identify control rationalisation and automation opportunities. The outcomes of the risk and control self-assessments are used as input into risk profile reporting to the Board and senior managem,uncertain,low,Stage B broader-recall term 'automation' matched only; broader AI/automation terms are never auto-classified as generative AI and need further reading to confirm relevance.,no
NatWest Group,NWG,,NWG_company_annual_report_previous_fy2024_2025-03.pdf,p.174,AI,B,he remuneration arrangements for all employees reflect the principles and standards prescribed by the PRA rulebook and the FCA handbook. T Tr ra ai in ni in ng g O Ou ur r C Co od de e,uncertain,low,Stage B broader-recall term 'AI' matched only; broader AI/automation terms are never auto-classified as generative AI and need further reading to confirm relevance.,no
NatWest Group,NWG,,NWG_company_annual_report_previous_fy2024_2025-03.pdf,p.187,AI,B,"o on na al l P Pe er rs so on na al l NNo on n- -P Pe er rs so on na al l C Cr re ed di it t g gr ra ad di in ng g m mo od de el ls s I Im mp pa ai ir rm me en nt t, , p pr ro ov vi is si io on ni in ng g a an nd d w wr ri it te e- -o of ff fs s ( (a au ud di it te ed d) )",uncertain,low,Stage B broader-recall term 'AI' matched only; broader AI/automation terms are never auto-classified as generative AI and need further reading to confirm relevance.,no
NatWest Group,NWG,,NWG_company_annual_report_previous_fy2024_2025-03.pdf,p.274,artificial intelligence,B,ures which provide comprehensive coverage of the key operational risks. - The introduction of an effective and well-defined approach to leverage artificial intelligence to enhance controls articulation and manage controls data quality on an ongoing basis. GovernanceGovernance The risk governance arrangements in,uncertain,low,Stage B broader-recall term 'artificial intelligence' matched only; broader AI/automation terms are never auto-classified as generative AI and need further reading to confirm relevance.,no
NatWest Group,NWG,,NWG_company_annual_report_previous_fy2024_2025-03.pdf,p.274,automation,B,sment has been developed and tested during 2024. This will replace the current Control Environment Certification (CEC) approach from 2025. - The automation of data-led insights into the operational risk profile to proactively drive management of the risks and oversight thereof. - The embedding of rob,uncertain,low,Stage B broader-recall term 'automation' matched only; broader AI/automation terms are never auto-classified as generative AI and need further reading to confirm relevance.,no
NatWest Group,NWG,,NWG_company_annual_report_previous_fy2024_2025-03.pdf,p.275,artificial intelligence,B,sures which provide comprehensive coverage of the key operational risks. - The introduction of an effective and well-defined approach to leverage artificial intelligence to enhance controls articulation and manage controls data quality on an ongoing basis. G Go ov ve er rn na an nc ce e The risk governance arrangem,uncertain,low,Stage B broader-recall term 'artificial intelligence' matched only; broader AI/automation terms are never auto-classified as generative AI and need further reading to confirm relevance.,no
NatWest Group,NWG,,NWG_company_annual_report_previous_fy2024_2025-03.pdf,p.275,artificial intelligence,B,"elopments in innovation and technology, assessing the inherent risk and developing appropriate response to mitigate associated risks, for example artificial intelligence and cloud adoption. As cyberattacks evolve, NatWest Group continues to invest in additional capability designed to defend against emerging risks",uncertain,low,Stage B broader-recall term 'artificial intelligence' matched only; broader AI/automation terms are never auto-classified as generative AI and need further reading to confirm relevance.,no
NatWest Group,NWG,,NWG_company_annual_report_previous_fy2024_2025-03.pdf,p.275,automation,B,ssment has been developed and tested during 2024. This will replace the current Control Environment Certification (CEC) approach from 2025. - The automation of data-led insights into the operational risk profile to proactively drive management of the risks and oversight thereof. - The embedding of robu,uncertain,low,Stage B broader-recall term 'automation' matched only; broader AI/automation terms are never auto-classified as generative AI and need further reading to confirm relevance.,no
NatWest Group,NWG,,NWG_company_annual_report_previous_fy2024_2025-03.pdf,p.278,automation,B,"easuring and assessing risk exposures (including credit, market, and climate risk), calculating regulatory capital and liquidity requirements and automation of operational processes. Model applications may give rise to different risks depending on the business in which they are used. Model risk is ther",uncertain,low,Stage B broader-recall term 'automation' matched only; broader AI/automation terms are never auto-classified as generative AI and need further reading to confirm relevance.,no
NatWest Group,NWG,,NWG_company_annual_report_previous_fy2024_2025-03.pdf,p.279,automation,B,"easuring and assessing risk exposures (including credit, market, and climate risk), calculating regulatory capital and liquidity requirements and automation of operational processes. Model applications may give rise to different risks depending on the business in which they are used. Model risk is ther",uncertain,low,Stage B broader-recall term 'automation' matched only; broader AI/automation terms are never auto-classified as generative AI and need further reading to confirm relevance.,no
NatWest Group,NWG,,NWG_company_annual_report_previous_fy2024_2025-03.pdf,p.287,AI,B,t. Additionally derivative instruments whose valuation is dependent on discount rates associated with complex collateral arrangements; and − F Fa ai ir r v va al lu ue e a ad dj ju us st tm me en nt ts sFair value adjustments - the appropriateness of fair value adjustments made to derivative val,uncertain,low,Stage B broader-recall term 'AI' matched only; broader AI/automation terms are never auto-classified as generative AI and need further reading to confirm relevance.,no
NatWest Group,NWG,,NWG_company_annual_report_previous_fy2024_2025-03.pdf,p.303,AI,B,e deferred tax asset. Our estimates are based on the five-year revenue and cost forecasts (which include inherent uncertainties). Note 7 F Fa ai ir r v va al lu ue e – – f fi in na an nc ci ia al l i in ns st tr ru um me en nt ts s Fair value - financial instruments Classification of a fai,uncertain,low,Stage B broader-recall term 'AI' matched only; broader AI/automation terms are never auto-classified as generative AI and need further reading to confirm relevance.,no
NatWest Group,NWG,,NWG_company_annual_report_previous_fy2024_2025-03.pdf,p.303,AI,B,"tion of the fair value, where it is reasonably possible to have alternative assumptions in determining the FV. Note 10 L Lo oa an n i im mp pa ai ir rm me en nt t p pr ro ov vi is si io on ns s Loan impairment provisions Definition of default against which to apply PD, LGD and EAD models.",uncertain,low,Stage B broader-recall term 'AI' matched only; broader AI/automation terms are never auto-classified as generative AI and need further reading to confirm relevance.,no
NatWest Group,NWG,,NWG_company_annual_report_previous_fy2024_2025-03.pdf,p.307,AI,B,"or rt ti is se ed d c co os st tamortised cost measured at cost using the effective interest rate method, less any impairment allowance; − f fa ai ir r v va al lu ue e t th hr ro ou ug gh h o ot th he er r c co om mp pr re eh he en ns si iv ve e i in nc co om me e ( (F FV VO OC CI I) ) fair valu",uncertain,low,Stage B broader-recall term 'AI' matched only; broader AI/automation terms are never auto-classified as generative AI and need further reading to confirm relevance.,no
NatWest Group,NWG,,NWG_company_annual_report_previous_fy2024_2025-03.pdf,p.307,AI,B,"value, using the effective interest rate method and changes in fair value through other comprehensive income; − m ma an nd da at to or ry y f fa ai ir r v va al lu ue e t th hr ro ou ug gh h p pr ro of fi it t o or r l lo os ss s ( (M MF FV VT TP PL L) ) mandatory fair value through profit or lo",uncertain,low,Stage B broader-recall term 'AI' matched only; broader AI/automation terms are never auto-classified as generative AI and need further reading to confirm relevance.,no
NatWest Group,NWG,,NWG_company_annual_report_previous_fy2024_2025-03.pdf,p.307,AI,B,loss (MFVTPL) measured at fair value and changes in fair value reported in the income statement; or − d de es si ig gn na at te ed d a at t f fa ai ir r v va al lu ue e t th hr ro ou ug gh h p pr ro of fi it t o or r l lo os ss s ( (D DF FV V) ) designated at fair value through profit or loss (D,uncertain,low,Stage B broader-recall term 'AI' matched only; broader AI/automation terms are never auto-classified as generative AI and need further reading to confirm relevance.,no
NatWest Group,NWG,,NWG_company_annual_report_previous_fy2024_2025-03.pdf,p.308,AI,B,ed based on actual levels of offsetting and recognised in the income statement. We enter into three types of hedge accounting relationships. FFa ai ir r v va al lu ue e h he ed dg ge eFair value hedge - the gain or loss on the hedging instrument and the hedged item attributable to the hedged r,uncertain,low,Stage B broader-recall term 'AI' matched only; broader AI/automation terms are never auto-classified as generative AI and need further reading to confirm relevance.,no
NatWest Group,NWG,,NWG_company_annual_report_previous_fy2024_2025-03.pdf,p.314,AI,B,"rganised into the following reportable segments: Retail Banking, Private Banking, Commercial & Institutional, and Central items & other. RRe et ta ai il l B Ba an nk ki in ng gRetail Banking serves personal customers in the UK, including Ulster Bank customers in Northern Ireland. PPr ri iv va at",uncertain,low,Stage B broader-recall term 'AI' matched only; broader AI/automation terms are never auto-classified as generative AI and need further reading to confirm relevance.,no
NatWest Group,NWG,,NWG_company_annual_report_previous_fy2024_2025-03.pdf,p.319,AI,B,pl la an n a as ss se et ts s a as s a a p pe er rc ce en nt ta ag ge e o of f t to ot ta al l p pl la an n a as ss se et ts s o of f t th he e M Ma ai in n s se ec ct ti io on n Major classes of plan assets as a percentage of total plan assets of the Main section 2024 2023 Quoted % Unquoted %,uncertain,low,Stage B broader-recall term 'AI' matched only; broader AI/automation terms are never auto-classified as generative AI and need further reading to confirm relevance.,no
NatWest Group,NWG,,NWG_company_annual_report_previous_fy2024_2025-03.pdf,p.324,AI,B,e h hi is st to or ry y o of f d de ef fi in ne ed d b be en ne ef fi it t s sc ch he em me es sExperienc e history of defined benefit schemes M Ma ai in n s se ec ct ti io on n A Al ll l s sc ch he em me es sMain section All schemes 2024 £m 2023 £m 2022 £m 2021 £m 2020 £m 2024 £m 2023,uncertain,low,Stage B broader-recall term 'AI' matched only; broader AI/automation terms are never auto-classified as generative AI and need further reading to confirm relevance.,no
NatWest Group,NWG,,NWG_company_annual_report_previous_fy2024_2025-03.pdf,p.334,AI,B,es an overview of the various sections contained within the note. C Cr ri it ti ic ca al l a ac cc co ou un nt ti in ng g p po ol li ic cy y: : F Fa ai ir r v va al lu ue e – – f fi in na an nc ci ia al l i in ns st tr ru um me en nt ts s Critica l accountin g policy: Fair value - financial instrume,uncertain,low,Stage B broader-recall term 'AI' matched only; broader AI/automation terms are never auto-classified as generative AI and need further reading to confirm relevance.,no
NatWest Group,NWG,,NWG_company_annual_report_previous_fy2024_2025-03.pdf,p.334,AI,B,ities (T) 338 Movement in level 3 assets and liabilities over the reporting period (D) 339 Movement in level 3 assets and liabilities (T) 339 F Fa ai ir r v va al lu ue e o of f f fi in na an nc ci ia al l i in ns st tr ru um me en nt ts s m me ea as su ur re ed d a at t a am mo or rt ti is se ed d,uncertain,low,Stage B broader-recall term 'AI' matched only; broader AI/automation terms are never auto-classified as generative AI and need further reading to confirm relevance.,no
NatWest Group,NWG,,NWG_company_annual_report_previous_fy2024_2025-03.pdf,p.335,AI,B,statements Additional information Notes to the consolidated financial statements continued 10 Financial instruments – valuation continued F Fa ai ir r v va al lu ue e h hi ie er ra ar rc ch hy yFair value hierarchy Financial instruments carried at fair value have been classified under the fai,uncertain,low,Stage B broader-recall term 'AI' matched only; broader AI/automation terms are never auto-classified as generative AI and need further reading to confirm relevance.,no
NatWest Group,NWG,,NWG_company_annual_report_previous_fy2024_2025-03.pdf,p.337,AI,B,"uue e Total financial assets held at fair value 32,715 131,572 1,682 165,969 26,296 125,605 1,961 153,862 A As s a a % % o of f t to ot ta al l f fa ai ir r v va al lu ue e a as ss se et ts sAs a % of total fair value assets 20% 79% 1% 17% 82% 1% LLiabilities iabilities Trading liabilities De",uncertain,low,Stage B broader-recall term 'AI' matched only; broader AI/automation terms are never auto-classified as generative AI and need further reading to confirm relevance.,no
NatWest Group,NWG,,NWG_company_annual_report_previous_fy2024_2025-03.pdf,p.337,AI,B,"ordinated liabilities - 234 - 234 - 237 - 237 T To ot ta al l f fi in na an nc ci ia al l l li ia ab bi il li it ti ie es s h he el ld d a at t f fa ai ir r v va al lu ue eTotal financial liabilities held at fair value 8,766 121,318 494 130,578 7,936 120,529 691 129,156 A As s a a % % o of f t to ot",uncertain,low,Stage B broader-recall term 'AI' matched only; broader AI/automation terms are never auto-classified as generative AI and need further reading to confirm relevance.,no
NatWest Group,NWG,,NWG_company_annual_report_previous_fy2024_2025-03.pdf,p.337,AI,B,"lu ue eTotal financial liabilities held at fair value 8,766 121,318 494 130,578 7,936 120,529 691 129,156 A As s a a % % o of f t to ot ta al l f fa ai ir r v va al lu ue e l li ia ab bi il li it ti ie es sAs a % of total fair value liabilities 7% 93% 0% 6% 93% 1% (1) Transfers between levels are de",uncertain,low,Stage B broader-recall term 'AI' matched only; broader AI/automation terms are never auto-classified as generative AI and need further reading to confirm relevance.,no
NatWest Group,NWG,,NWG_company_annual_report_previous_fy2024_2025-03.pdf,p.357,AI,B,"Credit risk enhancement and mitigation section. C Cr ri it ti ic ca al l a ac cc co ou un nt ti in ng g p po ol li ic cy y: : L Lo oa an n i im mp pa ai ir rm me en nt t p pr ro ov vi is si io on ns s Accounting policy 2.3 sets out how the expected loss approach is applied. At 31 December 2024, impai",uncertain,low,Stage B broader-recall term 'AI' matched only; broader AI/automation terms are never auto-classified as generative AI and need further reading to confirm relevance.,no
NatWest Group,NWG,,NWG_company_annual_report_previous_fy2024_2025-03.pdf,p.359,AI,B,"5) At 31 December 10,086 4,782 14,868 10,090 4,447 14,537 A Ac cc cu um mu ul la at te ed d a am mo or rt ti is sa at ti io on n a an nd d i im mp pa ai ir rm me en nt t At 1 January 4,410 2,513 6,923 4,409 2,169 6,578 Currency translation and other adjustments - (24) (24) - - - Disposals and write-of",uncertain,low,Stage B broader-recall term 'AI' matched only; broader AI/automation terms are never auto-classified as generative AI and need further reading to confirm relevance.,no
NatWest Group,NWG,,NWG_company_annual_report_previous_fy2024_2025-03.pdf,p.361,AI,B,"ri ie es s €170 million Floating rate notes - Feb-41 Not applicable 234 237 $150 million 7.125% notes - Oct-93 Not applicable 17 17 6,091 5,735 F Fa ai ir r v va al lu ue e h he ed dg gi in ng g (95) (162) 5,996 5,573 Notes to the consolidated financial statements continued N Na at tW We es st t G G",uncertain,low,Stage B broader-recall term 'AI' matched only; broader AI/automation terms are never auto-classified as generative AI and need further reading to confirm relevance.,no
NatWest Group,NWG,,NWG_company_annual_report_previous_fy2024_2025-03.pdf,p.365,AI,B,"ember 2024. In the event of conversion, converted into ordinary shares at a price of $2.226 (translated at applicable exchange rate) per share. P Pa ai id d- -i in n e eq qu ui it ty y - comprises equity instruments issued by the company other than those legally constituted as shares. Additional Ti",uncertain,low,Stage B broader-recall term 'AI' matched only; broader AI/automation terms are never auto-classified as generative AI and need further reading to confirm relevance.,no
NatWest Group,NWG,,NWG_company_annual_report_previous_fy2024_2025-03.pdf,p.367,AI,B,"ese securities could be sold or repledged by the holder. 2 20 02 24 4 2023 T Th he e f fo ol ll lo ow wi in ng g a as ss se et ts s h ha av ve e f fa ai il le ed d d de er re ec co og gn ni it ti io on n ( (1 1) ) £m £m Trading assets 7,708 7,907 Loans to bank - amortised cost 70 10 Loans to customers",uncertain,low,Stage B broader-recall term 'AI' matched only; broader AI/automation terms are never auto-classified as generative AI and need further reading to confirm relevance.,no
NatWest Group,NWG,,NWG_company_annual_report_previous_fy2024_2025-03.pdf,p.367,AI,B,"s in respect of derivative liabilities, bank and stock borrowings and other transactions. 2024 2023 A As ss se et ts s p pl le ed dg ge ed d a ag ga ai in ns st t l li ia ab bi il li it ti ie es s £m £m Trading assets 10,288 10,976 Loans to banks - amortised cost - 63 Loans to customers - amortised c",uncertain,low,Stage B broader-recall term 'AI' matched only; broader AI/automation terms are never auto-classified as generative AI and need further reading to confirm relevance.,no
NatWest Group,NWG,,NWG_company_annual_report_previous_fy2024_2025-03.pdf,p.386,AI,B,i it ti ie es s F Fi in na an nc ci ia al l a as ss se et ts s Financial liabilities A As ss se et ts s L Li ia ab bi il li it ti ie es s R Re em ma ai in ni in ng g m ma at tu ur ri it ty y Financial liabilities,uncertain,low,Stage B broader-recall term 'AI' matched only; broader AI/automation terms are never auto-classified as generative AI and need further reading to confirm relevance.,no
NatWest Group,NWG,,NWG_company_annual_report_previous_fy2024_2025-03.pdf,p.395,Claude,A,"Poostboks 2020 Vika, OOslo, 0125 Nordisk Renting AS BF FC Wirsholm AS, Dokkveien 1, NO-0250, Oslo, Norway OFH Eiendom AS BF FC The Netherlands Claude Debussylaan 94, Amsterdam, 1082 MD Alternative Investment Fund B.V. BF FC NatWest Markets N.V. CI FC RBS AA Holdings (Netherlands) B.V. BF FC RBS",likely_genai,medium,"Stage A high-precision generative-AI term 'Claude' matched; still requires human confirmation of is_genai, deployment_stage and evidence_strength.",no
NatWest Group,NWG,,NWG_company_annual_report_previous_fy2024_2025-03.pdf,p.410,artificial intelligence,B,"n the markets that NatWest Group and its customers serve, rapid changes to the economic environment due to the adoption of technology, automation, artificial intelligence, or due to the consequences of climate change, biodiversity loss, nature degradation and/or increasing social and other inequalities. NatWest Gro",uncertain,low,Stage B broader-recall term 'artificial intelligence' matched only; broader AI/automation terms are never auto-classified as generative AI and need further reading to confirm relevance.,no
NatWest Group,NWG,,NWG_company_annual_report_previous_fy2024_2025-03.pdf,p.411,artificial intelligence,B,"n the markets that NatWest Group and its customers serve, rapid changes to the economic environment due to the adoption of technology, automation, artificial intelligence, or due to the consequences of climate change, biodiversity loss, nature degradation and/or increasing social and other inequalities. NatWest Grou",uncertain,low,Stage B broader-recall term 'artificial intelligence' matched only; broader AI/automation terms are never auto-classified as generative AI and need further reading to confirm relevance.,no
NatWest Group,NWG,,NWG_company_annual_report_previous_fy2024_2025-03.pdf,p.411,artificial intelligence,B,"society driven by technology and changing customer expectations. Further, shifting trends including digitalisation, decarbonisation, automation, artificial intelligence, e-commerce and hybrid working, have resulted in significant market volatility and change. There is also increasing investor, employee, stakehold",uncertain,low,Stage B broader-recall term 'artificial intelligence' matched only; broader AI/automation terms are never auto-classified as generative AI and need further reading to confirm relevance.,no
NatWest Group,NWG,,NWG_company_annual_report_previous_fy2024_2025-03.pdf,p.412,artificial intelligence,B,"nd capital management Financial statements AAddddiittiioonnaall information 441100 − the rapid emergence and deployment of new technologies (such as artificial intelligence, quantum computing, blockchain and digital currencies) resulting in a potential shift across the market towards products and services that are no",uncertain,low,Stage B broader-recall term 'artificial intelligence' matched only; broader AI/automation terms are never auto-classified as generative AI and need further reading to confirm relevance.,no
NatWest Group,NWG,,NWG_company_annual_report_previous_fy2024_2025-03.pdf,p.413,artificial intelligence,B,"nd capital management Financial statements AAddddiittiioonnaall information 441100 − the rapid emergence and deployment of new technologies (such as artificial intelligence, quantum computing, blockchain and digital currencies) resulting in a potential shift across the market towards products and services that are no",uncertain,low,Stage B broader-recall term 'artificial intelligence' matched only; broader AI/automation terms are never auto-classified as generative AI and need further reading to confirm relevance.,no
NatWest Group,NWG,,NWG_company_annual_report_previous_fy2024_2025-03.pdf,p.413,artificial intelligence,B,"venues and profitability, particularly in its key UK retail and Commercial & Institutional banking segments. Moreover, innovations in biometrics, artificial intelligence, automation, cloud services, blockchain, cryptocurrencies and quantum computing may rapidly facilitate industry transformation. Increasingly, man",uncertain,low,Stage B broader-recall term 'artificial intelligence' matched only; broader AI/automation terms are never auto-classified as generative AI and need further reading to confirm relevance.,no
NatWest Group,NWG,,NWG_company_annual_report_previous_fy2024_2025-03.pdf,p.414,artificial intelligence,B,"neration Risk and capital management Financial statements AAddddiittiioonnaall information 441122 through digitalisation, automation, and the use of artificial intelligence while needing to continue complying with applicable and evolving regulations. NatWest Group’s ability to develop or acquire digital solutions and",uncertain,low,Stage B broader-recall term 'artificial intelligence' matched only; broader AI/automation terms are never auto-classified as generative AI and need further reading to confirm relevance.,no
NatWest Group,NWG,,NWG_company_annual_report_previous_fy2024_2025-03.pdf,p.414,artificial intelligence,B,"mple, NatWest Group is investing in the automation of certain solutions and interactions within its customer-facing businesses, including through artificial intelligence. There can be no certainty that such initiatives will allow NatWest Group to compete effectively or will deliver the expected cost savings. In ad",uncertain,low,Stage B broader-recall term 'artificial intelligence' matched only; broader AI/automation terms are never auto-classified as generative AI and need further reading to confirm relevance.,no
NatWest Group,NWG,,NWG_company_annual_report_previous_fy2024_2025-03.pdf,p.415,artificial intelligence,B,"neration Risk and capital management Financial statements AAddddiittiioonnaall information 441122 through digitalisation, automation, and the use of artificial intelligence while needing to continue complying with applicable and evolving regulations. NatWest Group’s ability to develop or acquire digital solutions and",uncertain,low,Stage B broader-recall term 'artificial intelligence' matched only; broader AI/automation terms are never auto-classified as generative AI and need further reading to confirm relevance.,no
NatWest Group,NWG,,NWG_company_annual_report_previous_fy2024_2025-03.pdf,p.415,artificial intelligence,B,"mple, NatWest Group is investing in the automation of certain solutions and interactions within its customer-facing businesses, including through artificial intelligence. There can be no certainty that such initiatives will allow NatWest Group to compete effectively or will deliver the expected cost savings. In ad",uncertain,low,Stage B broader-recall term 'artificial intelligence' matched only; broader AI/automation terms are never auto-classified as generative AI and need further reading to confirm relevance.,no
NatWest Group,NWG,,NWG_company_annual_report_previous_fy2024_2025-03.pdf,p.420,artificial intelligence,B,"ational changes involved, including: NatWest Group’s cost-controlling and simplification measures; continued digitalisation and the integration of artificial intelligence in the business; acquisition, divestments and other transactions; the implementation of recommendations from internal and external reviews with re",uncertain,low,Stage B broader-recall term 'artificial intelligence' matched only; broader AI/automation terms are never auto-classified as generative AI and need further reading to confirm relevance.,no
NatWest Group,NWG,,NWG_company_annual_report_previous_fy2024_2025-03.pdf,p.420,artificial intelligence,B,"t Group also faces operational risks as it continues to invest in the automation of certain solutions and customer interactions, including through artificial intelligence. Such initiatives may result in operational, reputational and conduct risks if the technology is not used appropriately, is defective or inadequat",uncertain,low,Stage B broader-recall term 'artificial intelligence' matched only; broader AI/automation terms are never auto-classified as generative AI and need further reading to confirm relevance.,no
NatWest Group,NWG,,NWG_company_annual_report_previous_fy2024_2025-03.pdf,p.420,artificial intelligence,B,"third parties, including third party providers, or may result from technological failure (including defective, inadequate or inappropriately used artificial intelligence based solutions). NatWest Group expects greater regulatory engagement, supervision and enforcement to continue in relation to its overall resili",uncertain,low,Stage B broader-recall term 'artificial intelligence' matched only; broader AI/automation terms are never auto-classified as generative AI and need further reading to confirm relevance.,no
NatWest Group,NWG,,NWG_company_annual_report_previous_fy2024_2025-03.pdf,p.420,artificial intelligence,B,"on NatWest Group. Due to NatWest Group’s reliance on technology, the adoption of innovative solutions, the integration of automated processes and artificial intelligence in its business and the increasing sophistication, frequency and impact of cyberattacks, such attacks may have an adverse effect on NatWest Group",uncertain,low,Stage B broader-recall term 'artificial intelligence' matched only; broader AI/automation terms are never auto-classified as generative AI and need further reading to confirm relevance.,no
NatWest Group,NWG,,NWG_company_annual_report_previous_fy2024_2025-03.pdf,p.421,artificial intelligence,B,"ational changes involved, including: NatWest Group’s cost-controlling and simplification measures; continued digitalisation and the integration of artificial intelligence in the business; acquisition, divestments and other transactions; the implementation of recommendations from internal and external reviews with re",uncertain,low,Stage B broader-recall term 'artificial intelligence' matched only; broader AI/automation terms are never auto-classified as generative AI and need further reading to confirm relevance.,no
NatWest Group,NWG,,NWG_company_annual_report_previous_fy2024_2025-03.pdf,p.421,artificial intelligence,B,"t Group also faces operational risks as it continues to invest in the automation of certain solutions and customer interactions, including through artificial intelligence. Such initiatives may result in operational, reputational and conduct risks if the technology is not used appropriately, is defective or inadequat",uncertain,low,Stage B broader-recall term 'artificial intelligence' matched only; broader AI/automation terms are never auto-classified as generative AI and need further reading to confirm relevance.,no
NatWest Group,NWG,,NWG_company_annual_report_previous_fy2024_2025-03.pdf,p.421,artificial intelligence,B,"third parties, including third party providers, or may result from technological failure (including defective, inadequate or inappropriately used artificial intelligence based solutions). NatWest Group expects greater regulatory engagement, supervision and enforcement to continue in relation to its overall resili",uncertain,low,Stage B broader-recall term 'artificial intelligence' matched only; broader AI/automation terms are never auto-classified as generative AI and need further reading to confirm relevance.,no
NatWest Group,NWG,,NWG_company_annual_report_previous_fy2024_2025-03.pdf,p.421,artificial intelligence,B,"on NatWest Group. Due to NatWest Group’s reliance on technology, the adoption of innovative solutions, the integration of automated processes and artificial intelligence in its business and the increasing sophistication, frequency and impact of cyberattacks, such attacks may have an adverse effect on NatWest Group",uncertain,low,Stage B broader-recall term 'artificial intelligence' matched only; broader AI/automation terms are never auto-classified as generative AI and need further reading to confirm relevance.,no
NatWest Group,NWG,,NWG_company_annual_report_previous_fy2024_2025-03.pdf,p.421,artificial intelligence,B,"nvestment is being made in data tools and analytics, including raising awareness around ethical data usage (for example, in relation to the use of artificial intelligence) and privacy across NatWest Group. The availability and accessibility of current, complete, detailed, accurate and, wherever possible, machine-rea",uncertain,low,Stage B broader-recall term 'artificial intelligence' matched only; broader AI/automation terms are never auto-classified as generative AI and need further reading to confirm relevance.,no
NatWest Group,NWG,,NWG_company_annual_report_previous_fy2024_2025-03.pdf,p.421,artificial intelligence,B,"ritical to NatWest Group’s operations. Individually or collectively, any system failure (including defective or inadequate automated processes or artificial intelligence based solutions), loss of service availability, mobile banking disruption, or breach of data security could potentially cause significant damage",uncertain,low,Stage B broader-recall term 'artificial intelligence' matched only; broader AI/automation terms are never auto-classified as generative AI and need further reading to confirm relevance.,no
NatWest Group,NWG,,NWG_company_annual_report_previous_fy2024_2025-03.pdf,p.421,artificial intelligence,B,develop and enhance digital services for its customers and seeks to improve its competitive position through integrating automated processes and artificial intelligence based solutions in its business and by enhancing controls and procedures and strengthening the resilience of services including cybersecurity. Any,uncertain,low,Stage B broader-recall term 'artificial intelligence' matched only; broader AI/automation terms are never auto-classified as generative AI and need further reading to confirm relevance.,no
NatWest Group,NWG,,NWG_company_annual_report_previous_fy2024_2025-03.pdf,p.424,artificial intelligence,B,"ted rules, or greenwashing;  new or increased regulations relating to financial crime, and  any regulatory requirements relating to the use of artificial intelligence and large language models across the financial services industry (such as the European Union Artificial Intelligence Act). Any of these developm",uncertain,low,Stage B broader-recall term 'artificial intelligence' matched only; broader AI/automation terms are never auto-classified as generative AI and need further reading to confirm relevance.,no
NatWest Group,NWG,,NWG_company_annual_report_previous_fy2024_2025-03.pdf,p.426,AI,B,"minimum wage), modern slavery, accessible banking and financial inclusion, financial crime, data privacy breaches, innovation, digitalisation and AI, and lack of support for the vulnerable; and (ii) governance-related risks (including board diversity, ethical corporate culture, executive compen",uncertain,low,Stage B broader-recall term 'AI' matched only; broader AI/automation terms are never auto-classified as generative AI and need further reading to confirm relevance.,no
NatWest Group,NWG,,NWG_company_annual_report_previous_fy2024_2025-03.pdf,p.433,Claude,A,"1HQ Coutts & Company 440 Strand, London WC2R 0QS, England NatWest Markets Plc 250 Bishopsgate, London EC2M 4AA, England NatWest Markets N.V. Claude Debussylaan, 94 Amsterdam, 1082 MD The Royal Bank of Scotland International Limited Royal Bank House, 71 Bath Street St Helier, JE4 8PJ",likely_genai,medium,"Stage A high-precision generative-AI term 'Claude' matched; still requires human confirmation of is_genai, deployment_stage and evidence_strength.",no
NatWest Group,NWG,,NWG_company_press_release_n-a_2025-04.html,not_applicable,generative AI,A,===== HTML DOCUMENT ===== Source file: NWG_company_press_release_n-a_2025-04.html Title: Deploying new generative AI technology to support our colleagues | NatWest Group Skip to main content Online Banking Contact us Menu Close Close Who we are Who we are W,likely_genai,medium,"Stage A high-precision generative-AI term 'generative AI' matched; still requires human confirmation of is_genai, deployment_stage and evidence_strength.",no
NatWest Group,NWG,,NWG_company_press_release_n-a_2025-04.html,not_applicable,generative AI,A,tact us Back to main menu Search Search Search Search Search Please enter a keyword Search Overlay Latest Stories AI & Data Deploying new generative AI technology to support our colleagues Deploying new generative AI technology to support our colleagues Share Facebook Linkedin Twitter Email Lat,likely_genai,medium,"Stage A high-precision generative-AI term 'generative AI' matched; still requires human confirmation of is_genai, deployment_stage and evidence_strength.",no
NatWest Group,NWG,,NWG_company_press_release_n-a_2025-04.html,not_applicable,generative AI,A,al Reporting Enterprise Financial Capability & Learning AI & Data Economic Analysis Community & Culture Climate DE&I Ai & data Deploying new generative AI technology to support our colleagues We’re rolling out two new internal GenAI tools to 99% of our colleagues across NatWest Group. Share on Faceboo,likely_genai,medium,"Stage A high-precision generative-AI term 'generative AI' matched; still requires human confirmation of is_genai, deployment_stage and evidence_strength.",no
NatWest Group,NWG,,NWG_company_press_release_n-a_2025-04.html,not_applicable,GenAI,A,"re on Facebook Share on Twitter Share on LinkedIn Share by email 14 Apr 2025 . 2 mins By offering our colleagues access to explore our internal GenAI platform, the AI Digital Enabler for NatWest, they’ll get the chance to experiment with using AI technology in a simple, secure and controlled enviro",likely_genai,medium,"Stage A high-precision generative-AI term 'GenAI' matched; still requires human confirmation of is_genai, deployment_stage and evidence_strength.",no
NatWest Group,NWG,,NWG_company_press_release_n-a_2025-04.html,not_applicable,GenAI,A,"ng AI technology in a simple, secure and controlled environment aimed at helping them work smarter. We’re also rolling out Microsoft Copilot Chat, a GenAI tool that uses smart AI to answer questions, generate content and find information our colleagues need quickly. Commenting on the bank-wide rollout",likely_genai,medium,"Stage A high-precision generative-AI term 'GenAI' matched; still requires human confirmation of is_genai, deployment_stage and evidence_strength.",no
NatWest Group,NWG,,NWG_company_press_release_n-a_2025-04.html,not_applicable,GenAI,A,"ure and safe environment, is a huge feat, and provides a launchpad for reusing this capability for other use cases across the bank.” We think of our GenAI platform as an internal version of ChatGPT. It can help colleagues with things like summarising documents, problem-solving, content drafting support",likely_genai,medium,"Stage A high-precision generative-AI term 'GenAI' matched; still requires human confirmation of is_genai, deployment_stage and evidence_strength.",no
NatWest Group,NWG,,NWG_company_press_release_n-a_2025-04.html,not_applicable,GenAI,A,"alongside the tools’ rollout to help colleagues get the best out of them and use them in a compliant way. This isn’t our colleagues’ first taster of GenAI capability. Last year we launched a GenAI powered version of our digital HR assistant Ask Archie, to help colleagues get answers to their HR queries",likely_genai,medium,"Stage A high-precision generative-AI term 'GenAI' matched; still requires human confirmation of is_genai, deployment_stage and evidence_strength.",no
NatWest Group,NWG,,NWG_company_press_release_n-a_2025-04.html,not_applicable,AI,B,"d private banking markets. Learn more about us Our strategy Our businesses Our support for UK growth Our history Our behaviours Tech, data and AI Where we do business Contact us Contact us It’s easy to get in touch with us. If you’re a customer, media, or an investor, use these details to c",uncertain,low,Stage B broader-recall term 'AI' matched only; broader AI/automation terms are never auto-classified as generative AI and need further reading to confirm relevance.,no
NatWest Group,NWG,,NWG_company_press_release_n-a_2025-04.html,not_applicable,AI,B,support our colleagues Share Facebook Linkedin Twitter Email Latest stories Financial Reporting Enterprise Financial Capability & Learning AI & Data Economic Analysis Community & Culture Climate DE&I More themes Latest stories Financial Reporting Enterprise Financial Capability & L,uncertain,low,Stage B broader-recall term 'AI' matched only; broader AI/automation terms are never auto-classified as generative AI and need further reading to confirm relevance.,no
NatWest Group,NWG,,NWG_company_press_release_n-a_2025-04.html,not_applicable,AI,B,"enting on the bank-wide rollout of the tools, our Chief Data and Analytics Officer, Zachery Anderson said: “Empowering our colleagues with the right AI tools at their fingertips not only helps us to simplify how we operate and serve our customers better, but equips our people with essential skills to",uncertain,low,Stage B broader-recall term 'AI' matched only; broader AI/automation terms are never auto-classified as generative AI and need further reading to confirm relevance.,no
NatWest Group,NWG,,NWG_company_press_release_n-a_2025-04.html,not_applicable,AI,B,"hed a GenAI powered version of our digital HR assistant Ask Archie, to help colleagues get answers to their HR queries quicker and more efficiently. AI & Data Ethics Code Our AI and Data Ethics Code of Conduct guides our decision-making to ensure we’re harnessing AI to educate, protect and empower o",uncertain,low,Stage B broader-recall term 'AI' matched only; broader AI/automation terms are never auto-classified as generative AI and need further reading to confirm relevance.,no
NatWest Group,NWG,,NWG_company_press_release_n-a_2025-04.html,not_applicable,AI,B,"as providing any specific advice, or used by consumers to make financial decision. Terms and conditions apply to any products or services mentioned. AI & Data NatWest Group Technology Feature 2025 Related stories All stories & press releases Quick links Leadership & governance Bank of APIs",uncertain,low,Stage B broader-recall term 'AI' matched only; broader AI/automation terms are never auto-classified as generative AI and need further reading to confirm relevance.,no
