staging_id,company,ticker,candidate_title,local_filename,source_id,document_category,evidence_origin,page_or_section,matched_keywords,screening_stages,supporting_passage_count,supporting_context,possible_extraction_artifact,possible_webpage_boilerplate,provisional_rejection_category,duplicate_group_id,suggested_destination,reviewer_decision,reviewer_notes
PSON-REJ-001,Pearson plc,PSON,Pearson and Microsoft Announce Multi-Year Partnership to Transform the Future of Learning and Work with AI,PSON_company_press_release_n-a.html,,press_release,company_primary,not_applicable,AI,B,1,e: PSON_company_press_release_n-a.html Title: Pearson and Microsoft Announce Multi-Year Partnership to Transform the Future of Learning and Work with AI | Pearson plc Skip to main content Open menu Our Company Open link menu Our Company Our Business Units Our Products and Services Our Strategy,no,yes,webpage_boilerplate,,rejected,,
PSON-REJ-002,Pearson plc,PSON,Pearson plc Annual Report and Accounts 2025,PSON_company_annual_report_current_fy2025_2026.pdf,,annual_report_current,company_primary,p.3,AI,B,2,"Pearson continues to evolve with purpose, continuing to innovate and leverage AI to create sustainable value for learners, partners and shareholders.” The Strategic report, up to and including page 69, was approved for issue b ||| arson plc website where you can find the online version of this report. Strategic report At a glance 2 2025 highlights 3 Business unit overviews 4 AI is accelerating demand for trusted skills assessment and verification 6 Using AI to improve efficiency, performance and learning outcomes 7 Chair’s",no,no,vague_general_ai_reference,DUPG-001,rejected,,
PSON-REJ-003,Pearson plc,PSON,Pearson plc Annual Report and Accounts 2025,PSON_company_annual_report_current_fy2025_2026.pdf,,annual_report_current,company_primary,p.6,AI,B,3,"federal government hiring and spend reductions, the business grew, securing new contracts and expanding enterprise partnerships. We also integrated AI to drive efficiencies in assessment generation, and strengthened our global delivery infrastructure. Clinical Assessment delivered strong growth d ||| included the launch of Revibe, a wearable device designed to support individuals experiencing challenges with focus and attention, the pilot of an AI-powered psychological report writing assistant and the release of D-KEFS Advanced, a fully digital neuropsychology assessment. US Student Assessmen ||| s and securing new wins. We are also expanding internationally, enhancing operational excellence and accelerating innovation, particularly through AI. Virtual Learning Virtual Learning (VL) delivers high-quality online learning solutions for K12 students through two main offerings: Partner Schoo",no,no,vague_general_ai_reference,DUPG-002,rejected,,
PSON-REJ-004,Pearson plc,PSON,Pearson plc Annual Report and Accounts 2025,PSON_company_annual_report_current_fy2025_2026.pdf,,annual_report_current,company_primary,p.7,AI,B,10,"dents in their transition to the workforce. We opened two new schools, taking our total to 41 across 31 states. We also deepened the integration of AI into our study tools, contributing to higher course scores and end-of-semester pass rates. Our 2026 priorities focus on continuing to capture growi ||| r US virtual schooling, further strengthening of our marketing and enrolment capabilities, targeted school expansion and the ongoing application of AI to personalise teaching and learning. Higher Education Higher Education (HE) provides leading learning experiences across the Post-Secondary and ||| kets, with additional reach into K12 education through Honours, AP®, Dual Enrolment, and Career and Technical Education (CTE). In 2025, we provided AI-powered learning experiences that delivered measurable improvements in learning outcomes. Adoption continued to grow across our key platforms, all ||| integrate advanced learning capabilities to support more personalised, adaptive and engaging experiences. The new ‘Go Deeper’ functionality in our AI study tools encourages critical thinking by prompting learners with challenging follow-up questions. We continued to see strong traction in our In ||| ee strong traction in our Inclusive Access offerings. We also expanded the successful monetisation of Study Prep (formerly ‘Channels’) through new AI-driven diagnostics and coaching features, helping students build confidence ahead of assessments, and extended reach into international markets. I ||| n for enterprises; as well as our online offering, Mondly by Pearson. In 2025, Institutional advanced its digital learning capabilities through new AI-powered tools for students and teachers, including Smart Lesson Generator for educators. Wizard by Pearson continued to grow in Brazil, supported b ||| ent of Home Affairs. Mondly by Pearson expanded its suite of engaging online learning experiences with the launch of the Digital Language Tutor, an AI-driven product designed to support enterprise learners to improve their workplace English proficiency. In 2025, in collaboration with our Enterpris ||| ed with Pearson’s Global Scale of English, our proprietary rubric to benchmark English language proficiency. For 2026, we will continue leveraging AI and digital technologies to enhance learning and assessment offerings. Our priorities include continued strong operational performance, refreshin ||| tional BTEC expansion strategies. Enterprise Solutions helps companies address evolving talent needs in a rapidly changing economy, particularly as AI reshapes workforce requirements. Through Credly, TalentLens, Faethm and IT Pro, we support businesses in assessing skills gaps, planning talent st ||| oking to 2026, we will continue to address the growing market need for trusted talent solutions that enable employees to work more effectively with AI. We will drive value from our existing partners while expanding our partner ecosystem, and will also broaden our validated skills data to support",no,no,vague_general_ai_reference,DUPG-003,rejected,,
PSON-REJ-005,Pearson plc,PSON,Pearson plc Annual Report and Accounts 2025,PSON_company_annual_report_current_fy2025_2026.pdf,,annual_report_current,company_primary,p.8,AI,B,3,"AI is accelerating demand for trusted skills assessment and verification Confident in the future due to the mega trends of demographics and AI which ||| of demographics and AI which are driving upskilling demand, as well as Pearson’s unique characteristics and enduring competitive strengths. Why AI strengthens Pearson’s position Advances in AI are driving large-scale reconfiguration of industries, occupations and educational approaches, providi ||| nfrastructure level quality, operational strength, and breadth of services that are embedded in the learning ecosystems alongside our investments in AI driven innovation delivers strong, durable cash flows and profitability. And our deep and enduring competitive advantages provide a unique platform",no,no,vague_general_ai_reference,DUPG-004,rejected,,
PSON-REJ-006,Pearson plc,PSON,Pearson plc Annual Report and Accounts 2025,PSON_company_annual_report_current_fy2025_2026.pdf,,annual_report_current,company_primary,p.9,AI,B,4,"Powered by learning science and data-informed design, our AI tools deliver engaging, personalised experiences that spark critical thinking and drive student success.” Tony Prentice Chief Product Officer Usi ||| ols deliver engaging, personalised experiences that spark critical thinking and drive student success.” Tony Prentice Chief Product Officer Using AI to improve efficiency, performance and learning outcomes From operations to products, AI is enhancing execution at scale. Improving efficiency and s ||| esigned to prompt higher- order thinking • Communication Coach: a Microsoft Teams–integrated product providing real-time, role-specific feedback • AI-enhanced exam preparation, including adaptive practice tests and the GCSE Exam Practice Assistant • AI-enabled tools aligned to trusted frameworks, ||| am Practice Assistant • AI-enabled tools aligned to trusted frameworks, including speaking practice aligned to the Global Scale of English Scaling AI through a disciplined operating model The AI Centre for Enablement (C4E) provides shared standards, tools and expertise to accelerate experimentatio",no,no,vague_general_ai_reference,DUPG-006,rejected,,
PSON-REJ-007,Pearson plc,PSON,Pearson plc Annual Report and Accounts 2025,PSON_company_annual_report_current_fy2025_2026.pdf,,annual_report_current,company_primary,p.10,AI,B,2,"periences to more people, faster. When applied thoughtfully AI supports higher-order outcomes in reasoning and problem- solving. When a learner uses AI as a teleportation device, taking them straight to the answer, they don’t learn, but when AI is used as a map – accompanying them through the diffe ||| t learn, but when AI is used as a map – accompanying them through the different stages to get to the endpoint – it enhances learning. Investment in AI across products and services is increasingly translating into differentiated offerings, improved customer outcomes and commercial opportunity. Pea",no,no,vague_general_ai_reference,DUPG-007,rejected,,
PSON-REJ-008,Pearson plc,PSON,Pearson plc Annual Report and Accounts 2025,PSON_company_annual_report_current_fy2025_2026.pdf,,annual_report_current,company_primary,p.11,AI,B,1,"on my observations in last year’s annual report, and the extraordinary changes we have witnessed over the last 12 months with the seismic forces of AI and demographic change continuing to reshape our world, it is clear to me that Pearson’s purpose – helping people realise the life they imagine thr",no,no,vague_general_ai_reference,,rejected,,
PSON-REJ-009,Pearson plc,PSON,Pearson plc Annual Report and Accounts 2025,PSON_company_annual_report_current_fy2025_2026.pdf,,annual_report_current,company_primary,p.12,AI,B,6,"digital products together with expanding its customer base with the first state-wide adoption of our digital offering. We also launched Revibe, an AI-enabled wearable powered by Samsung Electronics to support focus and self-regulation. In UK & International Qualifications, we introduced the GCSE ||| Samsung Electronics to support focus and self-regulation. In UK & International Qualifications, we introduced the GCSE Exam Practice Assistant – an AI-powered tool for personalised revision. Pearson Professional Assessments secured several new contracts, and US Student Assessment announced a part ||| ive assessment. • In Higher Education, our core US courseware business led the way by delivering a good performance, supported by the expansion of AI features in our offering. The new ‘Go Deeper’ functionality in our AI study tools encourages critical thinking by prompting learners with challengi ||| ew ‘Go Deeper’ functionality in our AI study tools encourages critical thinking by prompting learners with challenging follow-up questions. As our AI becomes more embedded in the student learning process, we are seeing learners deepening their cognitive ability and becoming more engaged with our ||| offerings. We opened two new schools, bringing our total to 41 schools across 31 states, and embedded our career programme across the network. Our AI tools are contributing to improved student outcomes with higher grades and pass rates. • In English Language Learning, Institutional saw continued ||| rscalers and leading professional services enterprises. Meeting the moment: skills for an evolving workforce The world of work is changing – fast. AI is reshaping industries, roles and expectations. Learners, workers and employers alike are grappling with how to keep pace. We believe this gives P",no,no,vague_general_ai_reference,DUPG-008,rejected,,
PSON-REJ-010,Pearson plc,PSON,Pearson plc Annual Report and Accounts 2025,PSON_company_annual_report_current_fy2025_2026.pdf,,annual_report_current,company_primary,p.13,AI,B,1,"gine a future where employees receive real-time, personalised learning without leaving their daily workflow. That future is already here. Building AI literacy for all As AI becomes ubiquitous, AI literacy will be a foundational skill – essential for all learners, workers and organisations. At Pea",no,no,predictive_personalisation,,rejected,,
PSON-REJ-011,Pearson plc,PSON,Pearson plc Annual Report and Accounts 2025,PSON_company_annual_report_current_fy2025_2026.pdf,,annual_report_current,company_primary,p.13,AI;Copilot,A;B,3,"ourse that provides a foundational understanding of AI. We’re also investing in our own people. Across Pearson, employees have access to Microsoft Copilot, and we have rolled out live training sessions across the organisation. Our AI Ambassador Community has grown to over 1,000 members, supported by ||| d organisations. At Pearson, we want everyone to have the tools to understand and harness this transformative technology, and we have expanded our AI-related content, training programmes and certifications. For example, in 2025 we introduced AI Essentials, a short course that provides a foundatio ||| . But we’re only just getting started. Our unique capabilities, trusted brand and global reach place us at the heart of a societal shift shaped by AI, evolving skills and changing expectations. Thank you for your continued support. Omar Abbosh Chief Executive 6% underlying adjusted operating p",no,no,vague_general_ai_reference,DUPG-009,rejected,,
PSON-REJ-012,Pearson plc,PSON,Pearson plc Annual Report and Accounts 2025,PSON_company_annual_report_current_fy2025_2026.pdf,,annual_report_current,company_primary,p.14,AI,B,3,"sation, and its execution has generated strong momentum across the business. We continue to accelerate our transformation – harnessing the power of AI and capitalising on the demographic shifts reshaping the world. As we move into the second year of this journey, our execution plan rests on three ||| ementing new approaches to company-wide operational systems that will support more effective workflows, such as transforming revenue operations and AI-driven simplification to customer services. We will refine and modernise our software, as well as simplifying our product estate to improve customer ||| e workforce. Additionally, we will support enterprises as they develop the capabilities needed for talent planning, sourcing and development in the AI era. Lastly, to support the execution of our strategy (the ‘how’ section of our framework), we will continue to invest in our people, strengthen our",no,no,vague_general_ai_reference,DUPG-010,rejected,,
PSON-REJ-013,Pearson plc,PSON,Pearson plc Annual Report and Accounts 2025,PSON_company_annual_report_current_fy2025_2026.pdf,,annual_report_current,company_primary,p.15,AI,B,2,"the Learning Gap1’ research reports, anchored in proprietary insights covering skills gaps, digital disruption, learner behaviour and the impact of AI on learning and the workforce. 1. Why Helping people realise the life they imagine through learning Learning Cognitively Physically Emotionally Pur ||| ugh learning Learning Cognitively Physically Emotionally Purposefully Socially Economically Individuals Institutions Enterprises For our stakeholders AI is creating transformative opportunities across education and we have a responsibility to harness it for the benefit of those we serve. Through",no,no,vague_general_ai_reference,DUPG-011,rejected,,
PSON-REJ-014,Pearson plc,PSON,Pearson plc Annual Report and Accounts 2025,PSON_company_annual_report_current_fy2025_2026.pdf,,annual_report_current,company_primary,p.17,AI,B,2,"skills-ready talent pipeline. Internationally, we will extend this proven model through localised programmes in technology, digital skills, data and AI. At the same time, we will also leverage existing assets — including our Career and College Readiness portfolio and Certiport assessment capabiliti ||| earning directly into workflows • Evaluate mastery with rigorous, data-backed assessment • Prioritise verified skills, fix signalling gaps, deliver AI-driven coaching and unlock workforce potential at scale – creating clear competitive advantage for our customers We will also scale bundling globall",no,no,vague_general_ai_reference,DUPG-013,rejected,,
PSON-REJ-015,Pearson plc,PSON,Pearson plc Annual Report and Accounts 2025,PSON_company_annual_report_current_fy2025_2026.pdf,,annual_report_current,company_primary,p.18,AI,B,1,"and expanded innovation partnerships with Meta for Education, Google’s Android XR, and Vū Technologies. Artificial Intelligence We established our AI Centre for Enablement (C4E) to unify standards, tools and expertise, enabling the responsible and scalable deployment of AI solutions. This operatin",no,no,vague_general_ai_reference,,rejected,,
PSON-REJ-016,Pearson plc,PSON,Pearson plc Annual Report and Accounts 2025,PSON_company_annual_report_current_fy2025_2026.pdf,,annual_report_current,company_primary,p.19,AI,B,1,"us with insights into the attitudes of learners. We also draw from the experience of educators to shape our approach, inform the development of our AI tools and training, and anticipate trends shaping the world of learning today and in the future. In our Virtual Learning business unit, our annual",no,no,vague_general_ai_reference,,rejected,,
PSON-REJ-017,Pearson plc,PSON,Pearson plc Annual Report and Accounts 2025,PSON_company_annual_report_current_fy2025_2026.pdf,,annual_report_current,company_primary,p.20,AI,B,6,"loring learnings that support the needs of students. In our Higher Education business unit, our faculty engagement provides ongoing feedback on new AI product features and helps us understand how to best tailor those features for the faculty and students, helping to enhance the teaching and learn ||| and provides visibility over student and teacher attitudes towards learning. Employers Why and how we engage As technological innovations such as AI accelerate change in the workforce, employers increasingly recognise the need to reskill their people so they are future-ready. Enterprise Skilling ||| partner with global enterprises to accelerate talent development, support seamless career transitions and equip workforces to thrive in the era of AI.” Vishaal Gupta President – Enterprise Learning & Skills Leading the way in research In the UK, we released our 2025 Pearson School Report, which br ||| he UK. This report builds a snapshot of life in schools, including how educators are navigating the application of innovative technologies such as AI. We also once again brought together members of the UK education community as part of The Pearson National Teaching Awards, which champion the imp ||| up and using our products. This business unit delivered over 100 in-person and virtual events in 2025 to engage more educators on topics including AI and skill development, which were attended by thousands of college and university instructors from over 120 countries. The English Language Learni ||| from over 120 countries. The English Language Learning business unit collaborated with teachers globally to refine the Smart Lesson Generator, an AI-powered tool that creates high-quality lessons in minutes. Developed in partnership with AWS, it reduces planning time by up to 45 minutes per less",no,no,vague_general_ai_reference,DUPG-014,rejected,,
PSON-REJ-018,Pearson plc,PSON,Pearson plc Annual Report and Accounts 2025,PSON_company_annual_report_current_fy2025_2026.pdf,,annual_report_current,company_primary,p.21,AI,B,3,"understanding of neurodiversity in learning. Consumer and educator engagement in the clinical space has been key to the development of Revibe, our AI-powered and research-backed wearable powered by Samsung Electronics, designed to build focus and boost learning. We also aim to cultivate an ‘outsi ||| utside-in’ approach, making use of employee learning sessions and newsletters, to better understand learners and the trends shaping how they learn. AI in education isn’t a trend – it’s a transformation that unlocks opportunities, sparking deeper curiosity and critical thinking.” Tom Ap Simon Pres ||| ing and evolve our go-to-market approach. For example, our partnership with Microsoft combines our expertise in learning with Microsoft’s cloud and AI technologies to co-create products such as Communication Coach to help workers succeed and employers upskill their workforces, leading to enhanced",no,no,vague_general_ai_reference,DUPG-015,rejected,,
PSON-REJ-019,Pearson plc,PSON,Pearson plc Annual Report and Accounts 2025,PSON_company_annual_report_current_fy2025_2026.pdf,,annual_report_current,company_primary,p.22,AI,B,2,"industries while boosting the potential of AI. Additionally, in the United States, Pearson is partnering with schools and universities to deliver AI-powered study tools and personalised learning for students. We have also joined forces with the federal government through the Pledge To America’s ||| nd personalised learning for students. We have also joined forces with the federal government through the Pledge To America’s Y outh: Investing in AI Education, working to upskill high school teachers nationwide by providing AI training and certification, all with the aim of better equipping edu",no,no,predictive_personalisation,DUPG-016,rejected,,
PSON-REJ-020,Pearson plc,PSON,Pearson plc Annual Report and Accounts 2025,PSON_company_annual_report_current_fy2025_2026.pdf,,annual_report_current,company_primary,p.22,AI;generative AI,A;B,8,"ansformation in higher education across global markets. Outcome of engagement Learner feedback is critical in the development and extension of our generative AI tools. Its role is not only an important consideration throughout all stages of product development, but also in how we measure, evaluate and gain ||| everage innovation to give people high-quality education and training that meets the needs of rapidly evolving workplaces. Furthermore, the rise of AI use – particularly in the labour market – is challenging governments to devise policies that take advantage of the opportunities this technology br ||| and apprenticeships through meetings, symposia and presentations with elected and appointed government officials. We are engaging on issues around AI in education and the workforce. For example, we have participated in consultations launched by the UK Government on: narrowing the digital divide ||| e digital divide in UK schools and colleges and its digital inclusion action plan; developing frameworks and tools to support responsible data and AI use across the public sector; and strengthening AI copyright legislation to protect creative industries while boosting the potential of AI. Additio ||| rson at the White House Task Force on Artificial Intelligence event, sharing our pledge to provide 250,000 teachers across the US with training on AI. Our UK CEO Sharon Hague joined the UK-China Joint Economic and Trade Commission as part of a UK trade mission led by Peter Kyle, the UK Secretary ||| ves. We are supporting more learners through accessible, technology-enabled solutions. In 2025, we continued developing and delivering our suite of AI-driven products, supported by AI Literacy Modules designed to help educators and learners understand how to use AI effectively, building valuable ||| lopment, but also in how we measure, evaluate and gain insights into the usage of our products. For example, we have found that students using the AI tools in our Higher Education courseware were four times as likely to remain or become more active, efficient studiers compared to those who did n ||| our Higher Education courseware were four times as likely to remain or become more active, efficient studiers compared to those who did not use the AI study tools. We have also seen evidence of positive student outcomes through the Pearson AI study tool embedded in Biology and World History learni",no,no,vague_general_ai_reference,DUPG-017,rejected,,
PSON-REJ-021,Pearson plc,PSON,Pearson plc Annual Report and Accounts 2025,PSON_company_annual_report_current_fy2025_2026.pdf,,annual_report_current,company_primary,p.23,AI,B,1,"rning Hub’, our new learning experience platform powered by Degreed, providing personalised learning content and pathways. We continue to focus on AI as a critical skill for our people to power Pearson’s strategy and to help their personal and professional development. In addition to a wealth of",no,no,predictive_personalisation,,rejected,,
PSON-REJ-022,Pearson plc,PSON,Pearson plc Annual Report and Accounts 2025,PSON_company_annual_report_current_fy2025_2026.pdf,,annual_report_current,company_primary,p.23,AI;Copilot,A;B,5,"pment. In addition to a wealth of learning materials on AI-related topics in the Learning Hub, we delivered 140 live training sessions on Microsoft Copilot in 2025, with 4,722 employees attending a session live. These efforts resulted in a 25% increase in Copilot interactions compared to the number of ||| a session live. These efforts resulted in a 25% increase in Copilot interactions compared to the number of interactions prior to the training. Our AI Ambassador Community continues to grow and now has over 1,000 members, an NPS of 69 and a regular programme of learning events. It is one of severa ||| members, an NPS of 69 and a regular programme of learning events. It is one of several professional communities at Pearson, which also includes our AI Developer Community for those who are building AI products and services. In addition to helping our employees build their skills, we have also esta ||| ed by our strategic priorities and leadership objectives. To strengthen our performance management approach this year we introduced ‘BarUp’, a new AI companion that supports individuals in setting their OKRs and assessing their performance. To encourage the continued development of our leaders, th ||| understand the environmental impact of digital products and develop science-based solutions. We are also a member of the Coalition for Sustainable AI, which aims to develop standardised metrics for AI impact reporting. We have been a member of the B Team (an organisation that works with multinati",no,no,vague_general_ai_reference,DUPG-018,rejected,,
PSON-REJ-023,Pearson plc,PSON,Pearson plc Annual Report and Accounts 2025,PSON_company_annual_report_current_fy2025_2026.pdf,,annual_report_current,company_primary,p.30,AI,B,1,"% growth in US digital subscriptions. In addition, we continued to see strong monetisation of our Study Prep tool and sustained engagement with our AI- powered study tools. International Higher Education faced ongoing challenging trading conditions in mature markets, declining 7% for the full year",no,no,vague_general_ai_reference,,rejected,,
PSON-REJ-024,Pearson plc,PSON,Pearson plc Annual Report and Accounts 2025,PSON_company_annual_report_current_fy2025_2026.pdf,,annual_report_current,company_primary,p.34,AI,B,4,"ating the impact of our approach (https://www.asugsvsummit.com/gsv-150). We continue to enhance learning for everyone, exploring how purpose-built AI tools can aid conceptual learning. Our Higher Education business unit applied our findings to launch the ‘Go Deeper’ functionality in our AI Study ||| our AI Study Tools, which encourages the critical reasoning skills needed for both academic success and real-world problem solving. By integrating AI into resources across selected topics for our Connections Academy Virtual Schools, we are personalising learning, increasing both end-of- year pass ||| chitecture helps our employees map their career progression, identify clear development pathways and find learning opportunities. We have expanded AI training with courses for every role across the organisation, while our leadership model sets clear expectations on driving a culture of innovation ||| s for every role across the organisation, while our leadership model sets clear expectations on driving a culture of innovation. By building their AI capabilities, our employees not only enhance their careers but also better understand how innovative technology can improve outcomes for learners,",no,no,vague_general_ai_reference,DUPG-020,rejected,,
PSON-REJ-025,Pearson plc,PSON,Pearson plc Annual Report and Accounts 2025,PSON_company_annual_report_current_fy2025_2026.pdf,,annual_report_current,company_primary,p.35,AI,B,4,"in 2025 to ensure we are aware of any potential risks to the long-term value of our business in a rapidly changing world. Though emissions from our AI use are currently low compared to emissions from other activities, they will represent an increased portion of our footprint in the future as we ex ||| urrently low compared to emissions from other activities, they will represent an increased portion of our footprint in the future as we expand our AI-driven learning experiences. Through our strategic partnerships with organisations and suppliers including Microsoft and AWS, we are supporting the ||| ur strategic partnerships with organisations and suppliers including Microsoft and AWS, we are supporting the use of responsible, energy-efficient AI across different industries. We are working with others across our industry and beyond to better understand the impacts of AI, including becoming a ||| with others across our industry and beyond to better understand the impacts of AI, including becoming a signatory to the Coalition for Sustainable AI in 2025. Transforming learning responsibly Helping learners navigate the technological disruption to skills and careers requires us to look at ever",no,no,vague_general_ai_reference,DUPG-022,rejected,,
PSON-REJ-026,Pearson plc,PSON,Pearson plc Annual Report and Accounts 2025,PSON_company_annual_report_current_fy2025_2026.pdf,,annual_report_current,company_primary,p.36,AI,B,2,"rk, we contribute to the following SDGs: SDG 4 — Quality education. Pearson uses innovative technology to ensure students maximise the benefits of AI-enabled learning. Our ‘Go Deeper’ functionality for AI Study Tools encourages critical thinking by providing students with follow-up questions. S ||| bal markets. See page 37. SDG 10 — Reduced inequalities. We develop inclusive products that support every learner’s needs. We launched Revibe, an AI-enabled wearable device designed to help learners with ADHD improve focus and self-regulation, supporting access to learning for neurodiverse ind",no,no,vague_general_ai_reference,DUPG-023,rejected,,
PSON-REJ-027,Pearson plc,PSON,Pearson plc Annual Report and Accounts 2025,PSON_company_annual_report_current_fy2025_2026.pdf,,annual_report_current,company_primary,p.39,AI,B,1,"ting innovative technologies into our learning and assessment tools to help make learning more impactful and effective is a key strategic priority. AI is reshaping education, enabling more personalised learning, more learner-centred assessments and better data insights for educators. However, rea",no,no,predictive_personalisation,,rejected,,
PSON-REJ-028,Pearson plc,PSON,Pearson plc Annual Report and Accounts 2025,PSON_company_annual_report_current_fy2025_2026.pdf,,annual_report_current,company_primary,p.39,AI,B,5,"educators. However, realising this potential requires stakeholders to trust technology’s role in learning and assessments. We focus on integrating AI and other technologies into our products in a responsible, evidence-driven way. Leveraging technology to create accessible and personalised learnin ||| with our commitment to equitable access and long-term stakeholder trust. Case study Partnering to transform education through digitalisation and AI We work with a diverse range of organisations to accelerate growth and unlock new opportunities, from co-creating advanced AI-infused products to s ||| ecosystem, our strategic partnerships enable us to scale innovation and deliver more digitally advanced products that better support learners in an AI-enabled world. Alongside our strategic partnerships with hyperscaler partners and professional services enterprises (see pages 7 and 15), we are wo ||| cil by modernising learning models, co-developing research and providing resources for institutions and policymakers • We are focused on advancing AI literacy with Code.org, an education innovation non-profit • We are supporting innovative, AI-driven ventures through our investment in the AI Fun ||| or the future of education Through these collaborations and investments, we are strengthening our capabilities, expanding our reach and translating AI innovation into meaningful value for learners, educators and institutions. Driving learning for everyone with our products Pearson plc Annual report",no,no,vague_general_ai_reference,DUPG-024,rejected,,
PSON-REJ-029,Pearson plc,PSON,Pearson plc Annual Report and Accounts 2025,PSON_company_annual_report_current_fy2025_2026.pdf,,annual_report_current,company_primary,p.40,AI;agentic AI;generative AI,A;B,5,"acy/learning-evidence.html. Pearson Labs and our dedicated team of researchers and developers are committed to developing scalable solutions through generative AI and immersive learning technologies. Working closely with learning scientists, they have developed a strategy to guide the integration of new techn ||| cores and pass rates. • Expanded our portfolio of RAI learning content, including certifications across multiple formats and disciplines, featuring agentic AI, large language models, machine learning and ethical AI implementation. • Continued to upskill employees on AI, focusing on using AI responsibly a ||| re: https://plc.pearson.com/en-GB/news-and-insights/lost-in-transition. • ‘Asking to Learn’: our large-scale analysis of students’ interactions with AI Study Tools, informing development of the ‘Go Deeper’ functionality, which supports deeper learning in higher education by prompting students with ||| ed approach to managing AI systems and aligns to the NIST AI Risk Management Framework, the EU AI Act, ISO 42001/27001/27701, and SOC2. • Launched AI Literacy Modules to help educators instruct students about using AI. These modules cover topics such as validating AI-generated results and appropri ||| ules to help educators instruct students about using AI. These modules cover topics such as validating AI-generated results and appropriately citing AI outputs. Ongoing research into how students are using our AI tools already shows promise in relation to course scores and pass rates. • Expanded o",no,no,vague_general_ai_reference,DUPG-027,rejected,,
PSON-REJ-030,Pearson plc,PSON,Pearson plc Annual Report and Accounts 2025,PSON_company_annual_report_current_fy2025_2026.pdf,,annual_report_current,company_primary,p.41,automation,B,1,"ng our ‘Zero Trust’ security approach (‘never trust, always verify’) as our proactive defence stance against modern cyber threats. We are embedding automation throughout our policies and processes to support the Zero Trust approach: we apply the ‘least privilege’ principle to ensure our data is secure and",no,no,ordinary_automation,,rejected,,
PSON-REJ-031,Pearson plc,PSON,Pearson plc Annual Report and Accounts 2025,PSON_company_annual_report_current_fy2025_2026.pdf,,annual_report_current,company_primary,p.41,AI;agentic AI,A;B,4,"’s Cloud Access Security Broker to automate and scale our privacy and cyber security programmes. • Introduced AI Security Agent and privacy bots – agentic AI assistants integrated into Microsoft Teams providing employees with fast, user-friendly access to essential cyber security and data privacy resourc ||| 26, and will oversee our Global Quality Standards. Our Global Quality Standards are structured across six pillars: accessibility, learning science, AI, breakthrough technology, user experience and social impact. These standards support our employees and business partners to deliver accurate, trust ||| deliver accurate, trusted, evidence-based learning experiences that meet our user-centred and data-led standards of excellence. • Introduced our AI-enabled AI Quality Standards Agent, OBI, to embed the Global Quality Standards directly into our workflows to ensure consistency, accountability and ||| nued to produce assessments transcribed into Braille as part of ongoing efforts to provide inclusive educational experiences. • Launched Revibe, an AI-enabled wearable device designed to help learners with ADHD improve focus and self-regulation, to enhance accessibility of learning for neurodiverse",no,no,vague_general_ai_reference,DUPG-028,rejected,,
PSON-REJ-032,Pearson plc,PSON,Pearson plc Annual Report and Accounts 2025,PSON_company_annual_report_current_fy2025_2026.pdf,,annual_report_current,company_primary,p.42,AI;digital assistant,B,3,"rogress across these areas. Case study Building a future-ready workforce Building a modern workforce with the skills to maximise the potential of AI is at the core of what we do. Our new Career Navigation System builds on our deep expertise in technology and skills development for the benefit of ||| nefit of our employees and our business. The platform enables employees to understand their role, explore possible career directions in the era of AI and create a path for development. It empowers them to take control of their careers, while building a highly skilled workforce to drive our long- ||| e our long-term success. The Career Navigation System establishes the foundation for career progression and growth at Pearson. With the help of a digital assistant, employees can assess the skills proficiency required in their current role and the evolution needed to progress to the next level. The integrated",no,no,vague_general_ai_reference,DUPG-029,rejected,,
PSON-REJ-033,Pearson plc,PSON,Pearson plc Annual Report and Accounts 2025,PSON_company_annual_report_current_fy2025_2026.pdf,,annual_report_current,company_primary,p.43,AI,B,2,"tal Career Architecture assistant, CARA, to help employees explore their own and other roles within our Career Architecture. • Introduced BarUp, an AI companion that supports individuals and managers, from goal setting to assessing performance and delivering feedback. • Equipped our managers with ||| development programmes focus on building the diverse skills needed to fuel our growth. Our three Power Skills – Learning to Learn, Adaptability and AI – combined with our core job family and role-based skills are multipliers for performance and growth. Pearson’s Learning Hub sits at the core of our",no,no,vague_general_ai_reference,DUPG-030,rejected,,
PSON-REJ-034,Pearson plc,PSON,Pearson plc Annual Report and Accounts 2025,PSON_company_annual_report_current_fy2025_2026.pdf,,annual_report_current,company_primary,p.44,AI;Copilot,A;B,6,"ing. • Provided resources on using AI responsibly, including: • 140 training sessions in partnership with Microsoft, upskilling 4,700 employees on Copilot and boosting adoption by 25% • A new AI Developer Excellence Community for those who build our AI products and services • AI literacy content inte ||| ping employees with the knowledge and skills they need now and in the future is central to our success. With this in mind, Pearson has introduced an AI upskilling development goal for all Pearson employees. We integrate AI skills into individual development plans and performance reviews, ensuring R ||| uring RAI literacy is embedded in our work. For our Product Development teams, the Centre for Enablement (C4E) – created in 2025 – brings together AI knowledge, tools and resources from across Pearson. The C4E supports collaboration and innovation by enabling our teams to share best practices and ||| dge, tools and resources from across Pearson. The C4E supports collaboration and innovation by enabling our teams to share best practices and apply AI in a responsible and consistent way. Working in close partnership with the RAI team, the C4E ensures we have embedded ethical principles and robust ||| roducts and services • AI literacy content integrated into our Learning Hub • Guidance to employees on understanding and addressing bias when using AI • Regular live sessions and newsletters on the latest trends and tools in AI • Hosted the first internal AI Summit, attended by colleagues includi ||| essions and newsletters on the latest trends and tools in AI • Hosted the first internal AI Summit, attended by colleagues including members of our AI Ambassador Professional Community. The Community, which has more than 1,000 members, also provided expert advice to curate learning pathways for ev",no,no,vague_general_ai_reference,DUPG-032,rejected,,
PSON-REJ-035,Pearson plc,PSON,Pearson plc Annual Report and Accounts 2025,PSON_company_annual_report_current_fy2025_2026.pdf,,annual_report_current,company_primary,p.45,AI,B,3,"n, this will enable us to reinvest in innovation, grow our business and reach more learners. Case study Understanding the environmental impact of AI AI is rapidly reshaping how we design and deliver transformative learning experiences, and our goal is to harness AI’s potential for society and th ||| r goal is to harness AI’s potential for society and the environment while managing its impacts. Though the GHG emissions associated with Pearson’s AI usage are relatively low compared to other emissions sources, we anticipate they will continue to steadily rise alongside demand for data storage ||| business resilience. Our approach centres on maintaining our commitment to renewable energy use, and ensuring the efficiency of our data usage and AI systems. To achieve more at a bigger scale, we are also pursuing best practices around transparency. For example, we are working with DIMPACT, a n",no,no,vague_general_ai_reference,DUPG-033,rejected,,
PSON-REJ-036,Pearson plc,PSON,Pearson plc Annual Report and Accounts 2025,PSON_company_annual_report_current_fy2025_2026.pdf,,annual_report_current,company_primary,p.46,AI,B,3,"gement As we continue to expand our AI-enabled learning experiences, our demand for data storage and processing will increase accordingly. To use AI responsibly, we must ensure we manage and reduce any potential adverse environmental impacts. Our approach to minimising the impacts of our digita ||| ntinue to evolve in line with the business. We are currently focusing on: • Further understanding the complexity, data use and energy needs of our AI usage. • Identifying and assessing the environmental impacts of the processing centres our partners use to host Pearson’s data. • Working with clo ||| able power and directly funding projects that bring additional renewable energy to the grid. See pages 6-7 and 38 for information on how we govern AI. • Continued to consolidate our data centres for energy efficiency, and transitioned to cloud- based infrastructure for greater resource efficiency.",no,no,vague_general_ai_reference,DUPG-034,rejected,,
PSON-REJ-037,Pearson plc,PSON,Pearson plc Annual Report and Accounts 2025,PSON_company_annual_report_current_fy2025_2026.pdf,,annual_report_current,company_primary,p.57,AI,B,1,"of high-stakes tests, organisational capability, competitive dynamics, learner preferences and delivery methods, including the growing adoption of AI tools and the reputation of companies operating in the market. We seek to maximise the opportunities arising from these changing market conditions,",no,no,vague_general_ai_reference,DUPG-074,rejected,,
PSON-REJ-038,Pearson plc,PSON,Pearson plc Annual Report and Accounts 2025,PSON_company_annual_report_current_fy2025_2026.pdf,,annual_report_current,company_primary,p.61,AI,B,9,"Description The risk that our intellectual property is harder to protect as a result of increased content generation through AI, and that our content and method of delivery (channel) is, or is perceived to be, insufficiently differentiated in terms of outcomes or learner expe ||| tion the value of traditional models. We are also conscious that public sentiment and regulatory considerations have also emerged around the use of AI in high-stakes assessments. Nonetheless, Pearson’s strength lies in delivering outcome-focused, trusted, pedagogically sound content at the intersec ||| arner and content. Significant progress has been made in our use of large language models. We have taken a proactive approach in leveraging advanced AI technology positions and have successfully integrated AI tools into courses. We have continued to develop AI tools across all business units, seein ||| chools students. Our strategic partnerships with hyperscalers are accelerating the modernisation of Pearson’s products, facilitating us to leverage AI to better serve our customers. We are also implementing AI-driven tools to customer service and enhance overall experience. Furthermore, in 2025, we ||| nto content creation products and services, creating efficiencies and helping us reach the market quickly. For example, the broad roll-out of custom AI assessment tools to all teachers in Virtual Schools is driving increased adoption and usage. 3. Driving innovation and development of next-generatio ||| ll teachers in Virtual Schools is driving increased adoption and usage. 3. Driving innovation and development of next-generation products that infuse AI into products across our business units and enable us to align to individual learning needs: for example, creating AI chatbot integration in the ||| ur business units and enable us to align to individual learning needs: for example, creating AI chatbot integration in the Longman English app, and AI study tools in Connections Academy Virtual Schools which have led to improved outcomes and higher grades among students. 4. Reducing piracy and ma ||| us on product innovation. 6. Strategic partnerships with hyperscalers accelerating the modernisation of Pearson’s products, enabling us to leverage AI for greater customer value. Link to strategy AI has been identified as a key seismic trend providing growth opportunity. Risk tolerance Medium – ||| ity risks and on meeting customer expectations. Risk velocity Significant short-term impacts are less likely due to our 2025 product strategy using AI as a growth driver and scaling AI across our products and services. Due to longer-term contracts or the time required for educators or learners to",no,no,vague_general_ai_reference,DUPG-036,rejected,,
PSON-REJ-039,Pearson plc,PSON,Pearson plc Annual Report and Accounts 2025,PSON_company_annual_report_current_fy2025_2026.pdf,,annual_report_current,company_primary,p.62,AI,B,1,"multi-factor authentication, help to ensure the stability and security of our key systems. 3. Dedicated resources to focus on testing and developing AI products and to understand evolving market capabilities. 4. Business continuity planning to ensure that we are able to respond should a key customer",no,no,vague_general_ai_reference,,rejected,,
PSON-REJ-040,Pearson plc,PSON,Pearson plc Annual Report and Accounts 2025,PSON_company_annual_report_current_fy2025_2026.pdf,,annual_report_current,company_primary,p.63,generative AI,A,1,"and assessment by customers, open educational resources, a shift from in-person to virtual learning or vice versa, or innovations in areas such as generative AI). Movement and outlook The risk remains high due to competitive pressures affecting business units, for example, increased migration policy restrict",no,no,vague_general_ai_reference,,rejected,,
PSON-REJ-041,Pearson plc,PSON,Pearson plc Annual Report and Accounts 2025,PSON_company_annual_report_current_fy2025_2026.pdf,,annual_report_current,company_primary,p.64,AI,B,1,"y into McGraw Hill’s K12 curriculum solutions, thereby enhancing the personalised learning experience for students. We have also launched Revibe, an AI-enabled wearable designed to help individuals build skills in focus, attention and self-regulation, and our NPS in Virtual Learning remains strong.",no,no,predictive_personalisation,,rejected,,
PSON-REJ-042,Pearson plc,PSON,Pearson plc Annual Report and Accounts 2025,PSON_company_annual_report_current_fy2025_2026.pdf,,annual_report_current,company_primary,p.64,AI,B,1,"ustomer expectations. Efforts across business units are focused on developing products to enhance customer experience, such as the implementation of AI for personalised lessons, as exemplified by the Digital Language Tutor and AI Study Tools launched in 2025. We are also integrating our assessment",no,no,vague_general_ai_reference,,rejected,,
PSON-REJ-043,Pearson plc,PSON,Pearson plc Annual Report and Accounts 2025,PSON_company_annual_report_current_fy2025_2026.pdf,,annual_report_current,company_primary,p.68,artificial intelligence,B,1,"Risks Accountability Change since 2024 Accreditation risk Political and regulatory General Counsel and Business Unit Presidents No Artificial Intelligence, content and channel risk Effective method of delivery (podcast, video, test, in-person, online) Chief Product Officer and Business Unit Presiden",no,no,vague_general_ai_reference,DUPG-075,rejected,,
PSON-REJ-044,Pearson plc,PSON,Pearson plc Annual Report and Accounts 2025,PSON_company_annual_report_current_fy2025_2026.pdf,,annual_report_current,company_primary,p.71,AI,B,1,"nd Virtual Learning • Migration policy changes in key markets and the effect they may have on demand and market size for Pearson Test of English AI, Content and Channel • Loss of sales due to AI-related risks and poor choice of content and/or channel Capability • Risks associated with transf",no,no,vague_general_ai_reference,,rejected,,
PSON-REJ-045,Pearson plc,PSON,Pearson plc Annual Report and Accounts 2025,PSON_company_annual_report_current_fy2025_2026.pdf,,annual_report_current,company_primary,p.72,AI,B,1,". This was another successful year filled with strategic progress and innovation, including long-term strategic partnerships, further embedding of AI across our products and services, and good financial performance, which you can read more about throughout this annual report. Strategy and perform",no,no,vague_general_ai_reference,,rejected,,
PSON-REJ-046,Pearson plc,PSON,Pearson plc Annual Report and Accounts 2025,PSON_company_annual_report_current_fy2025_2026.pdf,,annual_report_current,company_primary,p.73,AI,B,2,"steady and knowledgeable voice on the Board, bringing a rare combination of commercial and strategic insight with deep expertise in technology and AI, from which Pearson has benefited enormously. On behalf of all Directors, I would like to extend our warmest gratitude to Lincoln for his commitme ||| xecutive Director in June 2025, bringing strong expertise and business perspectives on workforce and talent development in an era of innovation and AI. Costis Maglaras joined the Board as Non-Executive Director in November 2025. His expertise includes the impact of transformative technologies on",no,no,vague_general_ai_reference,DUPG-037,rejected,,
PSON-REJ-047,Pearson plc,PSON,Pearson plc Annual Report and Accounts 2025,PSON_company_annual_report_current_fy2025_2026.pdf,,annual_report_current,company_primary,p.75,generative AI,A,1,"she oversees the company’s News, Cooking, Games and Audio products that power its digital business. She also leads its enterprise-wide approach to generative AI. Alex previously spent a decade at The New Y ork Times in several leadership roles before leaving for Facebook in 2016 where she served as Head of",no,no,vague_general_ai_reference,,rejected,,
PSON-REJ-048,Pearson plc,PSON,Pearson plc Annual Report and Accounts 2025,PSON_company_annual_report_current_fy2025_2026.pdf,,annual_report_current,company_primary,p.76,AI,B,1,"ater understanding of the role of technological breakthroughs in solving business challenges. His fields of expertise include machine learning and AI, social networks and quantitative finance. Costis has been with Columbia Business School since 1998. His industry experience over the past 15 year",no,no,vague_general_ai_reference,,rejected,,
PSON-REJ-049,Pearson plc,PSON,Pearson plc Annual Report and Accounts 2025,PSON_company_annual_report_current_fy2025_2026.pdf,,annual_report_current,company_primary,p.84,AI,B,1,"o consider and approve the acquisition of eDynamic Learning, and thoroughly considered the strategic rationale and value, market demand, impact of AI, synergies and integration plans to ensure these were robust, clear and achievable. Y ou can read more about the Board’s deliberation on this matt",no,no,vague_general_ai_reference,,rejected,,
PSON-REJ-050,Pearson plc,PSON,Pearson plc Annual Report and Accounts 2025,PSON_company_annual_report_current_fy2025_2026.pdf,,annual_report_current,company_primary,p.85,AI,B,1,"es and cost savings. During the past year, the Board, the Audit Committee and the Reputation & Responsibility Committee have kept up to date with AI developments both within Pearson, being led by the Pearson Executive Management team, and across the wider landscape, considering both opportunitie",no,no,audit_analytics,,rejected,,
PSON-REJ-051,Pearson plc,PSON,Pearson plc Annual Report and Accounts 2025,PSON_company_annual_report_current_fy2025_2026.pdf,,annual_report_current,company_primary,p.85,AI;agentic AI;generative AI,A;B,11,"s use of AI across the business and using it as a growth driver to improve efficiencies and to enhance learning and assessment services. We expect generative AI to create significant positive opportunities for Pearson, due to our unrivalled depth of content and data. The rapid advances in AI will continue t ||| ise Learning & Skills, Virtual Learning and Higher Education, and the company’s work with the AWS modernisation factory to experiment with various agentic AI capabilities • June’s Board meeting was dedicated to discussing progress with implementing the company’s strategy and included consideration of h ||| n matters of importance, as well as to make informed decisions in the best interests of the company and its stakeholders. The Board’s oversight of AI at Pearson As a digital-first business, Pearson is accelerating its use of AI across the business and using it as a growth driver to improve effici ||| l continue to be an important driver of growth in education and the workforce over the coming years. The rapid development of increasingly powerful AI models will significantly change the world of work and skills requirements. Employers will need to find new pools of talent and continuously devel ||| d to find new pools of talent and continuously develop and verify the skills of their workforces to keep pace with and benefit from technology and AI advancements. Learners and educators place enormous trust in us, so we have a responsibility to be thoughtful and considered in how we use this tec ||| to be thoughtful and considered in how we use this technology, while continuing to move at pace to enhance our products with the customer in mind. AI plays an important role across Pearson’s product portfolio, more information on which can be found in the Strategic report. With AI skills becoming ||| found in the Strategic report. With AI skills becoming increasingly important in the job market and helping humans be more productive, the need for AI learning is growing and we are always exploring opportunities to continue to leverage innovative AI technology to drive further efficiencies and ||| fic activities undertaken by the Board and Committees during the year have included: • The Board received updates on the implementation of various AI-related strategic initiatives, including the deployment of a shared set of AI tools to enhance content generation, driving efficiency and innovatio ||| g the deployment of a shared set of AI tools to enhance content generation, driving efficiency and innovation, and the establishment of a data and AI Centre of Excellence to maximise efficiency and improve end-to-end customer service experience through AI-based solutions • The Board received an ||| ased solutions • The Board received an update on the significant progress made in our modernisation activities with AWS, including the infusion of AI and modern architectures into our existing product estate with English Language Learning, Enterprise Learning & Skills, Virtual Learning and Higher ||| was dedicated to discussing progress with implementing the company’s strategy and included consideration of how Pearson will manage the pace of AI, disruptors in the market, and the rate of change required in order to become a leader in AI-first learning experiences • The Board was updated on",no,no,vague_general_ai_reference,DUPG-038,rejected,,
PSON-REJ-052,Pearson plc,PSON,Pearson plc Annual Report and Accounts 2025,PSON_company_annual_report_current_fy2025_2026.pdf,,annual_report_current,company_primary,p.86,generative AI,A,1,"ng to the strategic partnerships, as well as our operations as an awarding organisation • The Audit Committee considered the risks associated with generative AI and reviewed its status as part of the Group risk review • The Reputation & Responsibility Committee considered the AI landscape from a regulator",no,no,audit_analytics,,rejected,,
PSON-REJ-053,Pearson plc,PSON,Pearson plc Annual Report and Accounts 2025,PSON_company_annual_report_current_fy2025_2026.pdf,,annual_report_current,company_primary,p.86,AI,B,4,"were driving content production efficiencies and personalisation of learning experiences • In Virtual Learning, an overview of the work to leverage AI for courseware development, study tools and assessment to improve the user experience, as well as programming to enhance our college and career r ||| ell as programming to enhance our college and career readiness offering • In English Language Learning, an assessment of the potential impacts of AI on language learning and the pace of integrating AI into product offerings, including as regards content generation, personalisation and assessme ||| is topic, including the EU AI Act, which passed in April 2024, cementing the first comprehensive regulatory scheme for the development and use of AI in the world, and the US state action on passing AI-related laws • Noting the advocacy work conducted by the company in this field Y ou can read m ||| S state action on passing AI-related laws • Noting the advocacy work conducted by the company in this field Y ou can read more about how we manage AI from a risk perspective on page 59. During Board and Committee meetings, the Non- Executive Directors regularly seek to understand how our people",no,no,vague_general_ai_reference,DUPG-040,rejected,,
PSON-REJ-054,Pearson plc,PSON,Pearson plc Annual Report and Accounts 2025,PSON_company_annual_report_current_fy2025_2026.pdf,,annual_report_current,company_primary,p.90,AI,B,1,The Board members were very interested in our employees’ experiences and how we are navigating this incredibly unique time at the intersection of AI and learning. I appreciated their deep interest in how we are executing Pearson’s strategy at the ground level.” Vicky Guo Head of Ventures (Atte,no,no,vague_general_ai_reference,,rejected,,
PSON-REJ-055,Pearson plc,PSON,Pearson plc Annual Report and Accounts 2025,PSON_company_annual_report_current_fy2025_2026.pdf,,annual_report_current,company_primary,p.91,AI,B,1,"keholder considerations and risks. The Board paid particular attention to assessing the strategic rationale and valuation, the potential impact of AI on eDynamic and the associated plans to integrate the business into Pearson, to ensure these were robust, clear and achievable. In addition, the",no,no,vague_general_ai_reference,,rejected,,
PSON-REJ-056,Pearson plc,PSON,Pearson plc Annual Report and Accounts 2025,PSON_company_annual_report_current_fy2025_2026.pdf,,annual_report_current,company_primary,p.94,AI,B,1,"strategic partnerships • Additional attention to deeper market analysis, including competitive positioning and market trends • Continued focus on AI developments across the entire business and oversight of product development progress • Ongoing oversight of risk management practices and risk co",no,no,vague_general_ai_reference,,rejected,,
PSON-REJ-057,Pearson plc,PSON,Pearson plc Annual Report and Accounts 2025,PSON_company_annual_report_current_fy2025_2026.pdf,,annual_report_current,company_primary,p.95,AI,B,2,"laborative. Ongoing focus on applying customer, product and competitor lenses to Board discussions, and ensuring that key themes of technology and AI are consistently discussed. At the Board meeting in June 2025, which focused on the company’s strategy, the Board received a number of insights from ||| going forward. The strategic risk deep dives presented by the business units to the Board throughout the year included the impact of technology and AI in particular, as well as cyber security risks. Continued development of M&A radar scanning for the Board to ensure a clear, long-term view of inorg",no,no,vague_general_ai_reference,DUPG-041,rejected,,
PSON-REJ-058,Pearson plc,PSON,Pearson plc Annual Report and Accounts 2025,PSON_company_annual_report_current_fy2025_2026.pdf,,annual_report_current,company_primary,p.97,AI,B,1,"ness transformation through the development of game-changing, customer- centric strategies • A strong understanding of the latest advancements in AI, machine learning and relevant emerging technologies to ensure the organisation remains at the forefront of innovation Taking into account the agre",no,no,vague_general_ai_reference,,rejected,,
PSON-REJ-059,Pearson plc,PSON,Pearson plc Annual Report and Accounts 2025,PSON_company_annual_report_current_fy2025_2026.pdf,,annual_report_current,company_primary,p.99,AI,B,1,"Lee Costis Maglaras Graeme Pitkethly Annette Thomas Operating context and future trends Technology (cloud, infrastructure, product, engineering, AI, cyber security) Enterprise skilling and workforce transformation Education and learning Government and policy Challenging and supporting manageme",no,no,vague_general_ai_reference,,rejected,,
PSON-REJ-060,Pearson plc,PSON,Pearson plc Annual Report and Accounts 2025,PSON_company_annual_report_current_fy2025_2026.pdf,,annual_report_current,company_primary,p.102,AI,B,1,", Committee members bring a range of expertise across key areas of our remit, including sustainability, product, education, stakeholder management, AI, and policy and government relations. Y ou can read more about the Committee members’ skills and experience on pages 72-74. Pearson’s Chief Executi",no,no,vague_general_ai_reference,,rejected,,
PSON-REJ-061,Pearson plc,PSON,Pearson plc Annual Report and Accounts 2025,PSON_company_annual_report_current_fy2025_2026.pdf,,annual_report_current,company_primary,p.103,AI,B,3,"ble electricity consumption. As part of this, we noted the ongoing work to assess the environmental footprint of emerging technology, particularly AI, to ensure that innovation advances, rather than compromises, our environmental objectives • We conducted our annual review of health and safety (H ||| ered the range of approaches through which Pearson engages with governments and policymakers, emphasising Pearson’s focus on enterprise, skilling, AI and innovation in education, and improving learner outcomes • Following the launch of Pearson’s new brand identity in April 2025, we received an u ||| erging risks and has benefited from a sharpened remit following the work to refocus its terms of reference in 2024 • There is clear consensus that AI should remain a regular topic in the Committee’s work plan, with members felt by management to have already provided valuable input to Pearson’s on",no,no,vague_general_ai_reference,DUPG-046,rejected,,
PSON-REJ-062,Pearson plc,PSON,Pearson plc Annual Report and Accounts 2025,PSON_company_annual_report_current_fy2025_2026.pdf,,annual_report_current,company_primary,p.106,AI,B,1,"data privacy and cyber security • Partnership with the Reputation & Responsibility Committee continues to be key in covering complex topics such as AI, sustainability assurance and non-financial reporting, and business resilience Y ou can read more about the review of audit quality and effectiven",no,no,audit_analytics,,rejected,,
PSON-REJ-063,Pearson plc,PSON,Pearson plc Annual Report and Accounts 2025,PSON_company_annual_report_current_fy2025_2026.pdf,,annual_report_current,company_primary,p.110,AI,B,1,"mer People 9 7 2 2 1 Theme Section size reﬂects number of audits mapped by audit theme Reputation and responsibility Capability Customer expectations AI, content and channel Competitive marketplace Portfolio change Accreditation 16 13 9 7 6 6 2 Section size reﬂects number of audits mapped by principa",no,no,audit_analytics,,rejected,,
PSON-REJ-064,Pearson plc,PSON,Pearson plc Annual Report and Accounts 2025,PSON_company_annual_report_current_fy2025_2026.pdf,,annual_report_current,company_primary,p.128,AI,B,1,"hare buyback and announcement of new £350m share buyback. • Continued to lead with the application of innovative technologies, deepening and scaling AI across our offering. • Continued enterprise momentum through strategic partnerships to help employees and organisations prepare for the future of wo",no,no,vague_general_ai_reference,,rejected,,
PSON-REJ-065,Pearson plc,PSON,Pearson plc Annual Report and Accounts 2025,PSON_company_annual_report_current_fy2025_2026.pdf,,annual_report_current,company_primary,p.246,AI;artificial intelligence;generative AI,A;B,6,". The Group has a history of utilising AI in its products and services, and incorporation is expected only to increase as AI technologies (including generative AI) continue to develop. Our ability to do this successfully depends in part on the openness of the public to the use of AI in the learning sector. If ||| Group could face additional cost and diversion of personnel (i) to meet any new regulation or law applicable to its use of Artificial Intelligence (AI) in its products and services and/or (ii) to protect any of its intellectual property developed using AI. The Group has a history of utilising AI in ||| lop. Our ability to do this successfully depends in part on the openness of the public to the use of AI in the learning sector. If the content that AI applications assist us in producing is or is perceived or alleged to be deficient or inaccurate, our reputation may be adversely affected, and/or th ||| ion may be adversely affected, and/or the effectiveness of the Group’s products may be undermined. In 2025, the Group progressed the development of AI features in many products, for example, the implementation of AI for personalised lessons, as exemplified by Digital Language Tutor and AI Study To ||| an inability to sustain the positive momentum would result in lower sales and profit than anticipated. In addition, if our competitors incorporate AI into their products more quickly or more successfully than we do, our ability to compete effectively could be impaired. Pearson plc Annual report a ||| ions or operational changes and which could therefore have an adverse effect on our business, operations and financial condition. Risks relating to Artificial Intelligence, Content and Channel The Group could face additional cost and diversion of personnel (i) to meet any new regulation or law applicable to its use of",no,no,vague_general_ai_reference,DUPG-048,rejected,,
PSON-REJ-066,Pearson plc,PSON,Pearson plc Annual Report and Accounts 2025,PSON_company_annual_report_current_fy2025_2026.pdf,,annual_report_current,company_primary,p.247,AI;artificial intelligence;generative AI,A;B,6,"this is where the Group’s products and services may potentially face competition from those developed by non-traditional competitors using advanced generative AI tools. Generative AI tools may enable the rapid creation and distribution of content at lower cost and could disrupt the markets in which the Group ||| nts have made the unauthorised copying and widespread distribution of unlicensed content more accessible and scalable, including through the use of generative AI. At the same time, detecting unauthorised use of our intellectual property and enforcing our IPR has become more difficult due to the growing volume ||| The increasing interest in AI by governments and regulators around the world and the different approaches they are taking continue to bring a level of regulatory uncertainty whic ||| al inconsistency regarding legal protections that are afforded to the Group’s intellectual property developed (in whole or in part) with the use of AI (or software including any AI), as laws and regulations evolve and develop. If the Group fails to successfully invest in and deliver the right produc ||| lso faces uncertainty regarding its ability to adequately protect its content from its unauthorised use in training Large Language Models and other AI models, including those underlying generative Artificial Intelligence tools. Failure, or an inability, to adequately manage, procure, register or p ||| lish and protect its proprietary rights in these products and services. As discussed above, the evolving legal and regulatory framework relating to Artificial Intelligence, and the applicability and interpretation of existing intellectual property laws in this context, continue to create uncertainty. The Group also fa",no,no,vague_general_ai_reference,DUPG-049,rejected,,
PSON-REJ-067,Pearson plc,PSON,Pearson plc Annual Report and Accounts 2025,PSON_company_annual_report_current_fy2025_2026.pdf,,annual_report_current,company_primary,p.248,AI,B,2,"he Group to demonstrate agility, notably in how the Group has been able to develop and deploy beta tests of products using large language models and AI tools. Training and development of staff is a focus area for managers throughout the organisation, but there is no guarantee that workers will cont ||| infrastructure. The Group faces several technological risks associated with software product development (including risks associated with the use of AI in the Group’s products and services) and service delivery, information technology security (including viruses and cyber-attacks), e-commerce, ente",no,no,vague_general_ai_reference,DUPG-050,rejected,,
PSON-REJ-068,Pearson plc,PSON,Pearson plc Annual Report and Accounts 2025,PSON_company_annual_report_current_fy2025_2026.pdf,,annual_report_current,company_primary,p.249,generative AI,A,1,"risk of price compression, driven by the growing prevalence of open educational resources, particularly those enhanced by large language models and generative AI technologies. Alternative distribution channels, such as digital formats, the internet, online retailers, and emerging delivery platforms, pose both",no,no,vague_general_ai_reference,,rejected,,
PSON-REJ-069,Pearson plc,PSON,Pearson plc Annual Report and Accounts 2025,PSON_company_annual_report_current_fy2025_2026.pdf,,annual_report_current,company_primary,p.250,generative AI,A,1,"ents, the digital revolution, greater use of the cloud, larger data volumes, and more sophisticated attack strategies, which may include the use of generative AI in an effort to defeat security measures. The Group manages large volumes of personal data, including that of employees, customers, students, and c",no,no,vague_general_ai_reference,,rejected,,
PSON-REJ-070,Pearson plc,PSON,Pearson plc Annual Report and Accounts 2025,PSON_company_annual_report_current_fy2025_2026.pdf,,annual_report_current,company_primary,p.251,AI,B,2,"pliance across different markets, many of which are taking increasingly divergent approaches to the protection of personal information in the age of AI. This will require the Group to adapt further to accommodate jurisdictional variations, including by developing our products in a more flexible way ||| opt data protection legislation, with enforcement increasingly emphasising transparency and customer choice. This includes requirements relating to AI-driven personalised services and data breach management, reflecting customers’ growing awareness and sophistication regarding data protection. Fail",no,no,vague_general_ai_reference,DUPG-051,rejected,,
PSON-REJ-071,Pearson plc,PSON,Pearson plc Annual Report and Accounts 2025,PSON_company_annual_report_current_fy2025_2026.pdf,,annual_report_current,company_primary,p.253,AI,B,1,"h learning platforms such as Guild in education-as-a-benefit, credential platforms such as Accredible, talent management platforms such as Eightfold.ai, data services such as Emsi, and skills and ability testing businesses such as SHL. In Higher Education, the Group competes with other publishers an",no,no,vague_general_ai_reference,,rejected,,
PSON-REJ-072,Pearson plc,PSON,Pearson plc Annual Report and Accounts 2024,PSON_company_annual_report_previous_fy2024_2025.pdf,,annual_report_previous,company_primary,p.3,AI,B,1,Pearson plc website where you can find the online version of this report. Strategic report At a glance 2 Business unit overviews 3 Accelerating our AI capabilities 6 Capitalising on the enterprise opportunity 7 Chair’s note 8 Chief Executive’s review 10 Strategic framework 12 Our business model and,no,no,vague_general_ai_reference,,rejected,,
PSON-REJ-073,Pearson plc,PSON,Pearson plc Annual Report and Accounts 2024,PSON_company_annual_report_previous_fy2024_2025.pdf,,annual_report_previous,company_primary,p.4,generative AI,A,1,"90m, and completed a multiyear £500m share buyback Read more on pages 26-32 Scaled AI across our products and services, enhanced and extended the generative AI tools in our Higher Education courseware, and developed new AI tools in English Language Learning and Virtual Learning Read more on page 6 Signe",no,no,vague_general_ai_reference,,rejected,,
PSON-REJ-074,Pearson plc,PSON,Pearson plc Annual Report and Accounts 2024,PSON_company_annual_report_previous_fy2024_2025.pdf,,annual_report_previous,company_primary,p.6,AI,B,4,"izard by Pearson in Brazil expanded, driven by its new online business and new government partnerships. During the year, we also developed two new AI products: one assisting teachers in generating lesson plans and another offering digital language tutoring. In 2025, we will continue to leverage A ||| ys to careers. We also leverage our strong relationships with educators to address their needs. Our active learning is powered by features including AI study tools, formative assessments, audio and video media and practice modules. Our eText, MyLab and Mastering, and Revel products are created by ||| g science and personalised with interactive features. In 2024, Higher Education returned to growth and grew adoption share, led by the expansion of AI study tools products in the US. In 2025, we will focus on continuing to scale AI-enhanced offerings, winning adoption share and expanding our footp ||| us product innovation. Sales £826m* Sales £420m Higher Education English Language Learning With demographic shifts and the transformative impact of AI in the jobs market, the importance of language learning as a differentiating skill will continue to grow. Sharon Hague President – English Lang",no,no,vague_general_ai_reference,DUPG-052,rejected,,
PSON-REJ-075,Pearson plc,PSON,Pearson plc Annual Report and Accounts 2024,PSON_company_annual_report_previous_fy2024_2025.pdf,,annual_report_previous,company_primary,p.7,AI,B,1,"dresses the evolving needs of businesses for skilled talent in a rapidly changing economy, including responding to the opportunity and challenge of AI. We assist companies in understanding and bridging their skills gaps, through talent planning and sourcing and genuine skills development to deliv",no,no,vague_general_ai_reference,,rejected,,
PSON-REJ-076,Pearson plc,PSON,Pearson plc Annual Report and Accounts 2024,PSON_company_annual_report_previous_fy2024_2025.pdf,,annual_report_previous,company_primary,p.8,AI;code generation;generative AI,A;B,14,"editions of leading higher education titles. English Language Learning We piloted Smart Lesson Generator, which leverages Pearson's trusted IP with generative AI to simplify educators' work and saves them time by creating customised lesson content and activities. In the 2024 pilot with selected institutions ||| ganisation develop and deploy code faster. Transitioning to a unified solution has resulted in consistent, secure coding practices and enhanced AI code generation capabilities. The result is a demonstrable increase in developer productivity and code quality. Additionally, we are adopting a variety of data an ||| Accelerating our AI capabilities Virtual Learning We have embedded AI study tools into Biology and World History homework questions to provide high school students wit ||| stions to provide high school students with step-by-step assistance when they are faced with tricky course material. For teachers, we've launched AI-generated custom assessments for high school English Language Arts. The goal is to expand both the student and teacher AI tools to additional grad ||| ish Language Arts. The goal is to expand both the student and teacher AI tools to additional grades, including more subjects, as well as adopt the AI study tools from Pearson eTextbooks. Higher Education We have significantly expanded our AI-powered study tools across Pearson+ eTextbooks, Pears ||| s across Pearson+ eTextbooks, Pearson+ Channels, MyLab and Mastering (MLM). This includes growing the number of eTextbooks and MLM titles that use AI tooling capabilities, as well as adding AI instructor tools to assist educators across a number of MLM titles. Select new AI features include auto ||| new AI features include automated creation of content based on a professor’s curriculum, 'ask the video' capabilities and quiz-me study tools with AI-generated flashcards. We have rolled out our AI study tools into global editions of leading higher education titles. English Language Learning We p ||| activities tailored to students’ diverse needs, from those requiring extra support to those ready for advanced challenges. We have also launched an AI-powered Digital Language Tutor, as part of Mondly by Pearson solution bundles, specifically designed to help businesses improve English proficienc ||| dly by Pearson solution bundles, specifically designed to help businesses improve English proficiency at scale and unlock employee potential. The AI-tutor offers highly realistic, personalised training underpinned by trusted learning science, and builds on a successful pilot programme conducted ||| g underpinned by trusted learning science, and builds on a successful pilot programme conducted with corporate clients. Group-wide We are deploying AI-driven code assistance to help the organisation develop and deploy code faster. Transitioning to a unified solution has resulted in consistent, se ||| . The result is a demonstrable increase in developer productivity and code quality. Additionally, we are adopting a variety of data and analytical AI solutions to enable better data-driven decision making across our finance functions. Select initiatives include automating intelligent balance she ||| a-driven decision making across our finance functions. Select initiatives include automating intelligent balance sheet reconciliation and adopting AI-enabled propensity to pay models to aid our cash conversion efforts. Pearson’s AI-driven innovation spans all our business units and corporate fun ||| ay models to aid our cash conversion efforts. Pearson’s AI-driven innovation spans all our business units and corporate functions, each harnessing AI’s transformative power to enhance learning experiences and drive efficiency and growth. Each of our AI initiatives has the appropriate strategies ||| experiences and drive efficiency and growth. Each of our AI initiatives has the appropriate strategies and infrastructure in place to ensure that AI is being embraced and utilised in a responsible way. By integrating AI thoughtfully across our products and services, we are positioning Pearson t",no,no,vague_general_ai_reference,DUPG-053,rejected,,
PSON-REJ-077,Pearson plc,PSON,Pearson plc Annual Report and Accounts 2024,PSON_company_annual_report_previous_fy2024_2025.pdf,,annual_report_previous,company_primary,p.9,AI,B,7,"Learning and Skills ServiceNow Pearson is collaborating with ServiceNow to supercharge workforce development and employee experiences in the age of AI. Pearson’s talent intelligence, credentialling and training solutions will allow ServiceNow to enhance learning for its teams and broader communi ||| al learning accreditation. This multi-year deal will reshape how ServiceNow employees and professional communities develop critical skills for the AI era, enhancing workforce productivity, agility and adaptability. Degreed Pearson’s partnership with Degreed empowers organisations to adapt their w ||| f learning pathways for a new level of market responsiveness. At Pearson, we help enterprises lead by enhancing workforce capability in the age of AI. Organisations need flexible and connected solutions that can effectively prepare tomorrow’s talent and foster resilience. Our enterprise solution ||| on Pearson as a trusted partner in enterprise upskilling. As the skills landscape continues to shift as a result of transformational trends such as AI and demographic change, we will continue to refine and expand our enterprise capabilities to meet the evolving demands of businesses across multi ||| 25, Pearson and Microsoft announced a strategic partnership to address one of the most pressing global challenges: preparing the workforce for the AI-driven economy. This collaboration focuses on equipping employers, workers and learners with innovative AI-powered products and services designed ||| loping new ones. They include powering Pearson content, assessment, upskilling and certification services with Microsoft Azure Cloud Computing and AI infrastructure, rolling out new AI credentials and certifications, and collaborating on AI-enabled tools to help people develop skills and identif ||| ills development globally. Amazon Web Services (AWS) In February 2025, Pearson and AWS announced a global partnership to accelerate the delivery of AI-powered learning for millions of people around the world. As a strategic cloud provider to Pearson, AWS provides infrastructure and AI capabilitie",no,no,vague_general_ai_reference,DUPG-054,rejected,,
PSON-REJ-078,Pearson plc,PSON,Pearson plc Annual Report and Accounts 2024,PSON_company_annual_report_previous_fy2024_2025.pdf,,annual_report_previous,company_primary,p.10,AI,B,2,"Abbosh, Pearson’s new Chief Executive. We have witnessed huge and unprecedented change in our external environment such as the rapid development of AI and the need for upskilling employees, as well as significant progress within Pearson. Our company’s purpose of helping people realise the life th ||| tions, to sharpen its focus on the enterprise market and to increase the intensity with which it infuses products and services with a wide range of AI capabilities. I am pleased to say that by focusing on these priorities, Pearson has generated strong operational and financial outcomes across its",no,no,vague_general_ai_reference,DUPG-055,rejected,,
PSON-REJ-079,Pearson plc,PSON,Pearson plc Annual Report and Accounts 2024,PSON_company_annual_report_previous_fy2024_2025.pdf,,annual_report_previous,company_primary,p.11,AI,B,2,", and I believe its best years lie ahead. Omid Kordestani Chair In a world that is being shaped by powerful demographic shifts and rapid advances in AI, the review has reinforced the Board’s conviction in Pearson’s vital role as a trusted provider of learning and assessment services and the relevan ||| of learning and assessment services and the relevance of our intellectual property. As a digital-first business, Pearson is accelerating its use of AI across the company and using it as a growth driver to improve efficiencies and to enhance learning and assessment services. The review has also inf",no,no,vague_general_ai_reference,DUPG-056,rejected,,
PSON-REJ-080,Pearson plc,PSON,Pearson plc Annual Report and Accounts 2024,PSON_company_annual_report_previous_fy2024_2025.pdf,,annual_report_previous,company_primary,p.12,AI,B,1,"rson Test of English continues to gain market share, despite challenging market dynamics. Additionally, ELL continues to be a leader in the use of AI across its products. In 2024, we piloted Smart Lesson Generator, to help educators create customised lesson content. And, we launched our first AI-",no,no,vague_general_ai_reference,,rejected,,
PSON-REJ-081,Pearson plc,PSON,Pearson plc Annual Report and Accounts 2024,PSON_company_annual_report_previous_fy2024_2025.pdf,,annual_report_previous,company_primary,p.13,AI,B,12,"rowth this year. This is an important milestone, as the business continues to drive improved execution in sales, while enhancing and expanding the AI tools integrated into our courseware. • Within Enterprise Learning and Skills, we have signed strategic partnerships with ServiceNow, Degreed, Micr ||| to expanded college and career readiness offerings, including through credentials via Credly. • Across the business, we have implemented and built AI powered tools supporting our efforts in customer service and content generation. We are now putting those into the hands of our people, with the g ||| usiness and the environment in which we operate, I’ve been telling you about two seismic trends shaping learning and work: the breathtaking pace of AI change and massive demographic shifts. These are creating a global skills gap that, without intervention, risks becoming a global skills chasm. Pea ||| and validation of skills. As part of this, ServiceNow will collaborate with Pearson on research and insights, while Pearson will use ServiceNow’s AI powered Now Platform to boost employee productivity, efficiency and talent retention. Our renewed partnership with Microsoft extends the commercial ||| ip with Microsoft extends the commercial relationship with Pearson VUE, drives incremental growth and provides an opportunity for us to enhance our AI and technology capabilities across the business. Importantly, it also addresses one of the key challenges facing organisations today: skilling in ||| logy capabilities across the business. Importantly, it also addresses one of the key challenges facing organisations today: skilling in the age of AI. Together, we will launch a series of strategic, go-to-market collaborations aimed at helping people build AI proficiency. This way we drive joint ||| sion of the company’s long- standing strategic partnership with AWS, which will enhance the learner experience of Pearson products through cloud and AI tools. This partnership allows Pearson to further scale its learning experience products, reaching more learners globally, with more personalised ||| the roster of capabilities with some of the world’s leading players. At the start of 2024, we set out to increase the intensity by which we infuse AI into our products and services. There are some wonderful examples across the business of how we’re integrating AI into our offerings to enhance and ||| nto our offerings to enhance and personalise experiences for learners and educators. In Higher Education we have continued to evolve and expand the AI tools embedded into our courseware since launching them in September 2023. We have received very encouraging feedback from students, and early resu ||| In addition, new tools for higher education faculty are helping them automate time-consuming tasks such as lesson planning. We’ve also applied our AI technology in our Connections Academy schools, where we have embedded AI study tools into our content, providing step-by-step guidance to help hig ||| p-by-step guidance to help high school students through tough material. I’m particularly encouraged to see the growing commercial momentum of these AI enhanced offerings alongside the strategic enterprise partnerships that we have established. As we look ahead, our priorities for 2025 won’t stray ||| what we already have set out to do. We will deliver on market expectations, continue to lead on the application of innovative technologies such as AI, and grow our business across the enterprise customer segment. I am excited about what the future holds and I believe that Pearson – fuelled by our",no,no,vague_general_ai_reference,DUPG-057,rejected,,
PSON-REJ-082,Pearson plc,PSON,Pearson plc Annual Report and Accounts 2024,PSON_company_annual_report_previous_fy2024_2025.pdf,,annual_report_previous,company_primary,p.14,AI,B,3,"nal performance through areas ranging from sales, to sales operations, go-to-market execution and process optimisation, all leveraging the power of AI. In addition to this focus, we will unlock additional value through execution- based synergies across all our business units, specifically from bundl ||| trategic partnerships. Finally, we will drive incremental growth by building on two critical growth vectors: demographic shifts and the expansion of AI, which we’ll capture through additional solutions for Early Careers and Enterprise Skilling. In Early Careers, we see a strong need for new approac ||| er time. Second, we will maintain a deep focus on product innovation and aggressive deployment of modern technology, built upon our robust data and AI capabilities. Finally, we will lean on the excellence of our people and increase our execution orientation through a performance- based culture that",no,no,vague_general_ai_reference,DUPG-058,rejected,,
PSON-REJ-083,Pearson plc,PSON,Pearson plc Annual Report and Accounts 2024,PSON_company_annual_report_previous_fy2024_2025.pdf,,annual_report_previous,company_primary,p.16,AI,B,3,"iver Progress in FY24 Plans for FY25 What Core Assessments & Verification We built on our strengths in Assessments & Verification by enhancing our AI tools and capabilities, exploring opportunities for geographic and vertical sector expansion, driving cross-selling and assembling dedicated produc ||| space. We will expand our focus in enterprise by taking modular, commercial bundles to market, helping companies accelerate skilling in the era of AI. Solutions will integrate into existing talent lifecycles and tech stacks, addressing core challenges for business executives and HR teams. We will ||| architecture. Our adaptive product roadmap review cycle will drive courseware evolution and an optimised product mix while we continue to implement AI and data-driven solutions for content generation, enablement and customer support. Strategic Partnering We are distinguishing between transactional",no,no,vague_general_ai_reference,DUPG-059,rejected,,
PSON-REJ-084,Pearson plc,PSON,Pearson plc Annual Report and Accounts 2024,PSON_company_annual_report_previous_fy2024_2025.pdf,,annual_report_previous,company_primary,p.17,AI,B,1,"ents, educational institutions and enterprises. These efforts enabled us to support key stakeholders as they navigate the transformative impact of AI and demographic shifts on the future workforce. We are advancing our commitment to future workforce readiness, launching new learning solutions tha",no,no,vague_general_ai_reference,,rejected,,
PSON-REJ-085,Pearson plc,PSON,Pearson plc Annual Report and Accounts 2024,PSON_company_annual_report_previous_fy2024_2025.pdf,,annual_report_previous,company_primary,p.18,AI;generative AI,A;B,2,"rning outcomes. Through ongoing innovation and Research and Development (R&D), we develop and incorporate the most advanced technologies, including generative AI, into our products and services. Artificial Intelligence We are integrating AI-driven tools across the company to enhance learning outcomes, personal ||| are integrating AI-driven tools across the company to enhance learning outcomes, personalise educational experiences and streamline operations. Our AI tools cater to both students and educators, enabling effective, impactful learning to take place at every stage of the educational journey. We will",no,no,vague_general_ai_reference,DUPG-060,rejected,,
PSON-REJ-086,Pearson plc,PSON,Pearson plc Annual Report and Accounts 2024,PSON_company_annual_report_previous_fy2024_2025.pdf,,annual_report_previous,company_primary,p.20,AI;generative AI,A;B,4,"ctors in the set-up and use of our products. We conducted two surveys with faculty in 2024, measuring and tracking educator sentiment on the use of generative AI in learning and other topics. The business unit delivered nearly one hundred professional development webinars, including some dedicated exclusive ||| arning and other topics. The business unit delivered nearly one hundred professional development webinars, including some dedicated exclusively to AI, that were attended by thousands of college and university instructors. We’re engaging with learners and educators to inform how we evolve our AI ||| ning experience. Tom ap Simon President – Higher Education and Virtual Learning In our English Language Learning business unit, we are shaping our AI-powered Smart Lesson Generator tool with input and feedback from educators as part of its development. This tool is designed to help create customi ||| exploring learnings that support the needs of students. In our Higher Education business, our faculty engagement provides ongoing feedback on new AI product features and helps us understand how to best tailor those features to the needs of faculty and students, helping to enhance their learni",no,no,vague_general_ai_reference,DUPG-061,rejected,,
PSON-REJ-087,Pearson plc,PSON,Pearson plc Annual Report and Accounts 2024,PSON_company_annual_report_previous_fy2024_2025.pdf,,annual_report_previous,company_primary,p.21,AI,B,3,"loyers Why and how we engage Employers are a key stakeholder for Pearson, with their views becoming increasingly important as demographic shifts and AI drive demand for new skills and new pools of talent. As a result of these dynamic shifts, we have identified Enterprise as a medium- term growth ve ||| ace. We also provide useful insights that help employers understand the evolving labour market and shifting skills demands linked to the impact of AI. Our Enterprise Learning and Skills business unit helps workers gain the skills they need to boost their employability and open new career opportun ||| se customers is helping us refine our offering and go-to-market approach. For example, we have signed a global multi-year deal with ServiceNow, the AI platform for business transformation, through which we aim to supercharge workforce development and employee experiences in the age of AI. Busine",no,no,vague_general_ai_reference,DUPG-062,rejected,,
PSON-REJ-088,Pearson plc,PSON,Pearson plc Annual Report and Accounts 2024,PSON_company_annual_report_previous_fy2024_2025.pdf,,annual_report_previous,company_primary,p.22,AI;generative AI,A;B,5,"and create our products, along with go-to-market strategies and ongoing implementation. Consumer feedback has been critical in the roll-out of our generative AI tools in our Higher Education Courseware, and we take it into consideration throughout all stages of the product innovation process, including desi ||| o gain unique insights. This kind of engagement has been used inside Pearson+ and in Mastering to gauge user opinions on the effectiveness of our generative AI study tools. Our Product teams also engage indirectly with consumers by analysing layers of student usage data and testing enhancements. Our Conne ||| d expansion into new titles and continued iteration and feature enhancement. In autumn 2024, feedback was positive, with 75% of students using the AI study tools ranking them as ‘helpful’ or ‘very helpful’ in achieving their academic goals. Early results also suggest that students who use the stu ||| their academic goals. Early results also suggest that students who use the study tools are four times as likely to also be regularly employing non-AI study methods in the eText, meaning they are engaging more holistically. Our product managers act on other user feedback to improve AI experiences ||| tter understand how they use our products, perceive our company and feel about the trends driving learning in an era where digital consumption and AI are shaping the landscape. We research and engage with consumers holistically by studying how they use our products, how they think and the culture",no,no,vague_general_ai_reference,DUPG-063,rejected,,
PSON-REJ-089,Pearson plc,PSON,Pearson plc Annual Report and Accounts 2024,PSON_company_annual_report_previous_fy2024_2025.pdf,,annual_report_previous,company_primary,p.23,AI,B,1,"vide people with the requisite high- quality education and training that meets the needs of a rapidly evolving workforce. Increasingly, the rise of AI use – particularly in the labour market – challenges governments to devise sound policies that take advantage of opportunities this technology brin",no,no,vague_general_ai_reference,,rejected,,
PSON-REJ-090,Pearson plc,PSON,Pearson plc Annual Report and Accounts 2024,PSON_company_annual_report_previous_fy2024_2025.pdf,,annual_report_previous,company_primary,p.29,AI,B,1,"2025 to be higher than in 2024 as we build on the successful results of our sales team transformation and product innovations, particularly using AI. • In English Language Learning we expect that sales growth will moderate given the likely impacts of elections on immigration rates in 2025 affect",no,no,vague_general_ai_reference,,rejected,,
PSON-REJ-091,Pearson plc,PSON,Pearson plc Annual Report and Accounts 2024,PSON_company_annual_report_previous_fy2024_2025.pdf,,annual_report_previous,company_primary,p.35,AI,B,3,"Learning for Impact Sustainability Why sustainability matters for Pearson Significant demographic shifts and rapid advances in AI are increasingly important growth drivers for education and work. There is a growing demand and pressing need for high-quality learning that is av ||| s. • Continuing to use our learning and credentialling platforms to develop the skills individuals in our communities need to thrive, including on AI. • 5.3% reduction in greenhouse gas (GHG) emissions (since 2023, location-based), moving us even closer to our short-term decarbonisation goals an ||| at align with our brand and purpose and further benefit learners. • Enhancing our long-term environmental strategy to reflect our increased use of AI and evolving our technology platforms to continue to run on renewable energy. Annual report and accounts 2024 Pearson plc 33 Strategic report Govern",no,no,vague_general_ai_reference,DUPG-065,rejected,,
PSON-REJ-092,Pearson plc,PSON,Pearson plc Annual Report and Accounts 2024,PSON_company_annual_report_previous_fy2024_2025.pdf,,annual_report_previous,company_primary,p.36,AI,B,2,"tors and employers around the world to build the skills needed for tomorrow’s workforce. For example, over one million professionals have completed AI-related learning on Credly. See page 35. SDG 10 — Reduced inequalities. We strive to develop inclusive products that support every learner’s needs. ||| We strive to develop inclusive products that support every learner’s needs. Our collaboration with Saint Louis University to develop Inclusio — an AI-powered solution for the visually impaired — is making science, technology, engineering and mathematics more accessible to blind learners. See page",no,no,vague_general_ai_reference,DUPG-066,rejected,,
PSON-REJ-093,Pearson plc,PSON,Pearson plc Annual Report and Accounts 2024,PSON_company_annual_report_previous_fy2024_2025.pdf,,annual_report_previous,company_primary,p.37,AI,B,2,"force changes and supporting businesses to build skills for future success. Our Skills Outlook series explores future skills needs, as well as how AI can increase individual productivity. A dedicated Skills Map of the US explores automation, AI and demographic shifts to help businesses and policy ||| of the US explores automation, AI and demographic shifts to help businesses and policymakers prepare for the future. As more businesses integrate AI into their operations, employees will need to upskill. In 2024, Credly issued its one millionth badge for AI-related learning. We also offer Certi",no,no,ordinary_automation,DUPG-067,rejected,,
PSON-REJ-094,Pearson plc,PSON,Pearson plc Annual Report and Accounts 2024,PSON_company_annual_report_previous_fy2024_2025.pdf,,annual_report_previous,company_primary,p.37,AI,B,8,"Driving learning for everyone with our products The development and adoption of AI and digital technologies rapidly increased in 2024. If applied responsibly, these new technologies can transform access to learning and acquisition ||| rogress for individuals, businesses, and wider society. As discussed throughout this report, and summarised on pages 6 and 7, we continue to infuse AI into more products, guided by learning science and our Learning Design Principles, and we are committed to incorporating technology responsibly to ||| ciples, and we are committed to incorporating technology responsibly to enhance learning outcomes. Pearson is spearheading research into the use of AI in education, sharing our findings and insights on an ongoing basis. Our early studies published in 2024 have revealed that AI study tools may enc ||| y tools may encourage more effective study habits, such as note-taking and self-testing. The research also indicated that students using Pearson’s AI tools engage in more sessions with their eTextbooks than those not using the technology. We presented this research to more than 5,000 registrants ||| this research to more than 5,000 registrants at the ED.tech Symposium in October 2024, as part of Pearson’s ongoing efforts to upskill teachers on AI in education. In September 2024, our English Language Learning business ran a webinar series on AI in language teaching. As members of the TeachAI ||| chAI Advisory Committee, we contribute to developing policy resources that help education leaders to mitigate the risks and realise the benefits of AI. We have also started collaborating with TeachAI on a new AI literacy framework. Case study: Building the skills of tomorrow We are committed to hel ||| ir operations, employees will need to upskill. In 2024, Credly issued its one millionth badge for AI-related learning. We also offer Certiport Gen AI certification and an Extended Project Qualification for young people on AI. Our partnership with Degreed helps businesses identify AI skills gaps a ||| es identify AI skills gaps and prioritise training needs. Our strategic collaboration with Microsoft will expand learning opportunities, accelerate AI proficiency in the workforce and enable organisations to realise the full value of AI. English is a critical skill for the global workforce, but i",no,no,vague_general_ai_reference,DUPG-068,rejected,,
PSON-REJ-095,Pearson plc,PSON,Pearson plc Annual Report and Accounts 2024,PSON_company_annual_report_previous_fy2024_2025.pdf,,annual_report_previous,company_primary,p.38,AI,B,3,"Sustainability continued At a national level, policymakers are looking to regulate AI to ensure it is deployed responsibly and ethically. We welcome these initiatives and remain committed to working with policymakers and using our e ||| develop content that is ethical, accurate and adheres to legal requirements. From 2024, the policy includes guidelines for authoring content using AI, including the appropriate tools to use and the processes for reviewing content. We recognise that with increased digitalisation comes a growing di ||| blind learners. In 2024, we delivered 400,000 pages of tests and examinations. We partnered with Saint Louis University to develop Inclusio, using AI to improve product design and deliver Pearson’s content to blind learners so they can study science, technology, engineering and mathematics. We ar",no,no,vague_general_ai_reference,DUPG-069,rejected,,
PSON-REJ-096,Pearson plc,PSON,Pearson plc Annual Report and Accounts 2024,PSON_company_annual_report_previous_fy2024_2025.pdf,,annual_report_previous,company_primary,p.39,AI,B,2,"“We’ve built robust compliance processes that enable the business to use AI responsibly and still move at speed.” Cinthia Nespoli General Counsel and Executive Leader for Sustainability Case study: Empowering the next g ||| ur risk management approach. It will help us demonstrate the protections built into our services and afforded to our learners. Training on Pearson’s AI, data privacy and cyber security principles is mandatory for all employees. From 2025, we plan to introduce regular short modules, keeping employee",no,no,vague_general_ai_reference,DUPG-070,rejected,,
PSON-REJ-097,Pearson plc,PSON,Pearson plc Annual Report and Accounts 2024,PSON_company_annual_report_previous_fy2024_2025.pdf,,annual_report_previous,company_primary,p.40,AI,B,1,"ills needed to contribute to Pearson’s expanding digital learning solutions. This year, our upskilling initiatives have ranged from developing AI-related capabilities to enhancing leadership techniques at management level. Ali Bebo Chief Human Resources Officer Annual report and accou",no,no,vague_general_ai_reference,,rejected,,
PSON-REJ-098,Pearson plc,PSON,Pearson plc Annual Report and Accounts 2024,PSON_company_annual_report_previous_fy2024_2025.pdf,,annual_report_previous,company_primary,p.41,generative AI,A,1,". There were over 12,000 attendees at our 2024 Technology Summit across 74 sessions led by external experts and Pearson leaders. We rolled out our Generative AI channel, which enables a broader proportion of our workforce to understand how to use AI in their work to create impactful learning solutions. Sinc",no,no,vague_general_ai_reference,,rejected,,
PSON-REJ-099,Pearson plc,PSON,Pearson plc Annual Report and Accounts 2024,PSON_company_annual_report_previous_fy2024_2025.pdf,,annual_report_previous,company_primary,p.43,AI,B,1,"capabilities, Pearson will continue to shift away from physical products and services, continuing a path of decarbonisation. With increased use of AI and other advanced technologies in education, renewable and alternative sources of energy will play an important role in our industry and criticall",no,no,vague_general_ai_reference,,rejected,,
PSON-REJ-100,Pearson plc,PSON,Pearson plc Annual Report and Accounts 2024,PSON_company_annual_report_previous_fy2024_2025.pdf,,annual_report_previous,company_primary,p.45,AI,B,1,"s of Trade detail our requirements for print suppliers. In 2024, we updated our trade terms for print suppliers to strengthen provisions on piracy, AI tools, carbon maturity, third-party sustainability audits and data protection. We maintain strong due diligence procedures in our direct supply ch",no,no,audit_analytics,,rejected,,
PSON-REJ-101,Pearson plc,PSON,Pearson plc Annual Report and Accounts 2024,PSON_company_annual_report_previous_fy2024_2025.pdf,,annual_report_previous,company_primary,p.49,AI,B,1,"ch also contributes to reducing our risk exposure to physical and transitional risks. We expect these trends to continue. With the increased use of AI and other advanced technologies in education, renewable and alternative energy solutions will play an important role in our industry, and, more imp",no,no,vague_general_ai_reference,,rejected,,
PSON-REJ-102,Pearson plc,PSON,Pearson plc Annual Report and Accounts 2024,PSON_company_annual_report_previous_fy2024_2025.pdf,,annual_report_previous,company_primary,p.60,AI,B,1,"of high-stakes tests, organisational capability, competitive dynamics, learner preferences and delivery methods, including the growing adoption of AI tools and the reputation of companies operating in the market. We seek to maximise the opportunities arising from these changing market conditions,",no,no,vague_general_ai_reference,DUPG-074,rejected,,
PSON-REJ-103,Pearson plc,PSON,Pearson plc Annual Report and Accounts 2024,PSON_company_annual_report_previous_fy2024_2025.pdf,,annual_report_previous,company_primary,p.62,AI,B,8,"Risk continued Artificial Intelligence (AI), content and channel risks Description The risk that our intellectual property is harder to protect as a result of increased content generation thr ||| ntent and channel risks Description The risk that our intellectual property is harder to protect as a result of increased content generation through AI, and that our content and method of delivery (channel) is, or is perceived to be, insufficiently differentiated in terms of outcomes or learner exp ||| k The risk remains at a moderate-high level. Significant progress has been made in our use of large language models. We have successfully integrated AI tools into courses, and have continued to develop AI tools across all business units, seeing evidence of it driving commercial success. In 2024, we ||| cer and Chief Marketing Officer, to strengthen our technology and innovation leadership. We have taken a proactive approach in leveraging advanced AI technology positions, with our ongoing developments likely to sustain this momentum. Management actions 1. Establishing a centralised data and AI ||| efficiencies and helping us reach the market more quickly, as well as enabling us to align to individual learning needs: for example, creating an AI tutor in Pearson+ Channels and Connections Academy. 3. Driving innovation: infusing AI into our English Language Learning business unit with the de ||| ons Academy. 3. Driving innovation: infusing AI into our English Language Learning business unit with the development of Smart Lesson Generator, an AI-powered tool designed to simplify educators’ work by creating customised lesson content and activities, leveraging our trusted IP. 4. Reducing pir ||| ion focused on opportunities in the higher growth segments of the markets which we serve and a deep focus on product innovation. Link to strategy AI has been identified as a key seismic trend providing growth opportunity. Risk tolerance Medium – this is a strategic risk, and we should be rewarde ||| ity risks and on meeting customer expectations. Risk velocity Significant short-term impacts are less likely due to our 2024 product strategy using AI as a growth driver and scaling AI across our products and services. Due to longer-term contracts or the time required for educators or consumers to",no,no,vague_general_ai_reference,DUPG-071,rejected,,
PSON-REJ-104,Pearson plc,PSON,Pearson plc Annual Report and Accounts 2024,PSON_company_annual_report_previous_fy2024_2025.pdf,,annual_report_previous,company_primary,p.63,AI,B,1,ystems. 3. Migration of servers for platform products to the cloud to enhance resilience. 4. Dedicated resources to focus on testing and developing AI products and to understand evolving market capabilities. 5. Business continuity planning to ensure that we are able to respond should a key custome,no,no,vague_general_ai_reference,,rejected,,
PSON-REJ-105,Pearson plc,PSON,Pearson plc Annual Report and Accounts 2024,PSON_company_annual_report_previous_fy2024_2025.pdf,,annual_report_previous,company_primary,p.64,AI;generative AI,A;B,2,"and assessment by customers, open educational resources, a shift from in-person to virtual learning or vice versa, or innovations in areas such as generative AI). Movement and outlook The risk has increased to high from moderate-high driven by tighter migration policies in key markets affecting the market s ||| ng-term contracts in place. 2. Progressing in Enterprise: signed a new multi-year enterprise deal with ServiceNow, a multi-year strategic Enterprise AI partnership with Microsoft and the expansion of the company's long-standing strategic partnership with AWS. Leadership and sales team changes are p",no,no,vague_general_ai_reference,DUPG-072,rejected,,
PSON-REJ-106,Pearson plc,PSON,Pearson plc Annual Report and Accounts 2024,PSON_company_annual_report_previous_fy2024_2025.pdf,,annual_report_previous,company_primary,p.67,artificial intelligence,B,1,"Risks Accountability Change since 2023 Accreditation risk Political and regulatory General Counsel and Business Unit Presidents No Artificial Intelligence, Content and Channel risk Effective method of delivery (podcast, video, test, in-person, online) Chief Product Officer and Business Unit Presidents",no,no,vague_general_ai_reference,DUPG-075,rejected,,
PSON-REJ-107,Pearson plc,PSON,Pearson plc Annual Report and Accounts 2024,PSON_company_annual_report_previous_fy2024_2025.pdf,,annual_report_previous,company_primary,p.69,AI,B,1,"neral competitive environment • Enrolment growth declines in Virtual Learning • Long term competitive pressure on US Student Assessment contracts AI, Content and Channel • Loss of sales due to AI related risks and poor choice of content and/or channel Customer Expectations • Additional costs to p",no,no,vague_general_ai_reference,,rejected,,
PSON-REJ-108,Pearson plc,PSON,Pearson and Microsoft Announce Multi-Year Partnership to Transform the Future of Learning and Work with AI,PSON_company_press_release_n-a.html,,press_release,company_primary,not_applicable,AI;Copilot;generative AI,A;B,22,"LinkedIn also found that 66% of leaders say they wouldn’t hire someone without AI skills. Pearson’s Skills Outlook: Reclaim the Clock research shows generative AI can help U.S. workers save 78 million hours a week on the routine and repetitive tasks that often fill their day and can lead to burnout. Rethinking ||| earners, workers, and employers Pearson to further benefit from Microsoft Azure Cloud capabilities and AI tools, including rolling out Microsoft 365 Copilot across its workforce Microsoft to further benefit from Pearson assessment and learning services LONDON, January 14, 2025 –Microsoft Corp. (NASDAQ: ||| entials to scores of additional learners and workers around the globe. Powering the Pearson Workforce: After having piloted and tested Microsoft 365 Copilot, Pearson will expand its use by deploying it to its global workforce. This is part of an ongoing effort to introduce workplace AI tools that enhance ||| on Skills Outlook: Skills Map - England Pearson Skills Outlook: Skills Map - United States Pearson Skills Outlook: What Is The Likely Impact Of Gen AI On You or your workforce? Pearson Skills Outlook: Reclaim the Clock Pearson Skills Outlook: Solving the Tech Talent Gap from Within Careers Open ||| Breadcrumbs Home News and Insights News Pearson and Microsoft Announce Multi-Year Partnership to Transform the Future of Learning and Work with AI Pearson and Microsoft Announce Multi-Year Partnership to Transform the Future of Learning and Work with AI 14 Jan 2025 published at 16:00 PM GMT B ||| o Transform the Future of Learning and Work with AI 14 Jan 2025 published at 16:00 PM GMT Both companies are committing to transforming and scaling AI skilling and learning for learners, workers, and employers Pearson to further benefit from Microsoft Azure Cloud capabilities and AI tools, includin ||| ompany, announced a strategic collaboration today to help to address one of the top challenges facing organizations globally: skilling for the era of AI. The partnership will focus on providing employers, workers and learners with new AI-powered products and services to help prepare the current and fu ||| s and learners with new AI-powered products and services to help prepare the current and future workforce across industries for the era of work in an AI driven economy. By combining Pearson’s expertise in learning and assessment with Microsoft’s cloud and AI technologies, this partnership will play a ||| essment with Microsoft’s cloud and AI technologies, this partnership will play a foundational role in helping organizations realize the full value of AI through reskilling. A global IDC survey found that a lack of skilled workers is the biggest challenge for enterprises implementing AI technology wit ||| Pearson will power its trusted and world-renowned content, assessment, upskilling and certification services with Microsoft Azure Cloud Computing and AI infrastructure. This partnership will help Pearson further scale AI and technology capabilities across the business, expanding personalized learning ||| rastructure. This partnership will help Pearson further scale AI and technology capabilities across the business, expanding personalized learning and AI-enabled services to millions of learners, at different stages in their learning journey, across the globe. Innovative Collaboration and Go to Market ||| . Innovative Collaboration and Go to Market Opportunities: Pearson and Microsoft will launch a strategic collaboration aimed at helping people build AI proficiency and technical skills through new AI credentials and certifications. Additionally, Pearson and Microsoft will collaborate on a series of c ||| hnical skills through new AI credentials and certifications. Additionally, Pearson and Microsoft will collaborate on a series of copilots, agents and AI tools targeted at helping people develop skills-such as English language learning-and identify skills gaps seamlessly while they work. These collabor ||| uce workplace AI tools that enhance efficiency, creativity, productivity and drive better operational performance. Pearson’s CEO Omar Abbosh, said, “AI is driving a true revolution in education and work, and we must reinvent the way people learn to meet this crucial moment. Partnering with Microsoft ||| he way people learn to meet this crucial moment. Partnering with Microsoft means we can reach more learners than ever before. By blending Microsoft’s AI leadership and Pearson’s trusted enterprise skilling and learning services, we can bring enterprise learners precisely what they need to forge ahead ||| areers and help them to realize the life they imagine. This new chapter with Microsoft is yet another way we are building on our commitment to expand AI in our products and sharpen our focus on the enterprise market. Importantly, it reflects the opportunity ahead for Pearson and the people we serve.” ||| and the people we serve.” Judson Althoff, executive vice president and chief commercial officer at Microsoft, said, “The speed and scale of today’s AI innovation present an opportunity for organizations across industries to accelerate AI Transformation. As AI investments increase, the demand for tra ||| s never been greater. We are thrilled to partner with Pearson to help global enterprises develop learning experiences that empower employees with the AI skills needed to help advance their careers and achieve more.” The partnership extends both Microsoft’s and Pearson’s own efforts to provide AI skil ||| with the essential skills needed to work with gen AI technologies. Additionally, organizations around the world use Pearson VUE, along with Pearson’s AI driven Faethm capability, and Credly badging to diagnose, assess and certify skills. To learn more about Microsoft’s AI skilling resources, visit the ||| driven Faethm capability, and Credly badging to diagnose, assess and certify skills. To learn more about Microsoft’s AI skilling resources, visit the AI Skills Navigator page. About Pearson At Pearson (FTSE: PSON.L), our purpose is simple: to help people realize the life they imagine through learnin ||| hat we do. It's who we are. Visit us at pearsonplc.com. About Microsoft Microsoft (Nasdaq “MSFT” @microsoft) creates platforms and tools powered by AI to deliver innovative solutions that meet the evolving needs of our customers. The technology company is committed to making AI available broadly and ||| 777 [email protected] Sami Miller Pearson Media Relations [email protected] iIDC InfoBrief: sponsored by Microsoft, 2024 Business Opportunity of AI, IDC# US52699124, November 2024 Learn more Careers Careers Copyright © 1996–2026 Pearson All rights reserved. Sign up for alerts Sign up for",no,no,vague_general_ai_reference,DUPG-073,rejected,,
