staging_id,company,ticker,candidate_title,local_filename,source_id,document_category,evidence_origin,page_or_section,matched_keywords,screening_stages,supporting_passage_count,supporting_context,possible_extraction_artifact,possible_webpage_boilerplate,provisional_rejection_category,duplicate_group_id,suggested_destination,reviewer_decision,reviewer_notes
REL-REJ-001,RELX,REL,How RELX is adopting generative AI,REL_company_strategy_or_technology_webpage_how-relx-is-adopting-generative-ai_2026-03.html,,strategy_or_technology_webpage,company_primary,not_applicable,generative AI,A,1,"ML DOCUMENT ===== Source file: REL_company_strategy_or_technology_webpage_how-relx-is-adopting-generative-ai_2026-03.html Title: How RELX is adopting generative AI Skip to main content LinkedInTwitterFacebook How RELX is adopting generative AI March 2026 At RELX, AI isn’t new to us. We’ve been embracing art",no,yes,webpage_boilerplate,,rejected,,
REL-REJ-002,RELX,REL,RELX 2025 Annual Report,REL_company_annual_report_current_fy2025.pdf,,annual_report_current,company_primary,p.9,AI;generative AI;machine learning,A;B,5,"cross RELX § Public records § Contributory § Digital identities § Machine generated § Licensed § Proprietary Data Sources ADDING VALUE WITH GENERATIVE AI More than 12,000 technologists, over half of whom are software engineers, work at RELX. Annually, the company spends $2bn on technology. The combina ||| d and structured content Big data platforms Analysis applications Customer single point of execution For the past few years, we have been deploying generative AI, particularly in our Legal and STM segments. RELX Generative AI solutions are built upon multiple fine-tuned Large Language Models leveraging high-q ||| elivery method § Public records § Contributory § Digital identities § Machine generated § Licensed § Proprietary ADDING VALUE WITH EXTRACTIVE AI The company has more than 15 years’ experience with big data and extractive, machine to machine, artificial intelligence (AI), particularly in our R ||| to cluster, link and learn from the data § High speed data ingestion, recall, and processing § Rapid development cycles § Platforms to facilitate AI/ML § Proprietary algorithms § Predictive modelling § Machine learning and artificial intelligence § Modular product suites § Flexible deliver ||| 207bn legal and news documents and records § Grid computing with low-cost servers § Linking algorithms that generate high precision and recall § Machine learning algorithms to cluster, link and learn from the data § High speed data ingestion, recall, and processing § Rapid development cycles § Platforms to",no,no,vague_general_ai_reference,DUPG-001,rejected,,
REL-REJ-003,RELX,REL,RELX 2025 Annual Report,REL_company_annual_report_current_fy2025.pdf,,annual_report_current,company_primary,p.12,AI,B,2,"afficking and abusive practices. The combination of our proprietary insights and advanced analytics powered by extractive Ar tificial Intelligence (AI) delivers actionable intelligence to customers to help improve decisions and operational efficiency. The cornerstone of our growth strategy is maxi ||| duction Intelligence Platforms in both finance and ecommerce. In Q1 2025, LexisNexis Risk Solutions closed the acquisition of IDVerse, a provider of AI-powered automated document authentication and fraud detection solutions. In Q3 2025, we launched an updated version that delivers an optimised user",no,no,vague_general_ai_reference,DUPG-002,rejected,,
REL-REJ-004,RELX,REL,RELX 2025 Annual Report,REL_company_annual_report_current_fy2025.pdf,,annual_report_current,company_primary,p.13,AI,B,6,"afficking and abusive practices. The combination of our proprietary insights and advanced analytics powered by extractive Ar tificial Intelligence (AI) delivers actionable intelligence to customers to help improve decisions and operational efficiency. The cornerstone of our growth strategy is maxi ||| duction Intelligence Platforms in both finance and ecommerce. In Q1 2025, LexisNexis Risk Solutions closed the acquisition of IDVerse, a provider of AI-powered automated document authentication and fraud detection solutions. In Q3 2025, we launched an updated version that delivers an optimised user ||| out the claim life cycle. Insurance solutions provide comprehensive interior and exterior data for home and commercial property insurers and offers AI-enabled insights to fast-track decision-making for new business or renewal under writing and claims processes. We continue to launch solutions for ||| overnment dispenses hundreds of billions of dollars in entitlements, stimulus, benefits and contracts to people and businesses. LexisNexis Accurint AI Insights is a new, first-to-market AI solution for public safety, designed specifically for law enforcement. This advanced tool automates crime tre ||| identification, providing agencies with rapid analysis and actionable intelligence. By enabling proactive responses to emerging threats, Accurint AI Insights streamlines investigative processes and enhances decision-making. The platform offers Fraud and Identity Management Portfolio Financial Cr ||| more easily identif y proper ties with risk or coverage opportunities and survey those priority properties using consumer-friendly, configurable AI-driven property assessment technology that delivers actionable insights into the underwriting workflow For more information visit relx.com Market",no,no,vague_general_ai_reference,DUPG-003,rejected,,
REL-REJ-005,RELX,REL,RELX 2025 Annual Report,REL_company_annual_report_current_fy2025.pdf,,annual_report_current,company_primary,p.14,AI,B,1,"evenue considerations, as well as the US administration’s priorities. immediate access to identity and authentication analytics, combining advanced AI with extensive data exper tise to support public safety agencies in protecting communities with data-driven insights. Market opportunities We opera",no,no,vague_general_ai_reference,,rejected,,
REL-REJ-006,RELX,REL,RELX 2025 Annual Report,REL_company_annual_report_current_fy2025.pdf,,annual_report_current,company_primary,p.15,AI;generative AI,A;B,5,"sights that help our customers make accurate and timely decisions and to improve our internal efficiencies by leveraging and adapting extractive AI/generative AI tools. Our successful deployment of AI and ML techniques both for our customers and for our internal needs is built on a strong foundation that is ||| evenue considerations, as well as the US administration’s priorities. immediate access to identity and authentication analytics, combining advanced AI with extensive data exper tise to support public safety agencies in protecting communities with data-driven insights. Market opportunities We opera ||| g to drive underlying revenue growth Underlying revenue growth of +8%. Strong growth continues to be driven across segments by our deeply embedded, AI-enabled analytics and decision tools. Underlying adjusted operating profit growth was +10%, leading to an increase in adjusted operating margin. I ||| ment organic innovation to continuously expand our analytical capabilities. LexisNexis Risk Solutions continues to develop sophisticated extractive AI and Machine Learning (ML) techniques to generate actionable insights that help our customers make accurate and timely decisions and to improve our ||| ing of customer and stakeholder needs, the breadth and depth of our data sets, and our exper tise and domain knowledge that helps us discern which AI/ML algorithm to use in a given context to solve business problems most effectively. Business model, distribution channels and competition We sell ou",no,no,vague_general_ai_reference,DUPG-004,rejected,,
REL-REJ-007,RELX,REL,RELX 2025 Annual Report,REL_company_annual_report_current_fy2025.pdf,,annual_report_current,company_primary,p.16,AI,B,1,"ults in the context of macro trends impacting the US insurance sector and economy. Utilising the proprietary LexisNexis Risk Solutions extractive AI and big data processing platform to pull in contributor y and transactional information, Insurance Market Insights closes the gap by delivering dat",no,no,vague_general_ai_reference,,rejected,,
REL-REJ-008,RELX,REL,RELX 2025 Annual Report,REL_company_annual_report_current_fy2025.pdf,,annual_report_current,company_primary,p.17,AI,B,4,"ults in the context of macro trends impacting the US insurance sector and economy. Utilising the proprietary LexisNexis Risk Solutions extractive AI and big data processing platform to pull in contributor y and transactional information, Insurance Market Insights closes the gap by delivering dat ||| ften sophisticated and fast moving pose the biggest threats. As Crypto.com’s platform grew, so did the volume and complexity of the attacks, from AI generated identities to social engineering tactics. While users expect a seamless experience, they also expect the platform to be secure. Crypto.c ||| to.com’s specific speed and volume requirements. The solution also delivers the responsiveness demanded by a dynamic threat environment defined by AI-enabled fraud, bots, scams and social engineering. ThreatMetrix offers the advantages of contributory, cross-industry digital identity, device and ||| engineering. ThreatMetrix offers the advantages of contributory, cross-industry digital identity, device and behavioural intelligence combined with AI-powered models and analytics which help Cr ypto.com automate decisions and avoid fraud upfront. By implementing LexisNexis ThreatMetrix, Crypto.com",no,no,vague_general_ai_reference,DUPG-005,rejected,,
REL-REJ-009,RELX,REL,RELX 2025 Annual Report,REL_company_annual_report_current_fy2025.pdf,,annual_report_current,company_primary,p.18,AI;generative AI,A;B,3,"institutions rely on, with interoperability driven by Application Programming Interface technologies (APIs). In early 2025, Elsevier launched a new generative AI tool on ScienceDirect, the world’s largest platform for peer-reviewed research used by more than 20m researchers each month. ScienceDirect AI help ||| tronic reference products help customers and users solve complex problems and make critical decisions, and we are enhancing these capabilities with AI across all our business areas. Solutions include LeapSpace, Scopus/ ScopusAI, ScienceDirect AI, SciVal, Interfolio, Engineering Village and Pure in ||| ions include LeapSpace, Scopus/ ScopusAI, ScienceDirect AI, SciVal, Interfolio, Engineering Village and Pure in Academic & Government; Reaxys/Reaxys AI Search, Embase AI, PharmaPendium AI and SciBite in Corporate; and ClinicalKey/ClinicalKey AI, HESI, Sherpath AI, Shadow Health, ClinicalPath, and",no,no,vague_general_ai_reference,DUPG-007,rejected,,
REL-REJ-010,RELX,REL,RELX 2025 Annual Report,REL_company_annual_report_current_fy2025.pdf,,annual_report_current,company_primary,p.19,AI,B,1,"lso ser ves students of medicine, nursing, and allied health professions. Sherpath, an adaptive teaching and learning solution which also offers an AI tool, provides personalised learning paths at over 800 institutions, supporting more than 500,000 course enrolments, while ClinicalKey Student is u",no,no,predictive_personalisation,,rejected,,
REL-REJ-011,RELX,REL,RELX 2025 Annual Report,REL_company_annual_report_current_fy2025.pdf,,annual_report_current,company_primary,p.19,AI;generative AI,A;B,11,"institutions rely on, with interoperability driven by Application Programming Interface technologies (APIs). In early 2025, Elsevier launched a new generative AI tool on ScienceDirect, the world’s largest platform for peer-reviewed research used by more than 20m researchers each month. ScienceDirect AI help ||| xplore over 123m chemistr y documents, as well as patents and peer-reviewed journal ar ticles using natural language discover y. New EmbaseAI, the generative AI-powered version of Embase, the leading biomedical database, allows users to pose queries in natural language and receive a summarised response with ||| r 2,500 clinical over views, over 7.3m images and over 128,000 medical videos in one integrated platform. ClinicalKey AI combines this content with generative AI technology. ClinicalPath Oncology presents evidence-based oncology pathways embedded in the clinical workflow, and the associated analytics, to he ||| relevant answers from comprehensive trusted content across specialities. ClinicalKey AI combines the latest and most trusted medical content with generative AI to help clinicians at the point of care. The tool integrates with electronic health records systems The world’s most advanced 3D anatomy platform, ||| tronic reference products help customers and users solve complex problems and make critical decisions, and we are enhancing these capabilities with AI across all our business areas. Solutions include LeapSpace, Scopus/ ScopusAI, ScienceDirect AI, SciVal, Interfolio, Engineering Village and Pure in ||| ions include LeapSpace, Scopus/ ScopusAI, ScienceDirect AI, SciVal, Interfolio, Engineering Village and Pure in Academic & Government; Reaxys/Reaxys AI Search, Embase AI, PharmaPendium AI and SciBite in Corporate; and ClinicalKey/ClinicalKey AI, HESI, Sherpath AI, Shadow Health, ClinicalPath, and ||| es connected, configurable solutions that combine comprehensive data with analytical and predictive tools. In 2025, new innovations included Reaxys AI Search, which enables chemists and R&D teams to explore over 123m chemistr y documents, as well as patents and peer-reviewed journal ar ticles usi ||| ase, allows users to pose queries in natural language and receive a summarised response with inline citations to ensure transparency. PharmaPendium AI, an AI-powered upgrade to our PharmaPendium solution, empowers regulatory affairs specialists, drug development professionals, and clinical resear ||| g peer review, with the global scientific community accessing articles over 2.9bn times across its journal platforms. LeapSpace, a next-generation AI workspace built on the world’s most comprehensive collection of scientific content to help researchers uncover deeper insights, accelerate innovat ||| emic journals from 7,000 publishers to help track and enhance researcher and institutional data and discover global research in all fields. Scopus AI helps researchers get deeper research insights faster, navigate and understand different disciplines more easily and support interdisciplinary col ||| interact with Anatomy The world's largest chemical database, Reax ys combines over a billion chemistr y data points from journals and patents with AI to suppor t innovation in drug discover y, chemical R&D and academia. Chemists can quickly access relevant patent, substance and bioactivity insig",no,no,vague_general_ai_reference,DUPG-009,rejected,,
REL-REJ-012,RELX,REL,RELX 2025 Annual Report,REL_company_annual_report_current_fy2025.pdf,,annual_report_current,company_primary,p.20,AI;large language model,A;B,3,"pt AI for specific domains, such as research, life sciences, clinical care, health education, through hybrid search, knowledge graphs, ontologies, large language model and human exper tise-based evaluations to provide users with answers that are precise, relevant, and useful in real-world settings. In Primar y Re ||| y; combining content with analytics and technology to build integrated solutions and decision tools that utilise advanced Machine Learning (ML) and AI to improve productivity and outcomes, and enable insights underpinning critical decisions, benchmarking and evaluation. In Databases, Tools and Ele ||| ritical decisions, benchmarking and evaluation. In Databases, Tools and Electronic Reference, Elsevier is applying advanced linking capabilities and AI to our vast verified research and healthcare information and data sets, including patent, research grants, drug information, medical claims data, t",no,no,vague_general_ai_reference,DUPG-010,rejected,,
REL-REJ-013,RELX,REL,RELX 2025 Annual Report,REL_company_annual_report_current_fy2025.pdf,,annual_report_current,company_primary,p.21,AI;large language model,A;B,5,"pt AI for specific domains, such as research, life sciences, clinical care, health education, through hybrid search, knowledge graphs, ontologies, large language model and human exper tise-based evaluations to provide users with answers that are precise, relevant, and useful in real-world settings. In Primar y Re ||| y; combining content with analytics and technology to build integrated solutions and decision tools that utilise advanced Machine Learning (ML) and AI to improve productivity and outcomes, and enable insights underpinning critical decisions, benchmarking and evaluation. In Databases, Tools and Ele ||| ritical decisions, benchmarking and evaluation. In Databases, Tools and Electronic Reference, Elsevier is applying advanced linking capabilities and AI to our vast verified research and healthcare information and data sets, including patent, research grants, drug information, medical claims data, t ||| e, strong growth continues to be driven by higher value-add analytics and decision tools, with continued rollout, adoption and usage growth of our AI-enabled tools, such as Scopus AI and Sherpath AI. We continue to expand our solution sets, built on our industr y-leading trusted content, with a s ||| built on our industr y-leading trusted content, with a series of new releases in 2026, the most recent of which is our next generation end-to-end AI-powered researcher solution, LeapSpace. In Primar y Research, good growth continues to be driven by volume growth, with article submissions growing",no,no,vague_general_ai_reference,DUPG-011,rejected,,
REL-REJ-014,RELX,REL,RELX 2025 Annual Report,REL_company_annual_report_current_fy2025.pdf,,annual_report_current,company_primary,p.22,AI,B,1,"olkit As in other sectors, science is at risk from fraudulent activity. Elsevier introduced an advanced ethics toolkit, using numerous signals and AI-based analysis to flag integrity concerns before and after publication. These include AI phrasing, authorship changes, and simultaneous submissions",no,no,vague_general_ai_reference,,rejected,,
REL-REJ-015,RELX,REL,RELX 2025 Annual Report,REL_company_annual_report_current_fy2025.pdf,,annual_report_current,company_primary,p.23,AI,B,1,"nsforming scientific publishing to support the demands of modern research 21RELX Annual Report 2025 | Scientific, Technical & Medical About Sherpath AI Sherpath AI is an adaptive digital learning, conversational AI solution designed to enhance nursing education through personalised learning paths.",no,no,predictive_personalisation,,rejected,,
REL-REJ-016,RELX,REL,RELX 2025 Annual Report,REL_company_annual_report_current_fy2025.pdf,,annual_report_current,company_primary,p.23,AI;generative AI,A;B,13,"igence-powered learning platform, and investigated its potential for advancing undergraduate nursing education. The platform leverages responsible generative AI and Elsevier’s evidence-based content to deliver personalised, dynamic support for both educators and students. For Dr Vanessa Roth, Foundations I ||| olkit As in other sectors, science is at risk from fraudulent activity. Elsevier introduced an advanced ethics toolkit, using numerous signals and AI-based analysis to flag integrity concerns before and after publication. These include AI phrasing, authorship changes, and simultaneous submissions ||| s (nearly 15% of all nursing students) and 6,000 instructors in the US, the tool has helped answer more than 7m enquiries in 2025. This real-time, AI-powered interaction deepens understanding, reinforces key concepts, and creates a more engaging and efficient learning experience for nursing and h ||| health education students. In 2025, St. Johns River State College (SJR State) and Georgia Southern University (GSU) pioneered the use of Sherpath AI, Elsevier’s artificial intelligence-powered learning platform, and investigated its potential for advancing undergraduate nursing education. The ||| can do that, students can too. It doesn’t help them when they go on to harder classes. It’s not helping them build the skills they need.” Sherpath AI transformed Dr Roth’s approach to assessment. The platform enabled her to rapidly generate multiple versions of exams, saving her valuable time in ||| xplained. She wanted to write new questions herself, but the time required to build and validate exams from scratch was daunting. “Without Sherpath AI, I never would have slept,” she laughed. Unlike generic AI tools, Sherpath AI is built on Elsevier’s vast library of verified nursing education con ||| This not only protected test integrity but also saved considerable time, allowing Dr. Roth to focus on grading and curriculum development. Sherpath AI’s adaptive capabilities meant that exam questions could be refined based on student feedback, continually improving their relevance and effectivene ||| t feedback, continually improving their relevance and effectiveness. The impact extended beyond SJR State. At Georgia Southern University, Sherpath AI was introduced in two undergraduate nursing courses, reaching over 140 students. Usage data revealed that students engaged with Sherpath AI most in ||| ith Sherpath AI most intensively during exam periods, with weekly queries ranging from 46 to 670 per course. Notably, students began using Sherpath AI for subjects beyond those where it was formally introduced, including pharmacology, obstetrics, and pediatrics. This cross-disciplinary adoption h ||| sciplinary adoption highlighted the platform’s intuitive design and broad relevance. A sur vey of a sample of students at GSU underscored Sherpath AI’s positive influence on student learning at that institution. Over 70% of respondents repor ted that Sherpath AI “inspires me to learn new things,” ||| s,” while over 60% said it “makes them feel more empowered” and “more involved with their studying.” Additionally, over 65% indicated that Sherpath AI “improved their performance,” “gave them control over their studies,” and “enhanced their learning effectiveness.” Dr Roth’s experience reflects t ||| m control over their studies,” and “enhanced their learning effectiveness.” Dr Roth’s experience reflects the transformative potential of Sherpath AI: “I love it. I absolutely love it. It made it so much easier for me to be able to do my job a lot faster and more efficiently, because I knew that ||| e it. I absolutely love it. It’s been a lifesaver, honestly. Dr Vanessa Roth Foundations Instructor, St. Johns River State College 73,000+ Sherpath AI was used by over 73,000 nursing students in the US in 2025 Sherpath AI Elevating nursing education with an adaptive digital and conversational tool",no,no,vague_general_ai_reference,DUPG-012,rejected,,
REL-REJ-017,RELX,REL,RELX 2025 Annual Report,REL_company_annual_report_current_fy2025.pdf,,annual_report_current,company_primary,p.24,AI;artificial intelligence;generative AI,A;B,6,"ding citation service, Shepard’s, advising on the continuing relevance of case law precedents. Lexis+ AI was introduced in the US in 2023 and is a generative AI platform designed to transform legal work. It is built and trained on one of the world’s largest repositories of accurate and exclusive legal cont ||| to help make better informed decisions in the practice of law. Standard products for legal research and analytics include Lexis, Lexis+, and Lexis+ AI, which provide statutes and case law combined with analysis and expert commentaries from secondary sources, such as Matthew Bender, and incorporate ||| customers with trusted, comprehensive legal results with unmatched speed and precision and backed by verifiable, citable authority. The new Lexis+ AI technology features conversational search, insightful summarisation, uploaded document analysis, and intelligent legal drafting capabilities, all ||| supported by state-of-the-art encryption and privacy technology to keep sensitive data secure. In slightly over two years since the launch of Lexis+ AI, we have gained widespread adoption of the platform – over half of all US new and renewing customers are adopting Lexis+ AI. In 2025, Lexis+AI del ||| s are adopting Lexis+ AI. In 2025, Lexis+AI delivered answers to over five million prompts in the US alone. LexisNexis Protégé, a new personalised AI Assistant in Lexis+ AI, was launched in Q1 2025. Protégé is an AI feature of LexisNexis that integrates with legal document management systems to ||| efficiently, serve their clients better, and grow their practices by deploying advanced analytics and latest, cutting-edge technology, including artificial intelligence. We assist corporations in better understanding their markets and monitoring relevant news. We partner with leading global associations and cust",no,no,vague_general_ai_reference,DUPG-013,rejected,,
REL-REJ-018,RELX,REL,RELX 2025 Annual Report,REL_company_annual_report_current_fy2025.pdf,,annual_report_current,company_primary,p.25,AI;artificial intelligence;generative AI,A;B,13,"ding citation service, Shepard’s, advising on the continuing relevance of case law precedents. Lexis+ AI was introduced in the US in 2023 and is a generative AI platform designed to transform legal work. It is built and trained on one of the world’s largest repositories of accurate and exclusive legal cont ||| e alliance also envisages the joint development of advanced legal workflows and potential expansion to other regions outside the US. Lexis+ AI is a generative AI platform designed to transform legal work through enhanced search, summarisation and drafting capabilities Lexis+ is a legal analytics ecosystem th ||| to help make better informed decisions in the practice of law. Standard products for legal research and analytics include Lexis, Lexis+, and Lexis+ AI, which provide statutes and case law combined with analysis and expert commentaries from secondary sources, such as Matthew Bender, and incorporate ||| customers with trusted, comprehensive legal results with unmatched speed and precision and backed by verifiable, citable authority. The new Lexis+ AI technology features conversational search, insightful summarisation, uploaded document analysis, and intelligent legal drafting capabilities, all ||| supported by state-of-the-art encryption and privacy technology to keep sensitive data secure. In slightly over two years since the launch of Lexis+ AI, we have gained widespread adoption of the platform – over half of all US new and renewing customers are adopting Lexis+ AI. In 2025, Lexis+AI del ||| s are adopting Lexis+ AI. In 2025, Lexis+AI delivered answers to over five million prompts in the US alone. LexisNexis Protégé, a new personalised AI Assistant in Lexis+ AI, was launched in Q1 2025. Protégé is an AI feature of LexisNexis that integrates with legal document management systems to ||| ng global associations and customers to help advance the Rule of Law across the world. Legal 23RELX Annual Report 2025 | Legal Lexis Create+ is an AI-powered personalised legal drafting tool that helps users build comprehensive legal drafts right within the Microsoft Word environment. The draftin ||| access. In 2025, LexisNexis continued to broaden the reach of its decision tools and analytics through Lex Machina. Litigation Analytics on Lexis+ AI helps users analyse cour ts, judges, attorneys, and law firms. In July of 2025, Lex Machina rolled out a new Par ty Analytics feature, offering pra ||| opportunities and expand its integrations across the global legal ecosystem. In June 2025, LexisNexis agreed a strategic alliance with Har vey, an AI platform for legal and professional ser vices, whereby LexisNexis will integrate its Lexis+ AI capabilities (powered by LexisNexis content) within ||| designed to transform legal work through enhanced search, summarisation and drafting capabilities Lexis+ is a legal analytics ecosystem that uses AI and superior search technology to deliver legal research and news, data-driven insights, and practical guidance seamlessly into legal workflows Le ||| deliver legal research and news, data-driven insights, and practical guidance seamlessly into legal workflows LexisNexis Protégé is a personalised AI assistant that reduces repetitive tasks, tackles complex analyses, and delivers exceptional work for legal and business professionals Lex Machina ||| LM) solution designed for corporate legal departments, offering enhanced matter management, legal spend control, contract lifecycle management and AI-powered insights to drive efficiency, transparency, and strategic decision-making Nexis provides access to an expansive collection of news, compa ||| efficiently, serve their clients better, and grow their practices by deploying advanced analytics and latest, cutting-edge technology, including artificial intelligence. We assist corporations in better understanding their markets and monitoring relevant news. We partner with leading global associations and cust",no,no,vague_general_ai_reference,DUPG-014,rejected,,
REL-REJ-019,RELX,REL,RELX 2025 Annual Report,REL_company_annual_report_current_fy2025.pdf,,annual_report_current,company_primary,p.26,AI;generative AI,A;B,8,"r 50 different languages. Other core products include Nexis Newsdesk for media monitoring, and Nexis Diligence+ for risk assessments. Nexis+ AI, a generative AI platform designed to transform business research, was launched in 2024 and has continued to evolve over the course of 2025. The platform enables us ||| gulation, regulatory complexity and litigation, and an increasing number of lawyers. Additional market opportunities are presented by the advent of generative AI and increasing demand for online information solutions, legal analytics, and other solutions, along with decision support solutions that improve th ||| cused on introducing next-generation products and solutions on the Lexis platform and infrastructure; incorporating advanced technologies including generative AI; embedding LexisNexis products within hundreds of customer workflows; driving long-term international growth; and upgrading operational infrastruc ||| d track key issues in the practice of law. In par tnership with law schools, LexisNexis also plays a pivotal role in preparing students to navigate AI in professional legal environments. Notably, over 25% of student queries on Lexis+ are made through Protégé which holds a significant preference a ||| environments. Notably, over 25% of student queries on Lexis+ are made through Protégé which holds a significant preference advantage over competing AI solutions. News & Business standard products for business research are Nexis and Nexis+ AI, which provide access to over 40,000 licensed sources, i ||| isNexis commercial teams, have contributed to projects to give accurate, quick, and fair answers to justice needs. These projects include utilising AI in a judgement writing tool for members of the Ugandan Judiciar y; building and launching, with RELX and LexisNexis South Africa, a tax transparen ||| d methodologies used in US law schools; chairing a panel on the future of Rule of Law in 20 years’ time; providing guidance to professionals on how AI will shape the justice system; and donating access to LexisNexis products for non-profit supporting organisations to reduce emissions and, separat ||| r legal professionals across major US federal agencies and state and local government in upholding the Rule of Law. Products such as Lexis+, Lexis+ AI and Practical Guidance enable efficient research, while CaseMap helps manage and collaborate on legal cases. LexisNexis Reed Tech also provides pat",no,no,vague_general_ai_reference,DUPG-015,rejected,,
REL-REJ-020,RELX,REL,RELX 2025 Annual Report,REL_company_annual_report_current_fy2025.pdf,,annual_report_current,company_primary,p.27,AI;generative AI,A;B,12,"r 50 different languages. Other core products include Nexis Newsdesk for media monitoring, and Nexis Diligence+ for risk assessments. Nexis+ AI, a generative AI platform designed to transform business research, was launched in 2024 and has continued to evolve over the course of 2025. The platform enables us ||| gulation, regulatory complexity and litigation, and an increasing number of lawyers. Additional market opportunities are presented by the advent of generative AI and increasing demand for online information solutions, legal analytics, and other solutions, along with decision support solutions that improve th ||| cused on introducing next-generation products and solutions on the Lexis platform and infrastructure; incorporating advanced technologies including generative AI; embedding LexisNexis products within hundreds of customer workflows; driving long-term international growth; and upgrading operational infrastruc ||| d track key issues in the practice of law. In par tnership with law schools, LexisNexis also plays a pivotal role in preparing students to navigate AI in professional legal environments. Notably, over 25% of student queries on Lexis+ are made through Protégé which holds a significant preference a ||| environments. Notably, over 25% of student queries on Lexis+ are made through Protégé which holds a significant preference advantage over competing AI solutions. News & Business standard products for business research are Nexis and Nexis+ AI, which provide access to over 40,000 licensed sources, i ||| isNexis commercial teams, have contributed to projects to give accurate, quick, and fair answers to justice needs. These projects include utilising AI in a judgement writing tool for members of the Ugandan Judiciar y; building and launching, with RELX and LexisNexis South Africa, a tax transparen ||| d methodologies used in US law schools; chairing a panel on the future of Rule of Law in 20 years’ time; providing guidance to professionals on how AI will shape the justice system; and donating access to LexisNexis products for non-profit supporting organisations to reduce emissions and, separat ||| r legal professionals across major US federal agencies and state and local government in upholding the Rule of Law. Products such as Lexis+, Lexis+ AI and Practical Guidance enable efficient research, while CaseMap helps manage and collaborate on legal cases. LexisNexis Reed Tech also provides pat ||| tudents and faculty build search 2025 Revenue £1,806m 25RELX Annual Report 2025 | Legal Further improvement in underlying revenue growth driven by AI-enabled legal analytics and tools Underlying revenue growth of +9%, a fur ther step up in growth from 2024. Strong growth continues to be driven by ||| improvement in adjusted operating margin. In Law Firms & Corporate Legal, double-digit growth is being driven by the continued adoption of our core AI-enabled legal research and analytics platform and our integrated agentic legal assistant (Lexis+ AI and Protégé). Ongoing releases of new functio ||| nd analytics platform and our integrated agentic legal assistant (Lexis+ AI and Protégé). Ongoing releases of new functionality, including General AI and Workflows, and deeper integration of our tools on our core platform with its comprehensive, verified legal content, is enabling us to increase ||| ions with greater accuracy and efficiency. Global functions and presence enable LexisNexis to effectively launch and scale products such as Lexis+ AI across segments, leveraging shared assets from product design to back-end functionality. Business model, distribution channels and competition Lexi",no,no,vague_general_ai_reference,DUPG-016,rejected,,
REL-REJ-021,RELX,REL,RELX 2025 Annual Report,REL_company_annual_report_current_fy2025.pdf,,annual_report_current,company_primary,p.28,AI;generative AI,A;B,9,"han ever. This isn’t just a tool for today – it’s a foundation for the future. R. Anthony Rupp III Founding Partner About Lexis+ AI Lexis+ AI is a generative AI solution designed to transform legal work. It enables conversational legal research, insightful summarisation, intelligent legal drafting, and docu ||| 26 RELX Annual Report 2025 | Market segments 10% Rupp Pfalzgraf increased its average caseload per attorney by 10% since adopting Lexis+ AI. Lexis+ AI has revolutionised how we work. We’re more efficient, more competitive, and more prepared than ever. This isn’t just a tool for today – ||| swers are grounded in LexisNexis proprietary legal content and enhanced by Shepard’s Knowledge Graph, ensuring reliability and completeness. Lexis+ AI is backed by world-class encryption and data privacy technology. About Rupp Pfalzgraf Rupp Pfalzgraf is a full-ser vice law firm based in Buffalo, ||| ng aspects of practice, posed a bottleneck – especially when managing high-volume or complex matters. The leadership team recognised the need for AI-powered tools to streamline workflows, improve accuracy, and enable attorneys to respond more efficiently. In 2023, the firm adopted Lexis+ AI to o ||| and enable attorneys to respond more efficiently. In 2023, the firm adopted Lexis+ AI to optimise its research and drafting workflows. Unlike other AI tools, Lexis+ AI met Rupp Pfalzgraf’s high standards for data security and reliability. The firm was par ticularly drawn to the ability to delete u ||| le, tasks such as drafting third-party insurance coverage opinions that previously took up to nine hours now take just two and a half hours. Lexis+ AI How Rupp Pfalzgraf increased case capacity while enhancing service quality, using LexisNexis Legal & Professional’s fully integrated next generatio ||| city while enhancing service quality, using LexisNexis Legal & Professional’s fully integrated next generation legal assistant The impact of Lexis+ AI extended to litigation preparation, oral arguments, motions drafting and workplace investigations. Attorneys have reported completing federal court ||| e. The ability to extract, summarise and compare information quickly has enhanced both strategic planning and client communication. Notably, Lexis+ AI has also helped attorneys branch into new practice areas with confidence. In one instance, a law yer unfamiliar with vaccine waiver laws for school ||| hool districts was able to deliver accurate results and win the case – something previously outside their scope. Rupp Pfalzgraf has embraced Lexis+ AI not just as a tool, but as a catalyst for cultural change and future growth. The firm now trains paralegals and clerks to leverage AI in meaningful",no,no,vague_general_ai_reference,DUPG-017,rejected,,
REL-REJ-022,RELX,REL,RELX 2025 Annual Report,REL_company_annual_report_current_fy2025.pdf,,annual_report_current,company_primary,p.29,automation,B,1,"d to be adaptable, allowing AI agents to be tailored to a legal professional’s workflow. LexisNexis continues to develop this framework, balancing automation with transparency and user control, enabling users to see the model’s reasoning and guide its behaviour. 1,000 LexisNexis conducts over 1,000 custo",no,no,ordinary_automation,,rejected,,
REL-REJ-023,RELX,REL,RELX 2025 Annual Report,REL_company_annual_report_current_fy2025.pdf,,annual_report_current,company_primary,p.29,AI;agentic AI;generative AI,A;B,21,"han ever. This isn’t just a tool for today – it’s a foundation for the future. R. Anthony Rupp III Founding Partner About Lexis+ AI Lexis+ AI is a generative AI solution designed to transform legal work. It enables conversational legal research, insightful summarisation, intelligent legal drafting, and docu ||| and transactional workflows, acting like a junior associate, a law clerk or a drafting assistant, depending on the user’s role. Unlike traditional generative AI, Protégé uses agentic AI technology to navigate complex workflows, break down tasks, collaborate with the user and review its own work before human ||| ormative change, allowing users to customise the assistant to their roles, practice areas, jurisdictions, and styles. For example, Protégé combines agentic AI with authoritative content to draft, research and review legal work across litigation, judicial and transactional workflows, acting like a junior ||| uman in the loop and adheres to the highest standards of security, compliance and privacy. LexisNexis Legal & Professional began experimenting with agentic AI in 2023 and was among the first to introduce a legal agentic AI solution with Protégé in January 2025. Protégé builds on a decade of LexisNexis in ||| autonomously by the agent, while others involve human-AI collaboration, where user input guides the agent’s behaviour. The proprietar y LexisNexis agentic AI framework is designed to be adaptable, allowing AI agents to be tailored to a legal professional’s workflow. LexisNexis continues to develop this ||| 26 RELX Annual Report 2025 | Market segments 10% Rupp Pfalzgraf increased its average caseload per attorney by 10% since adopting Lexis+ AI. Lexis+ AI has revolutionised how we work. We’re more efficient, more competitive, and more prepared than ever. This isn’t just a tool for today – ||| swers are grounded in LexisNexis proprietary legal content and enhanced by Shepard’s Knowledge Graph, ensuring reliability and completeness. Lexis+ AI is backed by world-class encryption and data privacy technology. About Rupp Pfalzgraf Rupp Pfalzgraf is a full-ser vice law firm based in Buffalo, ||| ng aspects of practice, posed a bottleneck – especially when managing high-volume or complex matters. The leadership team recognised the need for AI-powered tools to streamline workflows, improve accuracy, and enable attorneys to respond more efficiently. In 2023, the firm adopted Lexis+ AI to o ||| and enable attorneys to respond more efficiently. In 2023, the firm adopted Lexis+ AI to optimise its research and drafting workflows. Unlike other AI tools, Lexis+ AI met Rupp Pfalzgraf’s high standards for data security and reliability. The firm was par ticularly drawn to the ability to delete u ||| le, tasks such as drafting third-party insurance coverage opinions that previously took up to nine hours now take just two and a half hours. Lexis+ AI How Rupp Pfalzgraf increased case capacity while enhancing service quality, using LexisNexis Legal & Professional’s fully integrated next generatio ||| city while enhancing service quality, using LexisNexis Legal & Professional’s fully integrated next generation legal assistant The impact of Lexis+ AI extended to litigation preparation, oral arguments, motions drafting and workplace investigations. Attorneys have reported completing federal court ||| e. The ability to extract, summarise and compare information quickly has enhanced both strategic planning and client communication. Notably, Lexis+ AI has also helped attorneys branch into new practice areas with confidence. In one instance, a law yer unfamiliar with vaccine waiver laws for school ||| hool districts was able to deliver accurate results and win the case – something previously outside their scope. Rupp Pfalzgraf has embraced Lexis+ AI not just as a tool, but as a catalyst for cultural change and future growth. The firm now trains paralegals and clerks to leverage AI in meaningful ||| leverage AI in meaningful ways, expanding capacity across roles. 27RELX Annual Report 2025 | Legal About LexisNexis Protégé Protégé is an advanced AI assistant designed to enhance productivity, improve work quality, and help legal and business professionals unlock new economic value. Protégé mark ||| was among the first to introduce a legal agentic AI solution with Protégé in January 2025. Protégé builds on a decade of LexisNexis investment in AI technologies, robust tools and proprietary content, including more than $1bn in technology spend. The technology platform seamlessly integrates th ||| ogies, robust tools and proprietary content, including more than $1bn in technology spend. The technology platform seamlessly integrates the latest AI advancements within a multi-cloud infrastructure and provides a proprietary framework for developing legal-tuned agents grounded in LexisNexis com ||| Shepard’s citation validation, caselaw summarisation and a knowledge graph that interlinks authoritative datasets for highly relevant, trustwor thy AI responses. LexisNexis AI development combines a multi-model approach that selects the best model for each customer use case, model fine-tuning alo ||| answers to outcomes, significantly expanding productivity for customers. Sean Fitzpatrick CEO LexisNexis North America, UK and Ireland Legal-Tuned AI Agents Protégé leverages a diverse set of AI agents within this framework. Some function as adaptable generalists, for broad tasks such as analysin ||| ned to integrate seamlessly into the existing workflows of professionals. It is available across the LexisNexis suite of products, including Lexis+ AI, Lexis Create+, Lex Machina, PatentSight+ and CounselLink+, as well as in the broader market ecosystem, including highly used products such as Micr ||| Word and Teams. Protégé is available across multiple regions including the US, the UK, Canada and France. It follows the global roll out of Lexis+ AI in 2024. Both Protégé and Lexis+ AI have been among the fastest-adopted products in the company’s history. LexisNexis is expanding Protégé with Gen ||| 2024. Both Protégé and Lexis+ AI have been among the fastest-adopted products in the company’s history. LexisNexis is expanding Protégé with General AI, giving users a single search experience that unifies insights from open web search, proprietary LexisNexis content, and customers’ own documents.",no,no,vague_general_ai_reference,DUPG-018,rejected,,
REL-REJ-024,RELX,REL,RELX 2025 Annual Report,REL_company_annual_report_current_fy2025.pdf,,annual_report_current,company_primary,p.30,AI,B,1,"life sciences and pharmaceuticals, real estate, construction, advanced materials, electronic manufacturing, advanced manufacturing, data analytics, AI & cybersecurity, transport, jewellery, gifts, comic conventions, physical security, media, and fitness. R X makes selective launches to increase p",no,no,vague_general_ai_reference,,rejected,,
REL-REJ-025,RELX,REL,RELX 2025 Annual Report,REL_company_annual_report_current_fy2025.pdf,,annual_report_current,company_primary,p.31,AI;GenAI,A;B,3,"bedding sustainability throughout the organisation. R X is improving the effectiveness and efficiency of these platforms and functions by utilising GenAI tools, in turn enabling faster deployment of digital products, new events and process innovation. RX is progressing well towards its sustainabilit ||| life sciences and pharmaceuticals, real estate, construction, advanced materials, electronic manufacturing, advanced manufacturing, data analytics, AI & cybersecurity, transport, jewellery, gifts, comic conventions, physical security, media, and fitness. R X makes selective launches to increase p ||| ights both for RX and its customers. RX is enhancing its marketing efforts through the appointment of a Chief Marketing Officer and the adoption of AI and social listening technologies, to continuously attract the most valuable visitors and exhibitors to its events. RX is also increasing its prici",no,no,vague_general_ai_reference,DUPG-019,rejected,,
REL-REJ-026,RELX,REL,RELX 2025 Annual Report,REL_company_annual_report_current_fy2025.pdf,,annual_report_current,company_primary,p.39,generative AI,A,1,ards Elsevier’s ClinicalKey AI won the AI Innovation Award at the 2025 MedTech Breakthrough Awards Elsevier’s ScienceDirect AI was awarded Best Generative AI solution at the 2025 CODiE Awards Legal Exhibitions Nexis+ AI awarded Best Innovation in Generative AI at the 2025 AI TechAwards LexisNexis Legal,no,no,vague_general_ai_reference,,rejected,,
REL-REJ-027,RELX,REL,RELX 2025 Annual Report,REL_company_annual_report_current_fy2025.pdf,,annual_report_current,company_primary,p.44,artificial intelligence,B,1,"ficers, the Supplier Code of Conduct, Tax Principles, Privacy Principles, Inclusion Policy, Health and Safety Policy, Editorial Policy, Responsible Artificial Intelligence Principles, Quality First Principles and Product Donation Policy are publicly available at www.relx.com/cr-downloads. Corporate responsibility gov",no,no,vague_general_ai_reference,DUPG-071,rejected,,
REL-REJ-028,RELX,REL,RELX 2025 Annual Report,REL_company_annual_report_current_fy2025.pdf,,annual_report_current,company_primary,p.45,artificial intelligence,B,1,"ficers, the Supplier Code of Conduct, Tax Principles, Privacy Principles, Inclusion Policy, Health and Safety Policy, Editorial Policy, Responsible Artificial Intelligence Principles, Quality First Principles and Product Donation Policy are publicly available at www.relx.com/cr-downloads. Corporate responsibility gov",no,no,vague_general_ai_reference,DUPG-073,rejected,,
REL-REJ-029,RELX,REL,RELX 2025 Annual Report,REL_company_annual_report_current_fy2025.pdf,,annual_report_current,company_primary,p.48,automation,B,1,"ey critical risk data within the EHR to improve mor tality outcomes, accelerate under writing decisions, enhance risk assessment and advance rules automation with structured data. In the year, data from Risk’s ICIS informed a new study on the impact of European circularity regulation, including the EU Pa",no,no,ordinary_automation,,rejected,,
REL-REJ-030,RELX,REL,RELX 2025 Annual Report,REL_company_annual_report_current_fy2025.pdf,,annual_report_current,company_primary,p.48,AI;artificial intelligence;generative AI,A;B,10,"with precise summaries, extracting key findings from millions of peer- reviewed ar ticles. To help clinicians with responsible and effective use of generative AI tools, Elsevier launched the Gen AI Academy for Health, an accredited, complementar y and self-paced course. Elsevier also launched a new AI evalua ||| ited, complementar y and self-paced course. Elsevier also launched a new AI evaluation framework designed to assess the effectiveness and safety of generative AI tools used in clinical decision support, including within its ClinicalKey AI platform. Developed with input from clinical exper ts, the framework ||| cting sourcing strategies and boosting demand for cer tified recycled materials globally. Scientific, Technical & Medical STM launched ScienceDirect AI which enhances research integrity and efficiency by providing researchers with precise summaries, extracting key findings from millions of peer- re ||| d in clinical decision support, including within its ClinicalKey AI platform. Developed with input from clinical exper ts, the framework evaluates AI generated responses for quer y comprehension, helpfulness, accuracy, completeness and clinical safety. It builds on Elsevier’s par tnership with th ||| quer y comprehension, helpfulness, accuracy, completeness and clinical safety. It builds on Elsevier’s par tnership with the Coalition for Health AI, which aims to set ethical standards to enhance the delivery of quality healthcare. Customers We deliver information-based analytics and decision t ||| ngthen trust at the heart of our partnerships. John Park Relationship Manager, LexisNexis Legal & Professional, Australia Legal Legal launched its AI-powered legal assistant, Protégé, in 2025 which enables legal professionals to interact using voice commands, making tasks such as legal research, ||| ure vaults, visual case timelines and workflow suggestions enhance productivity to help customers make good legal decisions more quickly. CaseMap+ AI was launched in the year, an advanced litigation case management platform designed to streamline litigation processes and enhance strategic decisio ||| ced litigation case management platform designed to streamline litigation processes and enhance strategic decision-making for litigators. CaseMap+ AI provides them with efficient tools for organising, analysing, communicating and presenting case information. Exhibitions Digital event technology co ||| captured over 8.9m leads through Lead Manager App. In the year, RX China continued integrating green innovation zones, decarbonisation forums, and AI-powered matchmaking, to suppor t key sectors like smar t manufacturing and robotics while anchoring operations in sustainability. ||| RELX-wide customer satisfaction metric showing that in 2025, 87% of customers would recommend working with RELX. Digital knowledge and innovation, Artificial Intelligence across RELX: advancing customer goals Across REL X, we work to address customer challenges through digital innovation. In 2025, electronic products",no,no,vague_general_ai_reference,DUPG-020,rejected,,
REL-REJ-031,RELX,REL,RELX 2025 Annual Report,REL_company_annual_report_current_fy2025.pdf,,annual_report_current,company_primary,p.49,automation,B,1,"ey critical risk data within the EHR to improve mor tality outcomes, accelerate under writing decisions, enhance risk assessment and advance rules automation with structured data. In the year, data from Risk’s ICIS informed a new study on the impact of European circularity regulation, including the EU Pa",no,no,ordinary_automation,,rejected,,
REL-REJ-032,RELX,REL,RELX 2025 Annual Report,REL_company_annual_report_current_fy2025.pdf,,annual_report_current,company_primary,p.49,AI;GenAI;artificial intelligence;generative AI,A;B,13,"with precise summaries, extracting key findings from millions of peer- reviewed ar ticles. To help clinicians with responsible and effective use of generative AI tools, Elsevier launched the Gen AI Academy for Health, an accredited, complementar y and self-paced course. Elsevier also launched a new AI evalua ||| ited, complementar y and self-paced course. Elsevier also launched a new AI evaluation framework designed to assess the effectiveness and safety of generative AI tools used in clinical decision support, including within its ClinicalKey AI platform. Developed with input from clinical exper ts, the framework ||| ides library and information science professionals worldwide with oppor tunities for knowledge sharing. In 2025, Librar y Connect Academy hosted a GenAI Literacy programme with over 5,500 librarians enrolled. Covering Library and Information Science (LIS) best practices, trends and technology, The L ||| cting sourcing strategies and boosting demand for cer tified recycled materials globally. Scientific, Technical & Medical STM launched ScienceDirect AI which enhances research integrity and efficiency by providing researchers with precise summaries, extracting key findings from millions of peer- re ||| d in clinical decision support, including within its ClinicalKey AI platform. Developed with input from clinical exper ts, the framework evaluates AI generated responses for quer y comprehension, helpfulness, accuracy, completeness and clinical safety. It builds on Elsevier’s par tnership with th ||| quer y comprehension, helpfulness, accuracy, completeness and clinical safety. It builds on Elsevier’s par tnership with the Coalition for Health AI, which aims to set ethical standards to enhance the delivery of quality healthcare. Customers We deliver information-based analytics and decision t ||| ngthen trust at the heart of our partnerships. John Park Relationship Manager, LexisNexis Legal & Professional, Australia Legal Legal launched its AI-powered legal assistant, Protégé, in 2025 which enables legal professionals to interact using voice commands, making tasks such as legal research, ||| ure vaults, visual case timelines and workflow suggestions enhance productivity to help customers make good legal decisions more quickly. CaseMap+ AI was launched in the year, an advanced litigation case management platform designed to streamline litigation processes and enhance strategic decisio ||| ced litigation case management platform designed to streamline litigation processes and enhance strategic decision-making for litigators. CaseMap+ AI provides them with efficient tools for organising, analysing, communicating and presenting case information. Exhibitions Digital event technology co ||| captured over 8.9m leads through Lead Manager App. In the year, RX China continued integrating green innovation zones, decarbonisation forums, and AI-powered matchmaking, to suppor t key sectors like smar t manufacturing and robotics while anchoring operations in sustainability. 47RELX Annual Rep ||| tomers In the year Law360, LexisNexis Legal & Professional’s legal news ser vice, implemented a policy requiring all ar ticles to be reviewed by an AI-powered bias indicator tool before publication. The tool was designed to promote neutrality by identif ying potentially biased language and suppor ||| ailable at www.relx.com/ corporateresponsibility/engaging-others/policies- anddownloads. The Principles are accompanied by a RELX position paper on AI and a dedicated address that anyone can use to provide feedback or raise queries: ResponsibleAI@relx.com Each business area works to implement the ||| RELX-wide customer satisfaction metric showing that in 2025, 87% of customers would recommend working with RELX. Digital knowledge and innovation, Artificial Intelligence across RELX: advancing customer goals Across REL X, we work to address customer challenges through digital innovation. In 2025, electronic products",no,no,vague_general_ai_reference,DUPG-022,rejected,,
REL-REJ-033,RELX,REL,RELX 2025 Annual Report,REL_company_annual_report_current_fy2025.pdf,,annual_report_current,company_primary,p.50,AI,B,1,"evolving technology, aligned with SDG 8 (Decent Work and Economic Growth) Accessibility – Establish and implement accessibility best practices for AI-driven user interfaces and AI-generated content, aligned with SDG 10 (Reduced Inequalities) Customer engagement – Develop an internal AI tool for cu",no,no,vague_general_ai_reference,,rejected,,
REL-REJ-034,RELX,REL,RELX 2025 Annual Report,REL_company_annual_report_current_fy2025.pdf,,annual_report_current,company_primary,p.51,AI,B,2,"evolving technology, aligned with SDG 8 (Decent Work and Economic Growth) Accessibility – Establish and implement accessibility best practices for AI-driven user interfaces and AI-generated content, aligned with SDG 10 (Reduced Inequalities) Customer engagement – Develop an internal AI tool for cu ||| employees during 2025. We are helping our people build skills for the future such as data analytics, product and technology development (including AI), and product ownership and management. In 2025 we invested over $14m and around 500,000 hours in centrally deployed training. This included cours",no,no,vague_general_ai_reference,DUPG-023,rejected,,
REL-REJ-035,RELX,REL,RELX 2025 Annual Report,REL_company_annual_report_current_fy2025.pdf,,annual_report_current,company_primary,p.74,AI;generative AI,A;B,4,"onsideration of current risks, we also identify emerging risks which could impact our business in the next 3-5 years. An emerging risk specific to generative AI is the possibility that models may produce inaccurate or fabricated content. We reduce this exposure by involving domain exper ts in the developmen ||| tions in AI-generated outputs to ensure users can access authoritative material. Another emerging AI risk in the journal publishing sector is that Generative AI is lowering the cost and effort to produce fraudulent ar ticles, either by innocent/ignorant or fraudulent author, editor or peer reviewer. We comb ||| rammes to monitor compliance and conduct training and awareness programmes for our employees. Our commitment to fair, explainable, and accountable AI practices, as set out in our Responsible Ar tificial Intelligence Principles, helps to ensure that our AI uses of personal data are subject to rob ||| k that our proprietary rights and copyright protections could be infringed or circumvented, including by companies leveraging technology tools and AI, which may impact demand for and pricing of our products and services. We actively engage in developing and promoting the legal protection of inte",no,no,vague_general_ai_reference,DUPG-024,rejected,,
REL-REJ-036,RELX,REL,RELX 2025 Annual Report,REL_company_annual_report_current_fy2025.pdf,,annual_report_current,company_primary,p.75,AI;generative AI,A;B,4,"onsideration of current risks, we also identify emerging risks which could impact our business in the next 3-5 years. An emerging risk specific to generative AI is the possibility that models may produce inaccurate or fabricated content. We reduce this exposure by involving domain exper ts in the developmen ||| tions in AI-generated outputs to ensure users can access authoritative material. Another emerging AI risk in the journal publishing sector is that Generative AI is lowering the cost and effort to produce fraudulent ar ticles, either by innocent/ignorant or fraudulent author, editor or peer reviewer. We comb ||| rammes to monitor compliance and conduct training and awareness programmes for our employees. Our commitment to fair, explainable, and accountable AI practices, as set out in our Responsible Ar tificial Intelligence Principles, helps to ensure that our AI uses of personal data are subject to rob ||| k that our proprietary rights and copyright protections could be infringed or circumvented, including by companies leveraging technology tools and AI, which may impact demand for and pricing of our products and services. We actively engage in developing and promoting the legal protection of inte",no,no,vague_general_ai_reference,DUPG-025,rejected,,
REL-REJ-037,RELX,REL,RELX 2025 Annual Report,REL_company_annual_report_current_fy2025.pdf,,annual_report_current,company_primary,p.76,generative AI,A,1,"ration testing, network segmentation, encryption and logging and monitoring. We continuously explore new methods (including advanced automation and generative AI assistance) to enhance our controls. We provide regular training and communication initiatives to establish and maintain awareness of risks at all",no,no,ordinary_automation,,rejected,,
REL-REJ-038,RELX,REL,RELX 2025 Annual Report,REL_company_annual_report_current_fy2025.pdf,,annual_report_current,company_primary,p.76,AI,B,1,rations. As techniques used to obtain unauthorised access to or to sabotage systems change frequently (including automated tools such as generative-AI assisted) and may not be known until launched against us or our third-party service providers we may be unable to anticipate or implement adequate,no,no,vague_general_ai_reference,,rejected,,
REL-REJ-039,RELX,REL,RELX 2025 Annual Report,REL_company_annual_report_current_fy2025.pdf,,annual_report_current,company_primary,p.77,generative AI,A,1,"ration testing, network segmentation, encryption and logging and monitoring. We continuously explore new methods (including advanced automation and generative AI assistance) to enhance our controls. We provide regular training and communication initiatives to establish and maintain awareness of risks at all",no,no,ordinary_automation,,rejected,,
REL-REJ-040,RELX,REL,RELX 2025 Annual Report,REL_company_annual_report_current_fy2025.pdf,,annual_report_current,company_primary,p.77,AI;large language model,A;B,2,"rganisational and operational structures depend on suppliers including outsourced and offshored functions, as well as cloud ser vice, software, and large language model providers. Poor performance, failure or breach of third par ties to whom we have contracted could adversely affect our business performance, reput ||| rations. As techniques used to obtain unauthorised access to or to sabotage systems change frequently (including automated tools such as generative-AI assisted) and may not be known until launched against us or our third-party service providers we may be unable to anticipate or implement adequate",no,no,vague_general_ai_reference,DUPG-026,rejected,,
REL-REJ-041,RELX,REL,RELX 2025 Annual Report,REL_company_annual_report_current_fy2025.pdf,,annual_report_current,company_primary,p.78,artificial intelligence,B,1,"to adhere to high standards of integrity and ethical conduct, including those related to anti-bribery and anti-corruption, data protection, use of artificial intelligence, fraud, sanctions, competition and principled business conduct. A breach of generally accepted ethical business standards or applicable laws could",no,no,vague_general_ai_reference,,rejected,,
REL-REJ-042,RELX,REL,RELX 2025 Annual Report,REL_company_annual_report_current_fy2025.pdf,,annual_report_current,company_primary,p.79,artificial intelligence,B,1,"to adhere to high standards of integrity and ethical conduct, including those related to anti-bribery and anti-corruption, data protection, use of artificial intelligence, fraud, sanctions, competition and principled business conduct. A breach of generally accepted ethical business standards or applicable laws could",no,no,vague_general_ai_reference,,rejected,,
REL-REJ-043,RELX,REL,RELX 2025 Annual Report,REL_company_annual_report_current_fy2025.pdf,,annual_report_current,company_primary,p.93,AI,B,1,"reside discussions with the CEO of the Legal business area, setting out REL X’s strong performance and reaffirming the strategy around analytics and AI. The Board were provided with feedback from these events. Presentations and transcripts from selected events are available at www.relx.com/investo",no,no,vague_general_ai_reference,,rejected,,
REL-REJ-044,RELX,REL,RELX 2025 Annual Report,REL_company_annual_report_current_fy2025.pdf,,annual_report_current,company_primary,p.102,artificial intelligence,B,1,"also mindful of the strong competitive global demand for executives with the skillsets to use increasingly sophisticated technologies, particularly artificial intelligence, to deliver products and solutions that add higher value to customers. Our executive talent, with their successful track record, is highly sought af",no,no,vague_general_ai_reference,,rejected,,
REL-REJ-045,RELX,REL,RELX 2025 Annual Report,REL_company_annual_report_current_fy2025.pdf,,annual_report_current,company_primary,p.103,artificial intelligence,B,2,"also mindful of the strong competitive global demand for executives with the skillsets to use increasingly sophisticated technologies, particularly artificial intelligence, to deliver products and solutions that add higher value to customers. Our executive talent, with their successful track record, is highly sought af ||| e develop and deploy these tools across the company by leveraging deep customer understanding to combine leading content and data sets with powerful artificial intelligence and other technologies. This has been a key driver of the evolution of our business for well over a decade, and will remain a key driver of customer",no,no,vague_general_ai_reference,DUPG-027,rejected,,
REL-REJ-046,RELX,REL,RELX 2025 Annual Report,REL_company_annual_report_current_fy2025.pdf,,annual_report_current,company_primary,p.185,AI,B,1,LD1 New Zealand LexisNexis NZ Limited Ordinary NZL1 Philippines Reed Elsevier Shared Services (Philippines) Inc. Common PHL1 Poland AI Digital Contracts Sp. z.o.o. Ordinary POL1 Elsevier Sp. z.o.o. Ordinary POL2 Singapore Elsevier (Singapore) Pte Limited Ordinary SGP1 OCR Lab,no,no,vague_general_ai_reference,DUPG-076,rejected,,
REL-REJ-047,RELX,REL,RELX 2025 Annual Report,REL_company_annual_report_current_fy2025.pdf,,annual_report_current,company_primary,p.229,artificial intelligence,B,1,em. Material matters relevant to ESRS S4 cover data privacy and security and ar tificial intelligence. For more information on the RELX Responsible Artificial Intelligence Principles see page 216. We have robust data privacy and security policies and procedures to avoid unauthorised access to personally identifiable,no,no,vague_general_ai_reference,DUPG-077,rejected,,
REL-REJ-048,RELX,REL,RELX 2024 Annual Report,REL_company_annual_report_previous_fy2024.pdf,,annual_report_previous,company_primary,p.9,machine learning,B,1,"ed. We then extract the data points from the content and link and enrich them to make it analysable. Finally, we apply advanced algorithms such as machine learning and natural language processing to provide professional customers with the actionable insights they need to do their jobs, for example, in the for",no,no,audit_analytics,,rejected,,
REL-REJ-049,RELX,REL,RELX 2024 Annual Report,REL_company_annual_report_previous_fy2024.pdf,,annual_report_previous,company_primary,p.9,generative AI;machine learning,A;B,3,"ionable insights they need to do their jobs, for example, in the form of extractive AI insights to help them make speedy and accurate decisions, or generative AI output to reduce or automate their workload. That could be a university benchmarking its performance; a doctor deciding the best way to treat a p ||| nd learn from the data § High speed data ingestion, recall, and processing § Rapid development cycles § Platforms to facilitate extractive AI and generative AI § Proprietary algorithms § Predictive modelling § Machine learning and artificial intelligence § Large language models § Modular product su ||| achine generated § Licensed § Proprietary § Grid computing with low-cost servers § Linking algorithms that generate high precision and recall § Machine learning algorithms to cluster, link and learn from the data § High speed data ingestion, recall, and processing § Rapid development cycles § Platforms to",no,no,vague_general_ai_reference,DUPG-028,rejected,,
REL-REJ-050,RELX,REL,RELX 2024 Annual Report,REL_company_annual_report_previous_fy2024.pdf,,annual_report_previous,company_primary,p.12,AI,B,2,"rrorism, trafficking and abusive practices. The combination of our proprietary insights and advanced analytics powered by Ar tificial Intelligence (AI) and Machine Learning (ML) delivers actionable intelligence to customers to help improve decisions and operational efficiency. The cornerstone of o ||| Solutions and Celent for Watchlist Screening. In Q4 2024, LexisNexis Risk Solutions signed a definitive agreement to acquire IDVerse, a provider of AI-powered automated document authentication and fraud detection solutions. Closing is expected in early 2025. Business Services has introduced a numb",no,no,vague_general_ai_reference,DUPG-029,rejected,,
REL-REJ-051,RELX,REL,RELX 2024 Annual Report,REL_company_annual_report_previous_fy2024.pdf,,annual_report_previous,company_primary,p.13,AI,B,7,"rrorism, trafficking and abusive practices. The combination of our proprietary insights and advanced analytics powered by Ar tificial Intelligence (AI) and Machine Learning (ML) delivers actionable intelligence to customers to help improve decisions and operational efficiency. The cornerstone of o ||| Solutions and Celent for Watchlist Screening. In Q4 2024, LexisNexis Risk Solutions signed a definitive agreement to acquire IDVerse, a provider of AI-powered automated document authentication and fraud detection solutions. Closing is expected in early 2025. Business Services has introduced a numb ||| out the claim life cycle. Insurance solutions provide comprehensive interior and exterior data for home and commercial property insurers and offers AI-enabled insights to fast-track decision-making for new business or renewal underwriting and claims processes. Life insurers use predictive models, ||| overnment dispenses hundreds of billions of dollars in entitlements, stimulus, benefits and contracts to people and businesses. LexisNexis Accurint AI Insights is a new, first-to-market AI solution for public safety, designed specifically for law enforcement. This advanced tool automates crime tre ||| d identification, providing agencies with rapid analysis and actionable intelligence. By enabling proactive responses to emerging threats, Accurint AI Insights streamlines investigative processes and enhances decision-making. The platform offers immediate access to identity and authentication ana ||| stigative processes and enhances decision-making. The platform offers immediate access to identity and authentication analytics, combining advanced AI with extensive data expertise to support public safety agencies in protecting communities with data-driven insights. Financial Crime Compliance Por ||| rs more easily identify properties with risk or coverage opportunities and survey those priority properties using consumer-friendly, configurable AI-driven property assessment technology that delivers actionable insights into the underwriting workflow For more information visit relx.com Market",no,no,vague_general_ai_reference,DUPG-030,rejected,,
REL-REJ-052,RELX,REL,RELX 2024 Annual Report,REL_company_annual_report_previous_fy2024.pdf,,annual_report_previous,company_primary,p.15,AI;generative AI,A;B,4,"ble insights that help our customers make accurate and timely decisions, as well as to improve internal efficiencies by leveraging and adapting AI/ Generative AI tools. Our successful deployment of AI and ML techniques both for our customers and for our internal needs is built on a strong foundation that is ||| g to drive underlying revenue growth Underlying revenue growth of +8%. Strong growth continues to be driven across segments by our deeply embedded, AI-enabled analytics and decision tools. Underlying adjusted operating profit growth was +9%, leading to an increase in adjusted operating margin. B ||| analytics capabilities; and investing in technology to complement organic innovation. LexisNexis Risk Solutions continues to develop sophisticated AI and ML techniques to generate actionable insights that help our customers make accurate and timely decisions, as well as to improve internal effici ||| nding of customer and stakeholder needs, the breadth and depth of our data sets, and our expertise and domain knowledge that helps us discern which AI/ML algorithm to use in a given context to solve business problems most effectively. Business model, distribution channels and competition We sell ou",no,no,vague_general_ai_reference,DUPG-031,rejected,,
REL-REJ-053,RELX,REL,RELX 2024 Annual Report,REL_company_annual_report_previous_fy2024.pdf,,annual_report_previous,company_primary,p.17,machine learning,B,1,"liability for over £360m in fraud losses in 2023 alone. To address this issue, the team at LexisNexis Risk Solutions set about building an advanced machine learning model capable of providing the necessary context to help confidently determine the potential risk associated with a CNP transaction – creating a t",no,no,vague_general_ai_reference,,rejected,,
REL-REJ-054,RELX,REL,RELX 2024 Annual Report,REL_company_annual_report_previous_fy2024.pdf,,annual_report_previous,company_primary,p.18,AI;generative AI,A;B,3,"tronic reference products help customers and users solve complex problems and make critical decisions, and we are enhancing these capabilities with generative AI across all our business areas. Solutions include Engineering Village, Interfolio, Pure, SciVal, and Scopus in Academic & Government; Embase, Reaxy ||| ions rely on, with interoperability driven by Application Programming Interface technologies (APIs). In early 2024, Elsevier launched Scopus AI, a generative AI-enhanced research tool integrated into the Scopus platform to help academics and researchers get deeper research insights faster, navigate and unde ||| R&D customers in extracting scientific insights from vast amounts of unstructured text and databases. In 2024 Elsevier launched SciBite Chat, a new AI-powered tool built atop SciBite We deliver insights that help universities, research institutions, governments and funders achieve their strategic",no,no,vague_general_ai_reference,DUPG-032,rejected,,
REL-REJ-055,RELX,REL,RELX 2024 Annual Report,REL_company_annual_report_previous_fy2024.pdf,,annual_report_previous,company_primary,p.19,AI;generative AI;machine learning,A;B,9,"tronic reference products help customers and users solve complex problems and make critical decisions, and we are enhancing these capabilities with generative AI across all our business areas. Solutions include Engineering Village, Interfolio, Pure, SciVal, and Scopus in Academic & Government; Embase, Reaxy ||| ions rely on, with interoperability driven by Application Programming Interface technologies (APIs). In early 2024, Elsevier launched Scopus AI, a generative AI-enhanced research tool integrated into the Scopus platform to help academics and researchers get deeper research insights faster, navigate and unde ||| or med decisions for high qualit y care. In 2024, Elsevier launched ClinicalKey AI, which combines the latest and most trusted medical content with generative AI to help clinicians at the point of care. ClinicalKey AI won the ‘AI Innovation Award’ in the 8 th A nnual MedTech Breakthrough Awards Program. Els ||| than 300,000 course enrolments, while ClinicalKey Student is used in over 360 medical schools globally. In 2024, Elsevier introduced Sherpath AI, a generative AI chat tool designed specifically for nur sing students. The tool integrates Elsevier's nursing education content with advanced generative AI, helpin ||| R&D customers in extracting scientific insights from vast amounts of unstructured text and databases. In 2024 Elsevier launched SciBite Chat, a new AI-powered tool built atop SciBite We deliver insights that help universities, research institutions, governments and funders achieve their strategic ||| journals from 7,000 publishers to help track and enhance researcher and institutional data and discover global research in all fields. New Scopus AI helps researchers get deeper research insights faster, navigate and understand different disciplines more easily and support interdisciplinary col ||| s and student s find the most clinically relevant answers through a wide breadth and depth of trusted content across specialities. New ClinicalKey AI combines the latest and most trusted medical content with generative artificial intelligence to help clinicians at the point of care The world’s m ||| stand and interact with anatomy The largest chemical database, Reaxys combines over a billion chemistry data points from journals and patents with AI to support innovation in drug discovery, chemical R&D and academia. Chemists can quickly access relev ant patent, substance and bioactivity insigh ||| s relev ant patent, substance and bioactivity insights, and an award-winning retrosynthesis tool SciBite’s semantic infrastructure, which combines machine learning with an ontology-led approach, delivers answers to business-critical questions in real-time from unstructured data. New SciBite Chat combines this",no,no,vague_general_ai_reference,DUPG-034,rejected,,
REL-REJ-056,RELX,REL,RELX 2024 Annual Report,REL_company_annual_report_previous_fy2024.pdf,,annual_report_previous,company_primary,p.20,machine learning,B,1,"lity, coverage and utility; combining content with analytics and technology to build integrated solutions and decision tools that utilise advanced Machine Learning (ML) and Ar tificial Intelligence to improve productivity and outcomes, and enable insights underpinning critical decisions, benchmarking and evalu",no,no,vague_general_ai_reference,,rejected,,
REL-REJ-057,RELX,REL,RELX 2024 Annual Report,REL_company_annual_report_previous_fy2024.pdf,,annual_report_previous,company_primary,p.21,machine learning,B,1,"lity, coverage and utility; combining content with analytics and technology to build integrated solutions and decision tools that utilise advanced Machine Learning (ML) and Ar tificial Intelligence to improve productivity and outcomes, and enable insights underpinning critical decisions, benchmarking and evalu",no,no,vague_general_ai_reference,,rejected,,
REL-REJ-058,RELX,REL,RELX 2024 Annual Report,REL_company_annual_report_previous_fy2024.pdf,,annual_report_previous,company_primary,p.22,AI;generative AI,A;B,10,"s new clinical decision support tool designed specifically for clinicians and powered by responsible generative artificial intelligence. Combining generative AI with the latest evidence-based medical content allows clinicians at the point of care to quickly and easily extract precise knowledge from a vast b ||| such as comorbidities and current medications, and suggests relevant follow-up questions. By combining world-class clinical content with the latest generative AI technology, ClinicalKey AI aims to make it easier and more intuitive for clinicians to find the information they need, allowing them to focus on wh ||| 20 RELX Annual Report 2024 | Market segments About ClinicalKey AI: Launched in February 2024, ClinicalKey AI is Elsevier’s new clinical decision support tool designed specifically for clinicians and powered by res ||| demands on providers’ time, further amplifying the need for quick and secure access to the right information when caring for patients. ClinicalKey AI addresses these challenges by leveraging a sophisticated conversational search interface using Retrieval Augmented Generation (R AG) to help clinic ||| linical reference information to help clinicians in offering optimal patient care across a broad range of specialties and sites of care. ClinicalKey AI was developed by Elsevier alongside experts in healthcare and technology. On the healthcare side, Elsevier Health collaborated with and received in ||| ealth collaborated with and received input from development par tners Cone Health and University of New Mexico. On the technology side, ClinicalKey AI was launched in partnership with OpenEvidence, a company specialising in AI for medicine. ClinicalKey AI’s search interface includes many features t ||| ical reference texts, full-text articles from the Clinics series, drug information, and select government publications. When prompted, ClinicalKey AI also considers the patient context, such as comorbidities and current medications, and suggests relevant follow-up questions. By combining world-cla ||| on what truly matters, quality patient care. I think the speed of the answer and the ability to ask questions in natural language gives ClinicalKey AI a real edge over other clinical resources. To be able to ask a question in natural language and get a very prompt answer that is accurate and base ||| in natural language and get a very prompt answer that is accurate and based on evidence-based, peer-reviewed articles is great. Using ClinicalKey AI I’ve found I’m able to find things in less than a minute or two. Barr y Wendt MD CMIO, St. Elizabeth Healthcare 94% Over 65% of physicians and advan ||| MD CMIO, St. Elizabeth Healthcare 94% Over 65% of physicians and advanced practice providers (APPs) agreed if they had daily access to ClinicalKey AI it would enhance the quality of patient care. Of those who responded, 94% said they were highly satisfied with accuracy ClinicalKey AI: A conversat",no,no,vague_general_ai_reference,DUPG-035,rejected,,
REL-REJ-059,RELX,REL,RELX 2024 Annual Report,REL_company_annual_report_previous_fy2024.pdf,,annual_report_previous,company_primary,p.23,AI;generative AI;machine learning,A;B,11,"s new clinical decision support tool designed specifically for clinicians and powered by responsible generative artificial intelligence. Combining generative AI with the latest evidence-based medical content allows clinicians at the point of care to quickly and easily extract precise knowledge from a vast b ||| such as comorbidities and current medications, and suggests relevant follow-up questions. By combining world-class clinical content with the latest generative AI technology, ClinicalKey AI aims to make it easier and more intuitive for clinicians to find the information they need, allowing them to focus on wh ||| 20 RELX Annual Report 2024 | Market segments About ClinicalKey AI: Launched in February 2024, ClinicalKey AI is Elsevier’s new clinical decision support tool designed specifically for clinicians and powered by res ||| demands on providers’ time, further amplifying the need for quick and secure access to the right information when caring for patients. ClinicalKey AI addresses these challenges by leveraging a sophisticated conversational search interface using Retrieval Augmented Generation (R AG) to help clinic ||| linical reference information to help clinicians in offering optimal patient care across a broad range of specialties and sites of care. ClinicalKey AI was developed by Elsevier alongside experts in healthcare and technology. On the healthcare side, Elsevier Health collaborated with and received in ||| ealth collaborated with and received input from development par tners Cone Health and University of New Mexico. On the technology side, ClinicalKey AI was launched in partnership with OpenEvidence, a company specialising in AI for medicine. ClinicalKey AI’s search interface includes many features t ||| ical reference texts, full-text articles from the Clinics series, drug information, and select government publications. When prompted, ClinicalKey AI also considers the patient context, such as comorbidities and current medications, and suggests relevant follow-up questions. By combining world-cla ||| on what truly matters, quality patient care. I think the speed of the answer and the ability to ask questions in natural language gives ClinicalKey AI a real edge over other clinical resources. To be able to ask a question in natural language and get a very prompt answer that is accurate and base ||| in natural language and get a very prompt answer that is accurate and based on evidence-based, peer-reviewed articles is great. Using ClinicalKey AI I’ve found I’m able to find things in less than a minute or two. Barr y Wendt MD CMIO, St. Elizabeth Healthcare 94% Over 65% of physicians and advan ||| MD CMIO, St. Elizabeth Healthcare 94% Over 65% of physicians and advanced practice providers (APPs) agreed if they had daily access to ClinicalKey AI it would enhance the quality of patient care. Of those who responded, 94% said they were highly satisfied with accuracy ClinicalKey AI: A conversat ||| versities and companies including startups and small businesses, and non-profits, among other organisations. Data are collated and categorised with machine learning to provide a comprehensive view of TIP’s investment landscape. The data and analysis are displayed in a clear, interactive dashboard. The tool ill",no,no,vague_general_ai_reference,DUPG-036,rejected,,
REL-REJ-060,RELX,REL,RELX 2024 Annual Report,REL_company_annual_report_previous_fy2024.pdf,,annual_report_previous,company_primary,p.24,AI;generative AI,A;B,6,"ading citation service, Shepard’s, advising on the continuing relevance of case law precedents. Lexis+ AI was introduced in the US in 2023 and is a generative AI platform designed to transform legal work. It is built and trained on one of the world’s largest repositories of accurate and exclusive legal conte ||| Classeur. In Canada during September 2024, Lexis+ AI was commercially launched in French, becoming the first comprehensive bilingual Canadian legal generative AI solution available in the country. Lexis + AI US was also launched in Asia, with customers in China, Japan and Korea. We help lawyers win cases, m ||| to help make better informed decisions in the practice of law. Standard products for legal research and analytics include Lexis, Lexis+, and Lexis+ AI, which provide statutes and case law combined with analysis and expert commentaries from secondary sources, such as Matthew Bender, and incorporate ||| customers with trusted, comprehensive legal results with unmatched speed and precision and backed by verifiable, citable authority. The new Lexis+ AI technology features conversational search, insightful summarisation, uploaded document analysis, and intelligent legal drafting capabilities, all s ||| t was successfully rolled out across the world. In June 2024, Lexis+ AI was commercially launched to the UK and Australia markets. In July, Lexis+ AI was launched in France, with not only primary sources like case law but also secondary doctrinal content like the JurisClasseur. In Canada during S ||| r clients better, and grow their practices by deploying advanced analytics and latest, cutting-edge technology, including artificial intelligence (AI). We assist corporations in better understanding their markets and monitoring relevant news. We partner with leading global associations and cust",no,no,vague_general_ai_reference,DUPG-037,rejected,,
REL-REJ-061,RELX,REL,RELX 2024 Annual Report,REL_company_annual_report_previous_fy2024.pdf,,annual_report_previous,company_primary,p.25,AI;artificial intelligence;generative AI,A;B,15,"ading citation service, Shepard’s, advising on the continuing relevance of case law precedents. Lexis+ AI was introduced in the US in 2023 and is a generative AI platform designed to transform legal work. It is built and trained on one of the world’s largest repositories of accurate and exclusive legal conte ||| Classeur. In Canada during September 2024, Lexis+ AI was commercially launched in French, becoming the first comprehensive bilingual Canadian legal generative AI solution available in the country. Lexis + AI US was also launched in Asia, with customers in China, Japan and Korea. We help lawyers win cases, m ||| s legal customers to extract key insights from internal data and combine it with trusted LexisNexis content and AI capabilities for a personalised generative AI drafting experience. In France, LexisNexis closed the acquisition of Jar vis, a legal tech company with a practice management solution for law firm ||| risdictions. In the Intellectual Property (IP) analytics space, LexisNexis TechDiscovery was launched within the PatentSight+ platform, integrating Generative AI to transform patent searching for both patent professionals and the broader innovation community, accelerating speed to insight and decision-making ||| n user experience, continued to build out capabilities into its solution, enabling customers to migrate to its cloud-based offering. Lexis+ AI is a generative AI platform designed to transform legal work with an initial emphasis on enhanced search, summarisation and drafting Lexis+ is a legal analytics ecosy ||| to help make better informed decisions in the practice of law. Standard products for legal research and analytics include Lexis, Lexis+, and Lexis+ AI, which provide statutes and case law combined with analysis and expert commentaries from secondary sources, such as Matthew Bender, and incorporate ||| customers with trusted, comprehensive legal results with unmatched speed and precision and backed by verifiable, citable authority. The new Lexis+ AI technology features conversational search, insightful summarisation, uploaded document analysis, and intelligent legal drafting capabilities, all s ||| t was successfully rolled out across the world. In June 2024, Lexis+ AI was commercially launched to the UK and Australia markets. In July, Lexis+ AI was launched in France, with not only primary sources like case law but also secondary doctrinal content like the JurisClasseur. In Canada during S ||| r clients better, and grow their practices by deploying advanced analytics and latest, cutting-edge technology, including artificial intelligence (AI). We assist corporations in better understanding their markets and monitoring relevant news. We partner with leading global associations and cust ||| stralia, Singapore, Hong Kong, South Africa, Malaysia and New Zealand Legal 23RELX Annual Report 2024 | Legal LexisNexis Protégé, a new personalised AI Assistant in Lexis+ AI, was unveiled to the global market in 2024, setting the stage for a broad-scale release in 2025. Protégé is an AI feature of ||| spute Resolution and Property. In South Africa, the Lexis+ platform was made available to all customer segments in 2024, paving the way for Lexis+ AI in 2025. In New Zealand, Lexis+ was launched in July 2024. In Malaysia, Lexis+ was also launched in July 2024 with Malaysia Legislation Citator, pr ||| nced view of company litigation history for business development, competitive analysis and case strategy. In 2024, LexisNexis launched Intelligize+ AI, the next generation of its premier SEC compliance analytics and research platform. The reimagined platform includes generative artificial intellig ||| ed to transform legal work with an initial emphasis on enhanced search, summarisation and drafting Lexis+ is a legal analytics ecosystem that uses AI and superior search technology to deliver legal research and news, data-driven insights, and practical guidance seamlessly into legal workflows In ||| with the launch of Healthcare Authority. In 2024, it also expanded global legal news coverage with the launch of MLex’s Intellectual Property and Artificial Intelligence coverage. LexisNexis continued to enrich core solutions across global segments in 2024. In July 2024, LexisNexis completed the acquisition of Henc ||| ight and decision-making. PatentSight+ provides global innovators with contextualised, evidence-based innovation insights and analytics, leveraging artificial intelligence and powerful visualisations to gain strategic insights from patent information. LexisNexis Regulatory Compliance is positioned to support our clie",no,no,vague_general_ai_reference,DUPG-038,rejected,,
REL-REJ-062,RELX,REL,RELX 2024 Annual Report,REL_company_annual_report_previous_fy2024.pdf,,annual_report_previous,company_primary,p.26,AI;generative AI,A;B,8,"gulation, regulatory complexity and litigation, and an increasing number of lawyers. Additional market opportunities are presented by the advent of generative AI and increasing demand for online information solutions, legal analytics, and other solutions, along with decision suppor t solutions that improve t ||| cused on introducing next-generation products and solutions on the Lexis platform and infrastructure; incorporating advanced technologies including generative AI; driving long-term international growth; and upgrading operational infrastructure, improving process efficiency, and gradually improving margins. A ||| er 50 different languages. Other core products include Nexis Newsdesk for media monitoring, and Nexis Diligence+ for risk assessments. Nexis+ AI, a generative AI platform designed to transform business research, was launched in 2024. It is built on one of the world’s largest repositories of generative AI lic ||| market Type Transactional 20% Subscription 80% Print & face-to-face 9% Electronic 91% Rest of world 11% Europe 21% North America 68% content. Nexis+ AI features powerful research, document summarisation, and conversational search features to meet the evolving needs of modern businesses. Nexis Solut ||| ions with greater accuracy and efficiency. Global functions and presence enable LexisNexis to effectively launch and scale products such as Lexis+ AI across segments, leveraging shared assets from product design to back-end functionality. The Legal mission to advance the rule of law globally has ||| legal professionals across major US federal agencies and state and local government in upholding the rule of law. Products such as Lexis+, Lexis+ AI and Practical Guidance enable efficient research, while CaseMap helps manage and collaborate on legal cases. LexisNexis Reed Tech also provides pat ||| legal analytics tools to tackle complex research, deliver quality drafts, and track key issues in the practice of law. LexisNexis launched Lexis+ AI to 150,000 US law school students and faculty in 2024, which helped drive preference to an all-time high. News & Business, representing just under 1 ||| siness information and insights, including company information and US Public Records. Standard products for business research are Nexis and Nexis+ AI, which provide access to over 39,000 licensed sources, including a 45-year news archive across over 50 different languages. Other core products inc",no,no,vague_general_ai_reference,DUPG-039,rejected,,
REL-REJ-063,RELX,REL,RELX 2024 Annual Report,REL_company_annual_report_previous_fy2024.pdf,,annual_report_previous,company_primary,p.27,AI;generative AI,A;B,9,"gulation, regulatory complexity and litigation, and an increasing number of lawyers. Additional market opportunities are presented by the advent of generative AI and increasing demand for online information solutions, legal analytics, and other solutions, along with decision suppor t solutions that improve t ||| cused on introducing next-generation products and solutions on the Lexis platform and infrastructure; incorporating advanced technologies including generative AI; driving long-term international growth; and upgrading operational infrastructure, improving process efficiency, and gradually improving margins. A ||| er 50 different languages. Other core products include Nexis Newsdesk for media monitoring, and Nexis Diligence+ for risk assessments. Nexis+ AI, a generative AI platform designed to transform business research, was launched in 2024. It is built on one of the world’s largest repositories of generative AI lic ||| djusted operating margin. Lexis+, our integrated platform leveraging extractive AI, continued to perform well. Lexis+ AI, additionally leveraging generative AI, continued its successful roll-out in the US and launched in international markets. Protégé, our recently launched next generation generative AI le ||| market Type Transactional 20% Subscription 80% Print & face-to-face 9% Electronic 91% Rest of world 11% Europe 21% North America 68% content. Nexis+ AI features powerful research, document summarisation, and conversational search features to meet the evolving needs of modern businesses. Nexis Solut ||| ions with greater accuracy and efficiency. Global functions and presence enable LexisNexis to effectively launch and scale products such as Lexis+ AI across segments, leveraging shared assets from product design to back-end functionality. The Legal mission to advance the rule of law globally has ||| legal professionals across major US federal agencies and state and local government in upholding the rule of law. Products such as Lexis+, Lexis+ AI and Practical Guidance enable efficient research, while CaseMap helps manage and collaborate on legal cases. LexisNexis Reed Tech also provides pat ||| legal analytics tools to tackle complex research, deliver quality drafts, and track key issues in the practice of law. LexisNexis launched Lexis+ AI to 150,000 US law school students and faculty in 2024, which helped drive preference to an all-time high. News & Business, representing just under 1 ||| siness information and insights, including company information and US Public Records. Standard products for business research are Nexis and Nexis+ AI, which provide access to over 39,000 licensed sources, including a 45-year news archive across over 50 different languages. Other core products inc",no,no,vague_general_ai_reference,DUPG-040,rejected,,
REL-REJ-064,RELX,REL,RELX 2024 Annual Report,REL_company_annual_report_previous_fy2024.pdf,,annual_report_previous,company_primary,p.28,AI;generative AI;large language model,A;B,15,"26 RELX Annual Report 2024 | Market segments About Lexis+ AI: Lexis+ AI is a generative AI solution designed to transform legal work. Lexis+ AI enables conversational legal research, insightful summarisation, intelligent legal drafting, a ||| d final AI-generated responses. LexisNexis Legal & Professional has been using extractive AI capabilities for over a decade. Lexis+ AI incorporates generative AI, building on a foundation of prior extractive AI investments. Before 2020, LexisNexis’ primary solution was Lexis Advance, a legal electronic refe ||| serving many use cases from a single location. In 2023, Lexis+ AI was introduced, a natural progression of the LexisNexis platform that incorporates generative AI technology, significantly expanding the universe of use cases available to customers. Lexis+ AI is unique in that it leverages the deepest collect ||| t collection of trusted proprietary legal content and legal metadata to deliver the highest-quality answers and citation references. Research about generative AI indicates that privacy and security, as well as accuracy, are key considerations for legal customers. Understanding this, LexisNexis made critical ||| ll as accuracy, are key considerations for legal customers. Understanding this, LexisNexis made critical technical decisions early on to inform its generative AI product development. LexisNexis prioritises data privacy and security by ensuring the safe use of AI in product development, in line with the RELX ||| deploy new models with speed. 100bn + LexisNexis Legal & Professional’s content sets include more than 100bn documents and records The LexisNexis Generative AI Journey: How LexisNexis Legal & Professional built its legal AI model Our legal customers look to us as their trusted adviser in the AI journey. Fo ||| gal work. Jeff Reihl Chief Technology Officer, LexisNexis Legal & Professional Comprehensive content and accuracy are critical for creating reliable generative AI-based solutions. The combination of breadth, depth, type of content, and value-add entity extraction and linking creates unique and powerful assets ||| on. The product is also available in 100% of American Bar Association-accredited law schools, helping prepare the next generations of lawyers. The generative AI use cases open new value opportunities for customers. In August 2024, LexisNexis announced Protégé for customer preview. Protégé is a next-generati ||| ue opportunities for customers. In August 2024, LexisNexis announced Protégé for customer preview. Protégé is a next-generation personalised legal generative AI assistant that leverages LexisNexis’ comprehensive repository of authoritative content and the customer’s own proprietar y documents, past work, an ||| 100bn documents and records, with more than 2m documents added every day from over 50,000 sources. The company uses its own content sets to ground large language model (LLM) answers via Retrieval Augmented Generation (RAG). Additionally, LexisNexis employs hundreds of legal exper ts and data scientists to improve ||| capabilities. Using the LexisNexis proprietary Retrieval Augmented Generation platform, integrated with advanced Shepard’s Knowledge Graph, Lexis+ AI answers are grounded in LexisNexis content – one of the world’s largest repositories of current, exclusive legal content – and customers can harne ||| onic reference research platform. The business also offered a set of high-value standalone workflow, analytics, and decision tools using extractive AI technology that customers could purchase separately. In 2020, LexisNexis released Lexis+, an integrated platform that combines electronic reference ||| ustomers could purchase separately. In 2020, LexisNexis released Lexis+, an integrated platform that combines electronic reference with extractive AI technology and advanced analytics insights. Customers using Lexis+ are able to access an entire suite of solutions serving many use cases from a si ||| model Our legal customers look to us as their trusted adviser in the AI journey. For years, we have rapidly experimented with, deployed, and scaled AI and advanced technologies. Because of our track record of AI innovation, we are uniquely suited to support our customers’ success with seamless AI ||| neration (RAG). Additionally, LexisNexis employs hundreds of legal exper ts and data scientists to improve LLM answers, and fine-tune LLMs. Lexis+ AI has been launched in the US, the UK, France, Australia and Canada, with additional countries coming soon. The product is also available in 100% of",no,no,vague_general_ai_reference,DUPG-041,rejected,,
REL-REJ-065,RELX,REL,RELX 2024 Annual Report,REL_company_annual_report_previous_fy2024.pdf,,annual_report_previous,company_primary,p.29,AI;generative AI;large language model,A;B,24,"26 RELX Annual Report 2024 | Market segments About Lexis+ AI: Lexis+ AI is a generative AI solution designed to transform legal work. Lexis+ AI enables conversational legal research, insightful summarisation, intelligent legal drafting, a ||| d final AI-generated responses. LexisNexis Legal & Professional has been using extractive AI capabilities for over a decade. Lexis+ AI incorporates generative AI, building on a foundation of prior extractive AI investments. Before 2020, LexisNexis’ primary solution was Lexis Advance, a legal electronic refe ||| serving many use cases from a single location. In 2023, Lexis+ AI was introduced, a natural progression of the LexisNexis platform that incorporates generative AI technology, significantly expanding the universe of use cases available to customers. Lexis+ AI is unique in that it leverages the deepest collect ||| t collection of trusted proprietary legal content and legal metadata to deliver the highest-quality answers and citation references. Research about generative AI indicates that privacy and security, as well as accuracy, are key considerations for legal customers. Understanding this, LexisNexis made critical ||| ll as accuracy, are key considerations for legal customers. Understanding this, LexisNexis made critical technical decisions early on to inform its generative AI product development. LexisNexis prioritises data privacy and security by ensuring the safe use of AI in product development, in line with the RELX ||| deploy new models with speed. 100bn + LexisNexis Legal & Professional’s content sets include more than 100bn documents and records The LexisNexis Generative AI Journey: How LexisNexis Legal & Professional built its legal AI model Our legal customers look to us as their trusted adviser in the AI journey. Fo ||| gal work. Jeff Reihl Chief Technology Officer, LexisNexis Legal & Professional Comprehensive content and accuracy are critical for creating reliable generative AI-based solutions. The combination of breadth, depth, type of content, and value-add entity extraction and linking creates unique and powerful assets ||| on. The product is also available in 100% of American Bar Association-accredited law schools, helping prepare the next generations of lawyers. The generative AI use cases open new value opportunities for customers. In August 2024, LexisNexis announced Protégé for customer preview. Protégé is a next-generati ||| ue opportunities for customers. In August 2024, LexisNexis announced Protégé for customer preview. Protégé is a next-generation personalised legal generative AI assistant that leverages LexisNexis’ comprehensive repository of authoritative content and the customer’s own proprietar y documents, past work, an ||| 100bn documents and records, with more than 2m documents added every day from over 50,000 sources. The company uses its own content sets to ground large language model (LLM) answers via Retrieval Augmented Generation (RAG). Additionally, LexisNexis employs hundreds of legal exper ts and data scientists to improve ||| capabilities. Using the LexisNexis proprietary Retrieval Augmented Generation platform, integrated with advanced Shepard’s Knowledge Graph, Lexis+ AI answers are grounded in LexisNexis content – one of the world’s largest repositories of current, exclusive legal content – and customers can harne ||| onic reference research platform. The business also offered a set of high-value standalone workflow, analytics, and decision tools using extractive AI technology that customers could purchase separately. In 2020, LexisNexis released Lexis+, an integrated platform that combines electronic reference ||| ustomers could purchase separately. In 2020, LexisNexis released Lexis+, an integrated platform that combines electronic reference with extractive AI technology and advanced analytics insights. Customers using Lexis+ are able to access an entire suite of solutions serving many use cases from a si ||| model Our legal customers look to us as their trusted adviser in the AI journey. For years, we have rapidly experimented with, deployed, and scaled AI and advanced technologies. Because of our track record of AI innovation, we are uniquely suited to support our customers’ success with seamless AI ||| neration (RAG). Additionally, LexisNexis employs hundreds of legal exper ts and data scientists to improve LLM answers, and fine-tune LLMs. Lexis+ AI has been launched in the US, the UK, France, Australia and Canada, with additional countries coming soon. The product is also available in 100% of ||| horitative content and the customer’s own proprietar y documents, past work, and other firm knowledge. 27RELX Annual Report 2024 | Legal 200% Lexis+ AI saves Nakat lawyers approximately 3.5 hours a day and has boosted productivity by 200%. This efficiency gain has allowed us to allocate more time t ||| sted productivity by 200%. This efficiency gain has allowed us to allocate more time to strategic management and proactive client engagement Lexis+ AI has become indispensable for us. By leveraging Lexis+ AI, we have been able to optimise our operational costs. The savings in time and resources h ||| ality end-to-end outcomes for its clients by utilising disruptive technology to assist with navigating complex legal issues. Before adopting Lexis+ AI, Adam and his team faced challenges common to smaller firms, such as resource limitations and stringent timeframes. Legal research at Nakat Law was ||| smaller firms, such as resource limitations and stringent timeframes. Legal research at Nakat Law was a time-consuming endeavour. Not anymore. “The AI’s ability to provide instant and reliable responses to complex legal queries has been revolutionary. It not only saves us time but also ensures th ||| the latest and most relevant case law and statutes. The ability to receive instantaneous and reliable responses to legal queries, coupled with the AI’s capability to suggest pertinent case law and summarise complex legal documents, has been immensely valuable.” Lexis+ AI’s artificial intelligence ||| ts for inconsistencies, and suggest improvements based on established legal precedents.” One of the standout features for Nakat Law has been Lexis+ AI’s document comparison and analysis capabilities. In addition to greater efficiency that allows for more hands-on client engagement, Lexis+ AI also ||| nds-on client engagement, Lexis+ AI also helps Adam and his team with risk mitigation. But it’s not just human errors that can be reduced – Lexis+ AI delivers search results that minimise hallucinations because its answers are grounded in LexisNexis legal content. The cost savings, too, cannot be ||| The cost savings, too, cannot be understated. For a growing firm like Nakat Law, cost efficiency is paramount. Beyond internal efficiencies, Lexis+ AI has also enhanced Nakat Law’s client service capabilities and ability to realise value to its clients. By delivering superior client outcomes and gr ||| client service capabilities and ability to realise value to its clients. By delivering superior client outcomes and greater cost efficiency, Lexis+ AI has helped Nakat Law quickly gain a reputation as a formidable contender in Melbourne’s legal market. Adam and his team’s experience with the platf",no,no,vague_general_ai_reference,DUPG-042,rejected,,
REL-REJ-066,RELX,REL,RELX 2024 Annual Report,REL_company_annual_report_previous_fy2024.pdf,,annual_report_previous,company_primary,p.39,AI,B,2,nd Compliance 50 Elsevier won gold at the Employer Brand Management Awards for Best Ongoing Commitment to Employer Brand Elsevier’s ClinicalKey AI won the Pioneer in Healthcare AI Award at the Times Network India Health Awards Legal Exhibitions LexisNexis Legal & Professional was named as ||| in Healthcare AI Award at the Times Network India Health Awards Legal Exhibitions LexisNexis Legal & Professional was named as the Best Overall AI Company at the AI Breakthrough Awards LexisNexis Legal & Professional was named as Best Company for Global Culture by Comparably RX Germany was,no,no,vague_general_ai_reference,DUPG-043,rejected,,
REL-REJ-067,RELX,REL,RELX 2024 Annual Report,REL_company_annual_report_previous_fy2024.pdf,,annual_report_previous,company_primary,p.43,AI,B,2,"would have otherwise cost more than £5m to make open access. We held our annual RELX SDG Inspiration Day during the year with a focus on the use of AI to advance the SDGs, giving thought leaders, corporate representatives, investors, governments, and NGOs a platform to discuss challenges and oppor ||| vious year. We published 14 special issues in 2024 featuring curated articles, book chapters and other content on critical topics. This included an AI special collection to coincide with the RELX SDG Inspiration Day, providing the over 1,100 attendees, and others, with additional resources on the",no,no,vague_general_ai_reference,DUPG-044,rejected,,
REL-REJ-068,RELX,REL,RELX 2024 Annual Report,REL_company_annual_report_previous_fy2024.pdf,,annual_report_previous,company_primary,p.44,artificial intelligence,B,1,"plier Code of Conduct, Tax Principles, Privacy Principles, Inclusion and Diversity Policy, Health and Safety Policy, Editorial Policy, Responsible Artificial Intelligence Principles, Quality First Principles and Product Donation Policy. Helping our people pursue the highest standards of integrity Doing the Right Thin",no,no,vague_general_ai_reference,DUPG-071,rejected,,
REL-REJ-069,RELX,REL,RELX 2024 Annual Report,REL_company_annual_report_previous_fy2024.pdf,,annual_report_previous,company_primary,p.45,artificial intelligence,B,1,"plier Code of Conduct, Tax Principles, Privacy Principles, Inclusion and Diversity Policy, Health and Safety Policy, Editorial Policy, Responsible Artificial Intelligence Principles, Quality First Principles and Product Donation Policy. Helping our people pursue the highest standards of integrity Doing the Right Thin",no,no,vague_general_ai_reference,DUPG-072,rejected,,
REL-REJ-070,RELX,REL,RELX 2024 Annual Report,REL_company_annual_report_previous_fy2024.pdf,,annual_report_previous,company_primary,p.46,AI,B,1,"information is involved. For example, we have completed external audits on our Risk data centres in the US and our ScienceDirect, Lexis+ and Lexis+ AI products; in addition, our UK Risk products have been ISO27001 cer tified. More than 50% of the product revenue from our three largest business ar",no,no,audit_analytics,,rejected,,
REL-REJ-071,RELX,REL,RELX 2024 Annual Report,REL_company_annual_report_previous_fy2024.pdf,,annual_report_previous,company_primary,p.46,AI,B,2,"al data and implementing our Privacy Principles. For APAC Privacy Awareness Week 2024, we organised internal panel discussions focused on privacy, AI and trust. 2024 PERFORMANCE Enhanced processes for conducting privacy and data protection impact assessments Privacy impact assessments (PIAs) and ||| sues are also relevant to the investment decisions made by RE Venture Par tners, REL X’s corporate venture arm. RE V continues to invest in ethical AI, sustainable food technology and the creation of inclusive content for language learning. ^ Independently assured",no,no,vague_general_ai_reference,DUPG-045,rejected,,
REL-REJ-072,RELX,REL,RELX 2024 Annual Report,REL_company_annual_report_previous_fy2024.pdf,,annual_report_previous,company_primary,p.47,AI,B,1,"information is involved. For example, we have completed external audits on our Risk data centres in the US and our ScienceDirect, Lexis+ and Lexis+ AI products; in addition, our UK Risk products have been ISO27001 cer tified. More than 50% of the product revenue from our three largest business ar",no,no,audit_analytics,,rejected,,
REL-REJ-073,RELX,REL,RELX 2024 Annual Report,REL_company_annual_report_previous_fy2024.pdf,,annual_report_previous,company_primary,p.47,AI,B,2,"al data and implementing our Privacy Principles. For APAC Privacy Awareness Week 2024, we organised internal panel discussions focused on privacy, AI and trust. 2024 PERFORMANCE Enhanced processes for conducting privacy and data protection impact assessments Privacy impact assessments (PIAs) and ||| sues are also relevant to the investment decisions made by RE Venture Par tners, REL X’s corporate venture arm. RE V continues to invest in ethical AI, sustainable food technology and the creation of inclusive content for language learning. ^ Independently assured 45RELX Annual Report 2024 | Corpor",no,no,vague_general_ai_reference,DUPG-046,rejected,,
REL-REJ-074,RELX,REL,RELX 2024 Annual Report,REL_company_annual_report_previous_fy2024.pdf,,annual_report_previous,company_primary,p.48,AI;artificial intelligence;generative AI,A;B,9,"dent, data-backed decisions in complex commodity markets. Scientific, Technical & Medical Elsevier introduced Scopus AI in 2024. Scopus AI combines generative AI with Scopus’ trusted content and data to help researchers gain deeper insights faster, facilitate collaboration, and increase the societal impact o ||| vetted, based on over 30,000 academic journals from more than 7,000 publishers worldwide. Legal Legal expanded the roll-out of Lexis+ AI in 2024, a generative AI product designed to streamline legal research and drafting. The new platform delivers trusted results in an easy-to-use interface with linked legal ||| approach includes data sharing, intelligence mining, and customisation to address evolving fraud threats. ICIS, part of Risk, launched Ask ICIS Gen AI assistant. Ask ICIS distils the breadth and depth of ICIS trusted news and analysis to deliver short summaries or detailed reports in the language ||| ed content and data to help researchers gain deeper insights faster, facilitate collaboration, and increase the societal impact of research. Scopus AI provides summaries based on abstracts, allows navigation for extended exploration, and cites sources. Elsevier ensures that the content used in Sc ||| ides summaries based on abstracts, allows navigation for extended exploration, and cites sources. Elsevier ensures that the content used in Scopus AI is rigorously vetted, based on over 30,000 academic journals from more than 7,000 publishers worldwide. Legal Legal expanded the roll-out of Lexis+ ||| treamline legal research and drafting. The new platform delivers trusted results in an easy-to-use interface with linked legal citations, combining AI technology with proprietary LexisNexis search technology. It features conversational search, intelligent legal drafting, insightful summarisation ||| experience for our customers. Marta Sivanathan Bid Management Analyst LexisNexis Risk Solutions Legal launched LexisNexis TechDiscovery in 2024, an AI-powered tool designed to simplify patent research. The tool makes patent searches fast and intuitive, allowing both IP experts and business par tn ||| using Lead Manager App and Colleqt QR Code in 2024, an increase of 88% over 2023. R X’s event registration system, Mercur y, uses attendee data and AI to recommend exhibitors to individual visitors based on the products and solutions they are searching for. The product has been deployed at 100 eve ||| ormation-based analytics and decision tools for professional and business customers that benefit their daily work. Digital knowledge and innovation, Artificial Intelligence across RELX: advancing customer goals Across RELX, we work to address customer challenges through digital innovation. In 2024, electronic products",no,no,vague_general_ai_reference,DUPG-047,rejected,,
REL-REJ-075,RELX,REL,RELX 2024 Annual Report,REL_company_annual_report_previous_fy2024.pdf,,annual_report_previous,company_primary,p.49,AI;artificial intelligence;generative AI,A;B,11,"dent, data-backed decisions in complex commodity markets. Scientific, Technical & Medical Elsevier introduced Scopus AI in 2024. Scopus AI combines generative AI with Scopus’ trusted content and data to help researchers gain deeper insights faster, facilitate collaboration, and increase the societal impact o ||| vetted, based on over 30,000 academic journals from more than 7,000 publishers worldwide. Legal Legal expanded the roll-out of Lexis+ AI in 2024, a generative AI product designed to streamline legal research and drafting. The new platform delivers trusted results in an easy-to-use interface with linked legal ||| approach includes data sharing, intelligence mining, and customisation to address evolving fraud threats. ICIS, part of Risk, launched Ask ICIS Gen AI assistant. Ask ICIS distils the breadth and depth of ICIS trusted news and analysis to deliver short summaries or detailed reports in the language ||| ed content and data to help researchers gain deeper insights faster, facilitate collaboration, and increase the societal impact of research. Scopus AI provides summaries based on abstracts, allows navigation for extended exploration, and cites sources. Elsevier ensures that the content used in Sc ||| ides summaries based on abstracts, allows navigation for extended exploration, and cites sources. Elsevier ensures that the content used in Scopus AI is rigorously vetted, based on over 30,000 academic journals from more than 7,000 publishers worldwide. Legal Legal expanded the roll-out of Lexis+ ||| treamline legal research and drafting. The new platform delivers trusted results in an easy-to-use interface with linked legal citations, combining AI technology with proprietary LexisNexis search technology. It features conversational search, intelligent legal drafting, insightful summarisation ||| experience for our customers. Marta Sivanathan Bid Management Analyst LexisNexis Risk Solutions Legal launched LexisNexis TechDiscovery in 2024, an AI-powered tool designed to simplify patent research. The tool makes patent searches fast and intuitive, allowing both IP experts and business par tn ||| using Lead Manager App and Colleqt QR Code in 2024, an increase of 88% over 2023. R X’s event registration system, Mercur y, uses attendee data and AI to recommend exhibitors to individual visitors based on the products and solutions they are searching for. The product has been deployed at 100 eve ||| ailable at www.relx.com/ corporateresponsibility/engaging-others/policies- anddownloads. The Principles are accompanied by a RELX position paper on AI and a dedicated address that anyone can use to provide feedback or raise queries: ResponsibleAI@relx.com The Principles state: We consider the real ||| file testing received 92% scores in all categories. In 2024, Elsevier undertook research with people with disabilities, including users of Scopus AI, and other products. To improve the compatibility of screen readers with animated 3D simulations, Elsevier’s Shadow Health Digital Clinical Experie ||| ormation-based analytics and decision tools for professional and business customers that benefit their daily work. Digital knowledge and innovation, Artificial Intelligence across RELX: advancing customer goals Across RELX, we work to address customer challenges through digital innovation. In 2024, electronic products",no,no,vague_general_ai_reference,DUPG-049,rejected,,
REL-REJ-076,RELX,REL,RELX 2024 Annual Report,REL_company_annual_report_previous_fy2024.pdf,,annual_report_previous,company_primary,p.50,GenAI,A,1,"ides library and information science professionals worldwide with opportunities for knowledge sharing. In 2024, Library Connect Academy launched a GenAI Literacy programme for librarians. Covering Library and Information Science (LIS) best practices, trends and technology, The Library Connect Newsle",no,no,vague_general_ai_reference,,rejected,,
REL-REJ-077,RELX,REL,RELX 2024 Annual Report,REL_company_annual_report_previous_fy2024.pdf,,annual_report_previous,company_primary,p.51,GenAI,A,1,"ides library and information science professionals worldwide with opportunities for knowledge sharing. In 2024, Library Connect Academy launched a GenAI Literacy programme for librarians. Covering Library and Information Science (LIS) best practices, trends and technology, The Library Connect Newsle",no,no,vague_general_ai_reference,,rejected,,
REL-REJ-078,RELX,REL,RELX 2024 Annual Report,REL_company_annual_report_previous_fy2024.pdf,,annual_report_previous,company_primary,p.52,AI,B,1,"imbursement. We are focused on helping our people build skills for the future such as data analytics, product and technology development (including AI), and product ownership and management. Our CEO and the RELX business leaders care deeply about helping our people to develop and actively participa",no,no,vague_general_ai_reference,,rejected,,
REL-REJ-079,RELX,REL,RELX 2024 Annual Report,REL_company_annual_report_previous_fy2024.pdf,,annual_report_previous,company_primary,p.53,AI,B,1,"imbursement. We are focused on helping our people build skills for the future such as data analytics, product and technology development (including AI), and product ownership and management. Our CEO and the RELX business leaders care deeply about helping our people to develop and actively participa",no,no,vague_general_ai_reference,,rejected,,
REL-REJ-080,RELX,REL,RELX 2024 Annual Report,REL_company_annual_report_previous_fy2024.pdf,,annual_report_previous,company_primary,p.76,AI;generative AI,A;B,4,"isks, we also identify emerging risks which could impact our business in the next 3-5 years. The development of Ar tificial Intelligence (AI), and generative AI in particular, creates opportunities for us to add more value for our customers, with an associated emerging risk from not capturing those opportun ||| associated emerging risk from not capturing those opportunities in a timely manner. In addition, as we develop products for our customers utilising AI, including with increased customisation, we need to ensure we do so with controls to mitigate emerging risks related to Intellectual property righ ||| rammes to monitor compliance and conduct training and awareness programmes for our employees. Our commitment to fair, explainable, and accountable AI practices as set out in our Responsible Ar tificial Intelligence Principles, helps to ensure that our AI uses of personal data are subject to robu ||| ellectual property. There is a risk that our proprietary rights could be challenged, limited, invalidated, infringed, or circumvented, including by AI technologies, which may impact demand for and pricing of our products and services. Copyright laws are subject to national legislative initiatives,",no,no,vague_general_ai_reference,DUPG-050,rejected,,
REL-REJ-081,RELX,REL,RELX 2024 Annual Report,REL_company_annual_report_previous_fy2024.pdf,,annual_report_previous,company_primary,p.77,AI;generative AI,A;B,4,"isks, we also identify emerging risks which could impact our business in the next 3-5 years. The development of Ar tificial Intelligence (AI), and generative AI in particular, creates opportunities for us to add more value for our customers, with an associated emerging risk from not capturing those opportun ||| associated emerging risk from not capturing those opportunities in a timely manner. In addition, as we develop products for our customers utilising AI, including with increased customisation, we need to ensure we do so with controls to mitigate emerging risks related to Intellectual property righ ||| rammes to monitor compliance and conduct training and awareness programmes for our employees. Our commitment to fair, explainable, and accountable AI practices as set out in our Responsible Ar tificial Intelligence Principles, helps to ensure that our AI uses of personal data are subject to robu ||| ellectual property. There is a risk that our proprietary rights could be challenged, limited, invalidated, infringed, or circumvented, including by AI technologies, which may impact demand for and pricing of our products and services. Copyright laws are subject to national legislative initiatives,",no,no,vague_general_ai_reference,DUPG-051,rejected,,
REL-REJ-082,RELX,REL,RELX 2024 Annual Report,REL_company_annual_report_previous_fy2024.pdf,,annual_report_previous,company_primary,p.79,large language model,A,1,"organisational and operational structures depend on suppliers including outsourced and offshored functions, as well as cloud service, software, and large language model providers. Poor performance, failure or breach of third parties to whom we have contracted could adversely affect our business performance, reputa",no,no,vague_general_ai_reference,DUPG-075,rejected,,
REL-REJ-083,RELX,REL,RELX 2024 Annual Report,REL_company_annual_report_previous_fy2024.pdf,,annual_report_previous,company_primary,p.95,AI;generative AI,A;B,3,"inar on the Legal business, presenting customer use cases and a demonstration of Lexis + AI and Protégé, a new product which further expands on the Generative AI capabilities of Lexis+ AI. The event was attended by over 180 investors and analysts. The presentation demonstrated the strategic position of our L ||| s+ AI. The event was attended by over 180 investors and analysts. The presentation demonstrated the strategic position of our Legal business in the AI space and the Board were provided with the feedback from attendees. The presentation is available at www.relx.com/investors. Further information a ||| he Board were provided with the feedback from attendees. The presentation is available at www.relx.com/investors. Further information about Lexis+ AI and Protégé is on pages 22 and 23. §The Company held its AGM with shareholders in April. §RELX’s material communications to investors, including th",no,no,vague_general_ai_reference,DUPG-052,rejected,,
REL-REJ-084,RELX,REL,RELX 2024 Annual Report,REL_company_annual_report_previous_fy2024.pdf,,annual_report_previous,company_primary,p.104,artificial intelligence,B,1,"e develop and deploy these tools across the company by leveraging deep customer understanding to combine leading content and data sets with powerful artificial intelligence and other technologies. This has been a key driver of the evolution of our business for well over a decade, and will remain a key driver of customer",no,no,vague_general_ai_reference,,rejected,,
REL-REJ-085,RELX,REL,RELX 2024 Annual Report,REL_company_annual_report_previous_fy2024.pdf,,annual_report_previous,company_primary,p.105,artificial intelligence,B,1,"e develop and deploy these tools across the company by leveraging deep customer understanding to combine leading content and data sets with powerful artificial intelligence and other technologies. This has been a key driver of the evolution of our business for well over a decade, and will remain a key driver of customer",no,no,vague_general_ai_reference,,rejected,,
REL-REJ-086,RELX,REL,RELX 2024 Annual Report,REL_company_annual_report_previous_fy2024.pdf,,annual_report_previous,company_primary,p.131,machine learning,B,1,"94,000). 129RELX Annual Report 2024 | Directors’ Report Research and development RELX undertakes research and development activities in the areas of machine learning, natural language processing, predictive analytics, content search, and other technologies to innovate and enhance our product offering and custome",no,no,vague_general_ai_reference,,rejected,,
REL-REJ-087,RELX,REL,RELX 2024 Annual Report,REL_company_annual_report_previous_fy2024.pdf,,annual_report_previous,company_primary,p.185,AI,B,1,LD1 New Zealand LexisNexis NZ Limited Ordinary NZL1 Philippines Reed Elsevier Shared Services (Philippines) Inc. Common PHL1 Poland AI Digital Contracts Sp. z.o.o. Ordinary POL1 Elsevier Sp. z.o.o. Ordinary POL2 Singapore Elsevier (Singapore) Pte Limited Ordinary SGP1 LNRS Da,no,no,vague_general_ai_reference,DUPG-076,rejected,,
REL-REJ-088,RELX,REL,RELX 2024 Annual Report,REL_company_annual_report_previous_fy2024.pdf,,annual_report_previous,company_primary,p.230,artificial intelligence,B,1,em. Material matters relevant to ESRS S4 cover data privacy and security and ar tificial intelligence. For more information on the RELX Responsible Artificial Intelligence Principles see page 217. We have robust data privacy and security policies and procedures to avoid unauthorised access to Personal Identifiable In,no,no,vague_general_ai_reference,DUPG-077,rejected,,
REL-REJ-089,RELX,REL,RELX 2024 Annual Report,REL_company_annual_report_previous_fy2024.pdf,,annual_report_previous,company_primary,p.231,artificial intelligence,B,1,em. Material matters relevant to ESRS S4 cover data privacy and security and ar tificial intelligence. For more information on the RELX Responsible Artificial Intelligence Principles see page 217. We have robust data privacy and security policies and procedures to avoid unauthorised access to Personal Identifiable In,no,no,vague_general_ai_reference,DUPG-078,rejected,,
REL-REJ-090,RELX,REL,How RELX is adopting generative AI,REL_company_strategy_or_technology_webpage_how-relx-is-adopting-generative-ai_2026-03.html,,strategy_or_technology_webpage,company_primary,not_applicable,AI;GenAI;RAG;agentic AI;artificial intelligence;generative AI;large language model,A;B,86,"2026 At RELX, AI isn’t new to us. We’ve been embracing artificial intelligence technologies for well over a decade, incorporating extractive and now generative AI techniques into much of our work. While extractive AI is relevant for machine-to-machine interactions, generative AI is particularly relevant for hu ||| an make a real difference for these professional customers who make high value decisions and need to trust the information they are getting. Applying generative AI tools can be transformative for their workflow. More than 12,000 technologists, over half of whom are software engineers, work at RELX. Annually, th ||| t generation innovation allow us to create effective solutions for our customers. Here are examples of commercially available products incorporating generative AI and already making a difference to our professional customers. (Click a product name to read more.) Ask ICIS for commodities and energy markets On ||| tform seamlessly integrates each wave of AI innovation, including extractive AI, which finds relevant results within data and provides deep insights; generative AI, which excels at creating new content from data based on user-entered prompts or instruction; and now agentic AI, which can intelligently and indepen ||| in some cases, exclusive – content licensing agreements with publishers around the world. This enables the company to deliver contextually relevant, generative AI-derived answers and insights with direct links to the original source material to mitigate the risk of AI hallucinations. It also creates monetisatio ||| shers, reflecting the value of their content. According to the 2025 LexisNexis Future of Work Report, 73 percent of professionals say their trust in generative AI depends on accuracy, transparency, and reliable data sources. Nexis+ AI seeks to alleviate these concerns through reputable content and by taking a r ||| k and realise innovative solutions for growth. PharmaPendium AI Supporting RESEARCHERS Find out more about PharmaPendium AI PharmaPendium AI is a generative AI assistant for regulatory intelligence in drug development. The solution transforms how regulatory affairs professionals, preclinical and clinical res ||| ed information that is relevant and highly personalised. Embase AI Supporting Biomedical RESEARCHERS Find out more about Embase AI Embase AI is a generative AI powered version of Embase, the leading biomedical literature database. Embase AI transforms access to biomedical research with natural language searc ||| linicians Find out more about ClinicalKey AI ClinicalKey AI combines trusted, evidence-based clinical content with conversational search powered by generative AI to support clinicians in delivering high-quality patient care. Access to reliable, evidence-based medical information is critical, especially given ||| ng students across the US, preparing them for both the National Council Licensure Examination (NCLEX) exam and clinical practice. The introduction of generative AI into its offerings aims to streamline access to trustworthy information, facilitating the education of the next generation of healthcare professional ||| k/workflow. Ask ICIS Supporting commodities and energy markets Find out more about Ask ICIS Launched in 2024, Ask ICIS is ICIS' first of its kind generative AI assistant that delivers subscribers an unparalleled access to standout energy and chemicals market intelligence. Ask ICIS distils the breadth and de ||| day. On-Time Performance (OTP) Awards AI Supporting aviation professionals Find out more about OTP Awards AI OTP Awards AI is the industry’s ﬁrst generative AI assistant designed speciﬁcally to give airlines and airports meaningful insight into their on-time performance (OTP). It is the ﬁrst of Cirium’s gene ||| nts that Cirium will be releasing to the market. AI Assist Supporting HR professionals Find out more about AI Assist AI Assist is an intelligent, GenAI-powered enhancement within the Brightmine HR & Compliance Centre that offers HR professionals fast, reliable and precise answers to complex HR and em ||| est models, including Claude Sonnet 4 from Anthropic and GPT-5, GPT-4o, and o3 from OpenAI. Protégé General AI allows users to select the underlying large language model (LLM) to power LexisNexis Protégé, the personalised AI assistant. This new functionality is purpose-built for legal professionals and was designed fo ||| ard of 17 world-renowned scientists, researchers and librarians who represent the major scientific disciplines. Scopus AI uses OpenAI’s GPT and other Large Language Model technology in combination with Elsevier’s own technologies. It uses fine-tuned mini language models for vectorising abstracts and is hosted on Azure. ||| move faster with greater confidence. It streamlines the discovery and contextualisation of actionable insights using retrieval augmented generation (RAG) and natural language processing. Early access users reported time savings of up to 66 percent per search and review session, potentially resulting i ||| , end-to-end legal AI workflows with a new user interface designed to make trusted legal work possible with one prompt. Building on the authoritative agentic AI capabilities available via Lexis+ AI – including conversational research, personalised legal drafting, document upload, summarisation and analysis – ||| ls. It is uniquely tailored to each individual user and securely integrated in the LexisNexis ecosystem. Developed responsibly with human oversight, agentic AI capabilities in Protégé can autonomously complete tasks based on user goals, including reviewing its own work and identifying areas where it can impr ||| t, high-quality results across teams, freeing legal professionals to focus on strategic work. LexisNexis Protégé General AI expands the personalised agentic AI capabilities of Protégé for secure access to general-purpose AI models from multiple providers within the Lexis+ AI workflow solution. As legal work ||| generative AI is particularly relevant for human-to-machine interactions, such as lawyers, doctors or medical researchers. When combining extractive AI with trusted curated content, you can make a real difference for these professional customers who make high value decisions and need to trust the inf ||| ference to our professional customers. (Click a product name to read more.) Ask ICIS for commodities and energy markets On-Time Performance Awards AI for aviation professionals AI Assist for HR professionals Osmosis AI for medical students LeapSpace for researchers ScienceDirect AI Now part of ||| s AI for medical students LeapSpace for researchers ScienceDirect AI Now part of LeapSpace for researchers Reaxys for researchers PharmaPendium AI for researchers Scopus AI for researchers Embase AI for biomedical researchers ClinicalKey AI for clinicians Sherpath AI for nursing students and ||| r nursing students and educators SciBite Chat for life sciences research & development Lexis+ with Protégé Flagship product, formerly called Lexis+ AI for legal professionals LexisNexis Protégé Included in many specialised solutions for legal professionals Nexis+ AI for research and business intel ||| in many specialised solutions for legal professionals Nexis+ AI for research and business intelligence Lexis+ with Protégé Formerly called Lexis+ AI FOR legal professionals Find out more about Lexis+ with Protégé Lexis+ with Protégé delivers purpose-built, end-to-end legal AI workflows with a n ||| essionals can now automate their work to an even greater extent using Lexis+ with Protégé, the new, integrated flagship platform that replaces Lexis+ AI. Customers can ask any legal question using a single, conversational prompt box, and seamlessly access pre-built and custom workflow capabilities. A ||| an ask any legal question using a single, conversational prompt box, and seamlessly access pre-built and custom workflow capabilities. As with Lexis+ AI before it, Lexis+ with Protégé is underpinned by Shepard’s citations and lets users securely work with their own documents, trusted LexisNexis conten ||| Protégé is underpinned by Shepard’s citations and lets users securely work with their own documents, trusted LexisNexis content, and leading general AI models to achieve better legal outcomes in an integrated platform that enables greater ease-of-use and less risk from switching between multiple AI t ||| as-is or adapted to firm and department standards, including litigation workflows, transactional workflows, and everyday legal workflows for broader AI tasks via LexisNexis-enhanced general AI models from Anthropic, Google and OpenAI. Examples include drafting a motion to dismiss; generating full dis ||| Included in many LexisNexis solutions SUPPORTING LEGAL PROFESSIONALS Find out more about LexisNexis Protégé LexisNexis Protégé is a personalised AI assistant that reduces repetitive tasks, tackles complex analyses and delivers exceptional work for legal and business professionals. It is uniquely ||| ed on user goals, including reviewing its own work and identifying areas where it can improve its own output. For the customer, this means simplified AI use, accelerated productivity and enhanced value. Protégé can be personalised and grounded in a customer’s own documents and past work product via Do ||| tion; and now agentic AI, which can intelligently and independently perform tasks on a user’s behalf. Features of Protégé include LexisNexis Protégé AI Workflows and LexisNexis Protégé General AI LexisNexis Protégé AI Workflows for legal professionals, introduces pre-built and custom workflows in a ||| onals, introduces pre-built and custom workflows in a new, easy-to-use interface, backed by LexisNexis citable authority. Unlike non-legally grounded AI tools, Protégé workflows revolutionise legal work with an AI infrastructure uniquely designed for rigorous legal standards, helping customers streaml ||| ers can enhance their work with hundreds of trusted workflows that bring together suggested prompts, drafting, review, citation checking, and broader AI capabilities into scalable, repeatable legal processes. The workflows are designed to improve the lives of customers, wherever they work, and whether ||| gé for secure access to general-purpose AI models from multiple providers within the Lexis+ AI workflow solution. As legal work becomes increasingly AI-powered, Protégé General AI offers a unique, privacy-encrypted solution that eliminates the need to switch between tools. With a simple toggle, custo ||| -complexity legal issues or simple topic exploration, everyday tasks, brainstorming, and conversational responses to legal questions. Protégé General AI lets users choose the latest models, including Claude Sonnet 4 from Anthropic and GPT-5, GPT-4o, and o3 from OpenAI. Protégé General AI allows users ||| d was designed for the multi-faceted nature of how lawyers work today. Now with a simple drop-down, legal professionals can switch to Protégé General AI to conduct a wider range of everyday tasks that are powered by the latest models from OpenAI and Anthropic, as well as open-web sources. This additio ||| , as well as open-web sources. This additional capability is integrated into a single environment, allowing legal professionals to select the optimal AI configuration for each task while maintaining the enterprise-grade security, user privacy and reliability that legal work demands. Protégé General A ||| s. Protégé General AI is purpose-built for legal professionals with the highest levels of privacy and flexibility, going beyond what general-purpose AI tools can provide. Protégé has been launched in many specialised solutions: Closd CounselLink+ CourtLink Intelligize+ Jarvis Lex Machina Pate ||| d CounselLink+ CourtLink Intelligize+ Jarvis Lex Machina PatentSight+ Poly Regulatory Compliance Tolley+ Lexis Create+ Protégé API Nexis+ AI SUPPORTING commercial and business research Find out more about Nexis+ AI Nexis+ AI is a new AI-powered platform designed to elevate and accelerat ||| s+ AI is a new AI-powered platform designed to elevate and accelerate corporate research, business development and decision-making functions. Nexis+ AI delivers business decision intelligence from a deep repository of licensed news publications and corporate data on millions of companies worldwide. N ||| ers business decision intelligence from a deep repository of licensed news publications and corporate data on millions of companies worldwide. Nexis+ AI greatly enhances the user’s ability to: Quickly research and analyse business, financial and legal information and news Discover actionable insight ||| es the user’s ability to: Quickly research and analyse business, financial and legal information and news Discover actionable insights using cited, AI-generated responses to research queries Summarise lengthy documents and extract relevant entities and data points Compile and organise content from ||| data points Compile and organise content from various sources Create first draft reports and customisable outlines with a couple of clicks Nexis+ AI queries are run against data and content from trusted, credible publishers which mitigates the risk of AI hallucinations. For greater transparency, a ||| eries are run against data and content from trusted, credible publishers which mitigates the risk of AI hallucinations. For greater transparency, all AI-generated Nexis+ AI results link back to the original documents cited. In addition, all Nexis+ AI sessions are hosted in dedicated, secure cloud env ||| ts. The system purges all uploaded documents, queries, and prompts at the end of each user session, and no data or content is ever used to train core AI models on the open web. Protecting Publisher IP and Revenue Equally important to publishers and content owners is protecting their copyright and in ||| iable data sources. Nexis+ AI seeks to alleviate these concerns through reputable content and by taking a rigorous and transparent approach. Osmosis AI FOR MEDICAL STUDENTS Find out more about Osmosis AI Osmosis AI is the first medical study companion to combine AI-powered conversation with the vi ||| n with the visual learning of Osmosis videos and 140 years of Elsevier clinical expertise – giving students trusted answers they can verify. Osmosis AI combines award-winning Osmosis videos, trusted Elsevier medical content including the most authoritative textbooks across the full curriculum, and re ||| ors. The solution helps medical students ask questions and clarifications without interrupting their study flow or having to open a new page. Osmosis AI also supports faculty by streamlining lesson preparation, saving time for educators facing significant capacity constraints. Powered by Elsevier’s e ||| lesson preparation, saving time for educators facing significant capacity constraints. Powered by Elsevier’s evidence-based medical content, Osmosis AI delivers clear and concise answers users can trust. Every response is fully cited and paired with relevant Osmosis videos to enhance visual learning. ||| orce understanding, helping them absorb complex medical content during times of strenuous mental effort. 74% of today’s medical students already use AI tools. However, many are using generic tools that often lack transparency, accuracy, and educational context, and have been shown to hallucinate clin ||| at often lack transparency, accuracy, and educational context, and have been shown to hallucinate clinical information – these are risks that Osmosis AI was purpose built to prevent: Connects answers directly to Osmosis videos students already rely on Provides clear citations so users can verify sou ||| xplanations aligned with medical curricula and board exams. LeapSpace FOR RESEARCHERS Find out more about LeapSpace LeapSpace is a research-grade AI-assisted workspace that helps academic and corporate scientists uncover deeper insights, accelerate innovation and collaborate seamlessly – in one se ||| community and is already being used by thousands of researchers from the world’s top universities and leading R&D-driven corporations. ScienceDirect AI Now part of LeapSpace Supporting RESEARCHERS Find out more about ScienceDirect AI ScienceDirect AI is a workflow companion that enables researche ||| trusted evidence from deep within the peer-reviewed literature. It makes knowledge discovery more efficient, practical and rewarding. ScienceDirect AI finds meaningful and citable responses exclusively from millions of high-quality, peer-reviewed, full-text research articles and book chapters.​ Unli ||| s exclusively from millions of high-quality, peer-reviewed, full-text research articles and book chapters.​ Unlike conventional search, ScienceDirect AI uses inbuilt intelligence to understand the logic behind a query. The responses come from deep within the full-text, giving more in-depth information ||| text, giving more in-depth information and richer details. Ensuring traceability and reproducibility is a must for research integrity. ScienceDirect AI includes clear citations and direct links to the original source material.​ Every response presented is instantly verifiable. Comparing and synthesi ||| nal source material.​ Every response presented is instantly verifiable. Comparing and synthesising literature can be a laborious task. ScienceDirect AI accelerates and enhances the process by providing a unique Compare Experiments tool. ​For relevant references, ScienceDirect AI can be used to extrac ||| really matter and arrange them in a table – paper by paper, experiment by experiment. As you drill further down into an investigation, ScienceDirect AI’s Reading Assistant appears alongside the text of an article or book chapter. It is possible to chat with it and interrogate the document, pinpoint a ||| s. Follow-up questions can be asked, and then more follow-up questions. Queries are always saved, so it is never needed to start over. ScienceDirect AI has been designed with the real needs of researchers in mind. From hundreds of hours of interviews, through development testing with more than 70 ins ||| hours of interviews, through development testing with more than 70 institutions and over 30,000 users across the globe, every aspect of ScienceDirect AI can be traced back to a pain point you have told us about. Reaxys FOR RESEARCHERS Find out more about Reaxys Reaxys is a comprehensive chemical d ||| ind out more about Reaxys Reaxys is a comprehensive chemical database and chemistry search engine that combines a billion chemistry data points with AI search and retrosynthesis tools. Reaxys helps chemists accelerate synthesis planning, competitive analysis and the DMTA cycle. Reaxys integrates an ||| ve analysis and the DMTA cycle. Reaxys integrates an extensive dataset of chemical reactions, compounds, patents and bioactivity data with intuitive AI-powered search and summarisation tools. This enables chemists to access actionable insights at every stage of the discovery process, supporting faste ||| data and explore structure-activity relationships - supporting confident research decisions at every step. By centralising trusted data and advanced AI technology, Reaxys ensures chemists can interrogate chemical reactions, target affinities and substance properties with speed and reliability. Reaxy ||| hers access and apply information from US Food and Drug Administration (FDA) and European Medicines Agency (EMA) regulatory documents. PharmaPendium AI, layered on top of PharmaPendium, the company’s trusted regulatory tool, delivers citation-backed answers to complex regulatory questions in seconds, ||| n, potentially resulting in hundreds of hours saved each year. By accelerating access to regulatory precedent and reviewer commentary, PharmaPendium AI helps pharmaceutical and life sciences companies anticipate regulatory concerns and strengthen evidence-backed planning across the drug development l ||| cal and life sciences companies anticipate regulatory concerns and strengthen evidence-backed planning across the drug development lifecycle. Scopus AI Supporting RESEARCHERS Find out more about Scopus AI Scopus AI is a next-generation tool that combines Elsevier’s Scopus, an expertly curated abst ||| ant challenges and complexity in their daily work, including an ever-growing volume of data, prevalent misinformation and increasing workloads.Scopus AI helps them understand and explore a particular topic quickly, make connections across disciplines and collaborate with others to ensure the research ||| e content, but they also have shortcomings such as lack of transparency and hallucinations which can undermine trust in the results delivered. Scopus AI provides easy to read digestible summaries, with links to research papers and the ability to go deeper in seconds. Notably, our advanced prompt engin ||| de easy access for all users regardless of their technical background, finding insights faster, and increasing confidence in decision-making. Embase AI has been built in partnership with the research community to help users more easily discover, analyse and synthesise research using trusted data powe ||| g the risk of missing vital insights. Grounded on the Embase database, which has been trusted by researchers globally for more than 50 years, Embase AI searches the entire content corpus in real time, including peer-reviewed research, clinical trials, preprints and conference abstracts, to deliver re ||| uding peer-reviewed research, clinical trials, preprints and conference abstracts, to deliver results based on the most recent data available. Embase AI uses a two-stage ranking system to generate a summarised response with inline citations to ensure transparency. The advanced solution, which is updat ||| ich is updated daily, relies on a (human) curated hierarchy of medical concepts and synonyms, making its results precise and easy to explain. Embase AI is part of a series of solutions from Elsevier that have been built in partnership with the research community to help users more easily discover, an ||| ands on clinicians’ time, further amplifying the need for quick and secure access to accurate, trusted information at the point of care. ClinicalKey AI addresses this challenge by leveraging a sophisticated and personalised conversational search interface to help clinicians find accurate, succinct cl ||| reshed evidence-based research to help clinicians in offering optimal patient experiences whether in a small clinic or a large hospital. ClinicalKey AI’s search interface includes the following features: Optimised for natural language queries; Accurate information from multiple evidence-based conte ||| on they are using. Elsevier Health and OpenEvidence collaborated with Cone Health and the University of New Mexico on the development of ClinicalKey AI; the underlying technology of ClinicalKey AI was tested by more than 30,000 physicians across the US before the product was launched. ClinicalKey AI ||| y more than 30,000 physicians across the US before the product was launched. ClinicalKey AI is available in many markets across the world. Sherpath AI SUPPORTING NURSING STUDENTS AND EDUCATORS Find out more about Sherpath AI Sherpath AI is a conversational tool for nursing students and educators. ||| offering a beneficial aid for students and nurse educators navigating courses, exam preparation, and the transition into clinical practice. The new AI solution was created in direct response to critical needs highlighted by the nursing educational community, including the demand for reliable study r ||| ources, improved student engagement with course materials, and driving capacity and effectiveness in the face of resource constraints. With Sherpath AI, nursing students can ask questions with natural language in the same way they would speak to a trusted tutor or expert. The tool provides verified n ||| of healthcare professionals. SciBite Chat Supporting Life Sciences Research & Development Find out more about SciBite Chat SciBite Chat is a new AI-powered tool built atop SciBite Search, SciBite’s award-winning platform. SciBite Chat uniquely combines the strength of semantic search for accurat ||| ise, to deliver short summaries, precise charts or detailed reports in a variety of languages. Leveraging over 500m data points, Ask ICIS is the only AI solution with access to exclusive, timely market insights and global content published by our market editors and analysts, underpinned by respected c ||| ant designed speciﬁcally to give airlines and airports meaningful insight into their on-time performance (OTP). It is the ﬁrst of Cirium’s generative AI assistants and is designed to supplement the analysis of Cirium’s monthly 'On-Time Performance' report. The AI assistant empowers anyone connected t ||| can show a carrier’s ability to recover from disruption and maintain a high level of on-time performance. One of the key features of the OTP Awards AI is its ability for airlines and airports to compare their performance with that of their peers. The OTP Awards AI is the ﬁrst of several assistants t ||| offers HR professionals fast, reliable and precise answers to complex HR and employment compliance queries. By combining the speed and efficiency of AI with the trusted expertise of the extensive content library of the HR & Compliance Centre, AI Assist simplifies research and decision making, empower ||| s authored by over 29 in-house specialists in consultation with over 130 external experts, many from more than 40 leading employment law firms. With AI Assist, answers are generated based on the latest legal standards and best practices, giving HR teams the confidence they need to navigate ever-chang ||| sponse easy to validate, as well as unlocking additional resources and guidance enabling HR professionals to make well-informed decisions with ease. AI Assist: Saves time: with AI Assist, HR professionals can focus on higher-value tasks instead of spending hours searching for relevant and trustworth ||| s a conversational tool for nursing students and educators. The tool integrates Elsevier's trusted nursing education content with advanced generative artificial intelligence, offering a beneficial aid for students and nurse educators navigating courses, exam preparation, and the transition into clinical practice. The new",no,no,vague_general_ai_reference,DUPG-054,rejected,correct,"REVIEW: does not belong in rejected as a single vague-reference row. The automated engine consolidated 86 passages from this page into one row and classified it as vague/general, but direct review of the full source page (fetched and read in full this session) shows it describes numerous distinct, commercially-available, live generative-AI products serving different professional customer segments. Four of the clearest, most concretely evidenced and most distinct are corrected and promoted to operational as REL-OP-001 through REL-OP-004 (Lexis+ with Protege for legal professionals; PharmaPendium AI for regulatory intelligence; ClinicalKey AI for clinicians; Ask ICIS for commodities/energy markets). The page also describes several further similar named products (LexisNexis Protege, Nexis+ AI, Osmosis AI, LeapSpace, ScienceDirect AI, Reaxys, Scopus AI, Embase AI, Sherpath AI, SciBite Chat, OTP Awards AI, AI Assist) not separately coded this round due to scope -- flagged for future review, not merged into the four coded rows and not treated as confirmed absent further coding."
